ISO-10303-21;
HEADER;
/* Generated by software containing ST-Developer
 * from STEP Tools, Inc. (www.steptools.com) 
 */

FILE_DESCRIPTION(
/* description */ (''),
/* implementation_level */ '2;1');

FILE_NAME(
/* name */ 'PlaceHolder.step',
/* time_stamp */ '2025-11-10T16:54:11-05:00',
/* author */ (''),
/* organization */ (''),
/* preprocessor_version */ 'ST-DEVELOPER v20.1',
/* originating_system */ 'Autodesk Translation Framework v14.17.0.0',
/* authorisation */ '');

FILE_SCHEMA (('AUTOMOTIVE_DESIGN { 1 0 10303 214 3 1 1 }'));
ENDSEC;

DATA;
#10=MECHANICAL_DESIGN_GEOMETRIC_PRESENTATION_REPRESENTATION('',(#433,#434,
#435,#436,#437,#438,#439,#440,#441,#442,#443),#7796);
#11=SHAPE_REPRESENTATION_RELATIONSHIP('SRR','None',#7806,#12);
#12=ADVANCED_BREP_SHAPE_REPRESENTATION('',(#444,#445,#446,#447,#448,#449,
#450,#451,#452,#453,#454),#7795);
#13=FACE_BOUND('',#724,.T.);
#14=FACE_BOUND('',#726,.T.);
#15=FACE_BOUND('',#750,.T.);
#16=FACE_BOUND('',#752,.T.);
#17=FACE_BOUND('',#774,.T.);
#18=FACE_BOUND('',#776,.T.);
#19=FACE_BOUND('',#818,.T.);
#20=FACE_BOUND('',#820,.T.);
#21=FACE_BOUND('',#859,.T.);
#22=FACE_BOUND('',#861,.T.);
#23=FACE_BOUND('',#882,.T.);
#24=FACE_BOUND('',#884,.T.);
#25=B_SPLINE_CURVE_WITH_KNOTS('',3,(#4383,#4384,#4385,#4386,#4387),
 .UNSPECIFIED.,.F.,.F.,(4,1,4),(0.,0.116800413000453,0.223882689669218),
 .UNSPECIFIED.);
#26=B_SPLINE_CURVE_WITH_KNOTS('',3,(#4389,#4390,#4391,#4392,#4393),
 .UNSPECIFIED.,.F.,.F.,(4,1,4),(-0.223882689669218,-0.116800413000453,0.),
 .UNSPECIFIED.);
#27=B_SPLINE_CURVE_WITH_KNOTS('',3,(#4406,#4407,#4408,#4409,#4410),
 .UNSPECIFIED.,.F.,.F.,(4,1,4),(0.,0.105198236815844,0.216093428304519),
 .UNSPECIFIED.);
#28=B_SPLINE_CURVE_WITH_KNOTS('',3,(#4412,#4413,#4414,#4415,#4416),
 .UNSPECIFIED.,.F.,.F.,(4,1,4),(-0.216093428304519,-0.105198236815844,0.),
 .UNSPECIFIED.);
#29=B_SPLINE_CURVE_WITH_KNOTS('',3,(#4429,#4430,#4431,#4432,#4433),
 .UNSPECIFIED.,.F.,.F.,(4,1,4),(0.,0.136410928715122,0.264304122441134),
 .UNSPECIFIED.);
#30=B_SPLINE_CURVE_WITH_KNOTS('',3,(#4435,#4436,#4437,#4438,#4439),
 .UNSPECIFIED.,.F.,.F.,(4,1,4),(-0.264304122441134,-0.136410928715122,0.),
 .UNSPECIFIED.);
#31=B_SPLINE_CURVE_WITH_KNOTS('',3,(#4452,#4453,#4454,#4455,#4456),
 .UNSPECIFIED.,.F.,.F.,(4,1,4),(0.,0.136417303981798,0.298509531868099),
 .UNSPECIFIED.);
#32=B_SPLINE_CURVE_WITH_KNOTS('',3,(#4458,#4459,#4460,#4461,#4462),
 .UNSPECIFIED.,.F.,.F.,(4,1,4),(-0.298509531868099,-0.136417303981798,0.),
 .UNSPECIFIED.);
#33=B_SPLINE_CURVE_WITH_KNOTS('',3,(#4475,#4476,#4477,#4478,#4479),
 .UNSPECIFIED.,.F.,.F.,(4,1,4),(0.,0.110505719129369,0.210269384049758),
 .UNSPECIFIED.);
#34=B_SPLINE_CURVE_WITH_KNOTS('',3,(#4481,#4482,#4483,#4484,#4485),
 .UNSPECIFIED.,.F.,.F.,(4,1,4),(-0.210269384049758,-0.110505719129369,0.),
 .UNSPECIFIED.);
#35=B_SPLINE_CURVE_WITH_KNOTS('',3,(#4498,#4499,#4500,#4501,#4502),
 .UNSPECIFIED.,.F.,.F.,(4,1,4),(0.,0.0913491716060468,0.179904172877708),
 .UNSPECIFIED.);
#36=B_SPLINE_CURVE_WITH_KNOTS('',3,(#4504,#4505,#4506,#4507,#4508),
 .UNSPECIFIED.,.F.,.F.,(4,1,4),(-0.179904172877708,-0.0913491716060468,
0.),.UNSPECIFIED.);
#37=B_SPLINE_CURVE_WITH_KNOTS('',3,(#4521,#4522,#4523,#4524,#4525),
 .UNSPECIFIED.,.F.,.F.,(4,1,4),(0.,0.0893531326253652,0.180047610404811),
 .UNSPECIFIED.);
#38=B_SPLINE_CURVE_WITH_KNOTS('',3,(#4527,#4528,#4529,#4530,#4531),
 .UNSPECIFIED.,.F.,.F.,(4,1,4),(-0.180047610404811,-0.0893531326253652,
0.),.UNSPECIFIED.);
#39=B_SPLINE_CURVE_WITH_KNOTS('',3,(#4544,#4545,#4546,#4547,#4548),
 .UNSPECIFIED.,.F.,.F.,(4,1,4),(0.,0.108379734162741,0.205209256966911),
 .UNSPECIFIED.);
#40=B_SPLINE_CURVE_WITH_KNOTS('',3,(#4550,#4551,#4552,#4553,#4554),
 .UNSPECIFIED.,.F.,.F.,(4,1,4),(-0.205209256966911,-0.108379734162741,0.),
 .UNSPECIFIED.);
#41=B_SPLINE_CURVE_WITH_KNOTS('',3,(#4567,#4568,#4569,#4570,#4571),
 .UNSPECIFIED.,.F.,.F.,(4,1,4),(0.,0.0949702626754556,0.198312778127165),
 .UNSPECIFIED.);
#42=B_SPLINE_CURVE_WITH_KNOTS('',3,(#4573,#4574,#4575,#4576,#4577),
 .UNSPECIFIED.,.F.,.F.,(4,1,4),(-0.198312778127165,-0.0949702626754556,
0.),.UNSPECIFIED.);
#43=B_SPLINE_CURVE_WITH_KNOTS('',3,(#4596,#4597,#4598,#4599,#4600),
 .UNSPECIFIED.,.F.,.F.,(4,1,4),(0.,0.0682235763332817,0.127046414891061),
 .UNSPECIFIED.);
#44=B_SPLINE_CURVE_WITH_KNOTS('',3,(#4602,#4603,#4604,#4605,#4606),
 .UNSPECIFIED.,.F.,.F.,(4,1,4),(-0.127046414891061,-0.0682235763332817,
0.),.UNSPECIFIED.);
#45=B_SPLINE_CURVE_WITH_KNOTS('',3,(#4619,#4620,#4621,#4622,#4623),
 .UNSPECIFIED.,.F.,.F.,(4,1,4),(0.,0.0552808158508135,0.112937610413338),
 .UNSPECIFIED.);
#46=B_SPLINE_CURVE_WITH_KNOTS('',3,(#4625,#4626,#4627,#4628,#4629),
 .UNSPECIFIED.,.F.,.F.,(4,1,4),(-0.112937610413338,-0.0552808158508135,
0.),.UNSPECIFIED.);
#47=B_SPLINE_CURVE_WITH_KNOTS('',3,(#4642,#4643,#4644,#4645,#4646),
 .UNSPECIFIED.,.F.,.F.,(4,1,4),(0.,0.0857658565317323,0.169100103227438),
 .UNSPECIFIED.);
#48=B_SPLINE_CURVE_WITH_KNOTS('',3,(#4648,#4649,#4650,#4651,#4652),
 .UNSPECIFIED.,.F.,.F.,(4,1,4),(-0.169100103227438,-0.0857658565317323,
0.),.UNSPECIFIED.);
#49=B_SPLINE_CURVE_WITH_KNOTS('',3,(#4665,#4666,#4667,#4668,#4669),
 .UNSPECIFIED.,.F.,.F.,(4,1,4),(0.,0.0963199354083992,0.221829404805087),
 .UNSPECIFIED.);
#50=B_SPLINE_CURVE_WITH_KNOTS('',3,(#4671,#4672,#4673,#4674,#4675),
 .UNSPECIFIED.,.F.,.F.,(4,1,4),(-0.221829404805087,-0.0963199354083992,
0.),.UNSPECIFIED.);
#51=B_SPLINE_CURVE_WITH_KNOTS('',3,(#4688,#4689,#4690,#4691,#4692),
 .UNSPECIFIED.,.F.,.F.,(4,1,4),(0.,0.126892952175193,0.2227587419286),
 .UNSPECIFIED.);
#52=B_SPLINE_CURVE_WITH_KNOTS('',3,(#4694,#4695,#4696,#4697,#4698),
 .UNSPECIFIED.,.F.,.F.,(4,1,4),(-0.2227587419286,-0.126892952175193,0.),
 .UNSPECIFIED.);
#53=B_SPLINE_CURVE_WITH_KNOTS('',3,(#4711,#4712,#4713,#4714,#4715),
 .UNSPECIFIED.,.F.,.F.,(4,1,4),(0.,0.0814118910097339,0.164650963507745),
 .UNSPECIFIED.);
#54=B_SPLINE_CURVE_WITH_KNOTS('',3,(#4717,#4718,#4719,#4720,#4721),
 .UNSPECIFIED.,.F.,.F.,(4,1,4),(-0.164650963507745,-0.0814118910097339,
0.),.UNSPECIFIED.);
#55=B_SPLINE_CURVE_WITH_KNOTS('',3,(#4734,#4735,#4736,#4737,#4738),
 .UNSPECIFIED.,.F.,.F.,(4,1,4),(0.,0.0673080650434503,0.131114927540538),
 .UNSPECIFIED.);
#56=B_SPLINE_CURVE_WITH_KNOTS('',3,(#4740,#4741,#4742,#4743,#4744),
 .UNSPECIFIED.,.F.,.F.,(4,1,4),(-0.131114927540538,-0.0673080650434503,
0.),.UNSPECIFIED.);
#57=B_SPLINE_CURVE_WITH_KNOTS('',3,(#4756,#4757,#4758,#4759,#4760),
 .UNSPECIFIED.,.F.,.F.,(4,1,4),(0.,0.0688433320434501,0.15197563632297),
 .UNSPECIFIED.);
#58=B_SPLINE_CURVE_WITH_KNOTS('',3,(#4761,#4762,#4763,#4764,#4765),
 .UNSPECIFIED.,.F.,.F.,(4,1,4),(-0.15197563632297,-0.0688433320434501,0.),
 .UNSPECIFIED.);
#59=B_SPLINE_CURVE_WITH_KNOTS('',3,(#4800,#4801,#4802,#4803,#4804),
 .UNSPECIFIED.,.F.,.F.,(4,1,4),(0.,0.0758450838709361,0.129003273216928),
 .UNSPECIFIED.);
#60=B_SPLINE_CURVE_WITH_KNOTS('',3,(#4806,#4807,#4808,#4809,#4810),
 .UNSPECIFIED.,.F.,.F.,(4,1,4),(-0.129003273216928,-0.0758450838709361,
0.),.UNSPECIFIED.);
#61=B_SPLINE_CURVE_WITH_KNOTS('',3,(#4823,#4824,#4825,#4826,#4827),
 .UNSPECIFIED.,.F.,.F.,(4,1,4),(0.,0.0419024129971148,0.0835727609932963),
 .UNSPECIFIED.);
#62=B_SPLINE_CURVE_WITH_KNOTS('',3,(#4829,#4830,#4831,#4832,#4833),
 .UNSPECIFIED.,.F.,.F.,(4,1,4),(-0.0835727609932963,-0.0419024129971148,
0.),.UNSPECIFIED.);
#63=B_SPLINE_CURVE_WITH_KNOTS('',3,(#4846,#4847,#4848,#4849,#4850),
 .UNSPECIFIED.,.F.,.F.,(4,1,4),(0.,0.0634098989451877,0.133652248395737),
 .UNSPECIFIED.);
#64=B_SPLINE_CURVE_WITH_KNOTS('',3,(#4852,#4853,#4854,#4855,#4856),
 .UNSPECIFIED.,.F.,.F.,(4,1,4),(-0.133652248395737,-0.0634098989451877,
0.),.UNSPECIFIED.);
#65=B_SPLINE_CURVE_WITH_KNOTS('',3,(#4875,#4876,#4877,#4878,#4879),
 .UNSPECIFIED.,.F.,.F.,(4,1,4),(0.,0.0492808109777813,0.094824690734773),
 .UNSPECIFIED.);
#66=B_SPLINE_CURVE_WITH_KNOTS('',3,(#4881,#4882,#4883,#4884,#4885),
 .UNSPECIFIED.,.F.,.F.,(4,1,4),(-0.094824690734773,-0.0492808109777813,
0.),.UNSPECIFIED.);
#67=B_SPLINE_CURVE_WITH_KNOTS('',3,(#4898,#4899,#4900,#4901,#4902),
 .UNSPECIFIED.,.F.,.F.,(4,1,4),(0.,0.0387056159820616,0.0773752382821792),
 .UNSPECIFIED.);
#68=B_SPLINE_CURVE_WITH_KNOTS('',3,(#4904,#4905,#4906,#4907,#4908),
 .UNSPECIFIED.,.F.,.F.,(4,1,4),(-0.0773752382821792,-0.0387056159820616,
0.),.UNSPECIFIED.);
#69=B_SPLINE_CURVE_WITH_KNOTS('',3,(#4921,#4922,#4923,#4924,#4925),
 .UNSPECIFIED.,.F.,.F.,(4,1,4),(0.,0.0398964598349782,0.0823392680867513),
 .UNSPECIFIED.);
#70=B_SPLINE_CURVE_WITH_KNOTS('',3,(#4927,#4928,#4929,#4930,#4931),
 .UNSPECIFIED.,.F.,.F.,(4,1,4),(-0.0823392680867513,-0.0398964598349782,
0.),.UNSPECIFIED.);
#71=B_SPLINE_CURVE_WITH_KNOTS('',3,(#4944,#4945,#4946,#4947,#4948),
 .UNSPECIFIED.,.F.,.F.,(4,1,4),(0.,0.0703042593872013,0.145229248107798),
 .UNSPECIFIED.);
#72=B_SPLINE_CURVE_WITH_KNOTS('',3,(#4950,#4951,#4952,#4953,#4954),
 .UNSPECIFIED.,.F.,.F.,(4,1,4),(-0.145229248107798,-0.0703042593872013,
0.),.UNSPECIFIED.);
#73=B_SPLINE_CURVE_WITH_KNOTS('',3,(#4979,#4980,#4981,#4982,#4983),
 .UNSPECIFIED.,.F.,.F.,(4,1,4),(0.,0.12271061457992,0.220727655617624),
 .UNSPECIFIED.);
#74=B_SPLINE_CURVE_WITH_KNOTS('',3,(#4987,#4988,#4989,#4990,#4991),
 .UNSPECIFIED.,.F.,.F.,(4,1,4),(-0.220727655617624,-0.12271061457992,0.),
 .UNSPECIFIED.);
#75=B_SPLINE_CURVE_WITH_KNOTS('',3,(#5004,#5005,#5006,#5007,#5008),
 .UNSPECIFIED.,.F.,.F.,(4,1,4),(0.,0.0860660038822717,0.172133887146565),
 .UNSPECIFIED.);
#76=B_SPLINE_CURVE_WITH_KNOTS('',3,(#5010,#5011,#5012,#5013,#5014),
 .UNSPECIFIED.,.F.,.F.,(4,1,4),(-0.172133887146565,-0.0860660038822717,
0.),.UNSPECIFIED.);
#77=B_SPLINE_CURVE_WITH_KNOTS('',3,(#5027,#5028,#5029,#5030,#5031),
 .UNSPECIFIED.,.F.,.F.,(4,1,4),(0.,0.085583621559191,0.171668633484847),
 .UNSPECIFIED.);
#78=B_SPLINE_CURVE_WITH_KNOTS('',3,(#5033,#5034,#5035,#5036,#5037),
 .UNSPECIFIED.,.F.,.F.,(4,1,4),(-0.171668633484847,-0.085583621559191,0.),
 .UNSPECIFIED.);
#79=B_SPLINE_CURVE_WITH_KNOTS('',3,(#5050,#5051,#5052,#5053,#5054),
 .UNSPECIFIED.,.F.,.F.,(4,1,4),(0.,0.0990004757664816,0.224336489623092),
 .UNSPECIFIED.);
#80=B_SPLINE_CURVE_WITH_KNOTS('',3,(#5056,#5057,#5058,#5059,#5060),
 .UNSPECIFIED.,.F.,.F.,(4,1,4),(-0.224336489623092,-0.0990004757664816,
0.),.UNSPECIFIED.);
#81=B_SPLINE_CURVE_WITH_KNOTS('',3,(#5073,#5074,#5075,#5076,#5077),
 .UNSPECIFIED.,.F.,.F.,(4,1,4),(0.,0.119166240660259,0.216247478930057),
 .UNSPECIFIED.);
#82=B_SPLINE_CURVE_WITH_KNOTS('',3,(#5079,#5080,#5081,#5082,#5083),
 .UNSPECIFIED.,.F.,.F.,(4,1,4),(-0.216247478930057,-0.119166240660259,0.),
 .UNSPECIFIED.);
#83=B_SPLINE_CURVE_WITH_KNOTS('',3,(#5096,#5097,#5098,#5099,#5100),
 .UNSPECIFIED.,.F.,.F.,(4,1,4),(0.,0.0859975646817712,0.171146444233212),
 .UNSPECIFIED.);
#84=B_SPLINE_CURVE_WITH_KNOTS('',3,(#5102,#5103,#5104,#5105,#5106),
 .UNSPECIFIED.,.F.,.F.,(4,1,4),(-0.171146444233212,-0.0859975646817712,
0.),.UNSPECIFIED.);
#85=B_SPLINE_CURVE_WITH_KNOTS('',3,(#5119,#5120,#5121,#5122,#5123),
 .UNSPECIFIED.,.F.,.F.,(4,1,4),(0.,0.0860507454056625,0.171962382112985),
 .UNSPECIFIED.);
#86=B_SPLINE_CURVE_WITH_KNOTS('',3,(#5125,#5126,#5127,#5128,#5129),
 .UNSPECIFIED.,.F.,.F.,(4,1,4),(-0.171962382112985,-0.0860507454056625,
0.),.UNSPECIFIED.);
#87=B_SPLINE_CURVE_WITH_KNOTS('',3,(#5141,#5142,#5143,#5144,#5145),
 .UNSPECIFIED.,.F.,.F.,(4,1,4),(0.,0.0977904038692483,0.22041649885095),
 .UNSPECIFIED.);
#88=B_SPLINE_CURVE_WITH_KNOTS('',3,(#5146,#5147,#5148,#5149,#5150),
 .UNSPECIFIED.,.F.,.F.,(4,1,4),(-0.22041649885095,-0.0977904038692483,0.),
 .UNSPECIFIED.);
#89=B_SPLINE_CURVE_WITH_KNOTS('',3,(#5163,#5164,#5165,#5166,#5167),
 .UNSPECIFIED.,.F.,.F.,(4,1,4),(0.,0.177490184309849,0.326456050824128),
 .UNSPECIFIED.);
#90=B_SPLINE_CURVE_WITH_KNOTS('',3,(#5171,#5172,#5173,#5174,#5175),
 .UNSPECIFIED.,.F.,.F.,(4,1,4),(-0.326456050824128,-0.177490184309849,0.),
 .UNSPECIFIED.);
#91=B_SPLINE_CURVE_WITH_KNOTS('',3,(#5188,#5189,#5190,#5191,#5192),
 .UNSPECIFIED.,.F.,.F.,(4,1,4),(0.,0.120068558324788,0.245931875125109),
 .UNSPECIFIED.);
#92=B_SPLINE_CURVE_WITH_KNOTS('',3,(#5194,#5195,#5196,#5197,#5198),
 .UNSPECIFIED.,.F.,.F.,(4,1,4),(-0.245931875125109,-0.120068558324788,0.),
 .UNSPECIFIED.);
#93=B_SPLINE_CURVE_WITH_KNOTS('',3,(#5211,#5212,#5213,#5214,#5215),
 .UNSPECIFIED.,.F.,.F.,(4,1,4),(0.,0.138036444048282,0.269104601264578),
 .UNSPECIFIED.);
#94=B_SPLINE_CURVE_WITH_KNOTS('',3,(#5217,#5218,#5219,#5220,#5221),
 .UNSPECIFIED.,.F.,.F.,(4,1,4),(-0.269104601264578,-0.138036444048282,0.),
 .UNSPECIFIED.);
#95=B_SPLINE_CURVE_WITH_KNOTS('',3,(#5234,#5235,#5236,#5237,#5238),
 .UNSPECIFIED.,.F.,.F.,(4,1,4),(0.,0.136642542620339,0.292480812439635),
 .UNSPECIFIED.);
#96=B_SPLINE_CURVE_WITH_KNOTS('',3,(#5240,#5241,#5242,#5243,#5244),
 .UNSPECIFIED.,.F.,.F.,(4,1,4),(-0.292480812439635,-0.136642542620339,0.),
 .UNSPECIFIED.);
#97=B_SPLINE_CURVE_WITH_KNOTS('',3,(#5257,#5258,#5259,#5260,#5261),
 .UNSPECIFIED.,.F.,.F.,(4,1,4),(0.,0.125449543319026,0.225668165077301),
 .UNSPECIFIED.);
#98=B_SPLINE_CURVE_WITH_KNOTS('',3,(#5263,#5264,#5265,#5266,#5267),
 .UNSPECIFIED.,.F.,.F.,(4,1,4),(-0.225668165077301,-0.125449543319026,0.),
 .UNSPECIFIED.);
#99=B_SPLINE_CURVE_WITH_KNOTS('',3,(#5280,#5281,#5282,#5283,#5284),
 .UNSPECIFIED.,.F.,.F.,(4,1,4),(0.,0.0879380748237578,0.176460667873253),
 .UNSPECIFIED.);
#100=B_SPLINE_CURVE_WITH_KNOTS('',3,(#5286,#5287,#5288,#5289,#5290),
 .UNSPECIFIED.,.F.,.F.,(4,1,4),(-0.176460667873253,-0.0879380748237578,
0.),.UNSPECIFIED.);
#101=B_SPLINE_CURVE_WITH_KNOTS('',3,(#5303,#5304,#5305,#5306,#5307),
 .UNSPECIFIED.,.F.,.F.,(4,1,4),(0.,0.0902409083309143,0.182131411921893),
 .UNSPECIFIED.);
#102=B_SPLINE_CURVE_WITH_KNOTS('',3,(#5309,#5310,#5311,#5312,#5313),
 .UNSPECIFIED.,.F.,.F.,(4,1,4),(-0.182131411921893,-0.0902409083309143,
0.),.UNSPECIFIED.);
#103=B_SPLINE_CURVE_WITH_KNOTS('',3,(#5326,#5327,#5328,#5329,#5330),
 .UNSPECIFIED.,.F.,.F.,(4,1,4),(0.,0.139785415329191,0.270639886216019),
 .UNSPECIFIED.);
#104=B_SPLINE_CURVE_WITH_KNOTS('',3,(#5332,#5333,#5334,#5335,#5336),
 .UNSPECIFIED.,.F.,.F.,(4,1,4),(-0.270639886216019,-0.139785415329191,0.),
 .UNSPECIFIED.);
#105=B_SPLINE_CURVE_WITH_KNOTS('',3,(#5348,#5349,#5350,#5351,#5352),
 .UNSPECIFIED.,.F.,.F.,(4,1,4),(0.,0.138368560965036,0.30218660062969),
 .UNSPECIFIED.);
#106=B_SPLINE_CURVE_WITH_KNOTS('',3,(#5353,#5354,#5355,#5356,#5357),
 .UNSPECIFIED.,.F.,.F.,(4,1,4),(-0.30218660062969,-0.138368560965036,0.),
 .UNSPECIFIED.);
#107=B_SPLINE_CURVE_WITH_KNOTS('',3,(#5372,#5373,#5374,#5375,#5376),
 .UNSPECIFIED.,.F.,.F.,(4,1,4),(0.,0.122563773094181,0.21964780573208),
 .UNSPECIFIED.);
#108=B_SPLINE_CURVE_WITH_KNOTS('',3,(#5380,#5381,#5382,#5383,#5384),
 .UNSPECIFIED.,.F.,.F.,(4,1,4),(-0.21964780573208,-0.122563773094181,0.),
 .UNSPECIFIED.);
#109=B_SPLINE_CURVE_WITH_KNOTS('',3,(#5397,#5398,#5399,#5400,#5401),
 .UNSPECIFIED.,.F.,.F.,(4,1,4),(0.,0.0822784714798967,0.158823694328024),
 .UNSPECIFIED.);
#110=B_SPLINE_CURVE_WITH_KNOTS('',3,(#5403,#5404,#5405,#5406,#5407),
 .UNSPECIFIED.,.F.,.F.,(4,1,4),(-0.158823694328024,-0.0822784714798967,
0.),.UNSPECIFIED.);
#111=B_SPLINE_CURVE_WITH_KNOTS('',3,(#5420,#5421,#5422,#5423,#5424),
 .UNSPECIFIED.,.F.,.F.,(4,1,4),(0.,0.0762921487344309,0.155865336381356),
 .UNSPECIFIED.);
#112=B_SPLINE_CURVE_WITH_KNOTS('',3,(#5426,#5427,#5428,#5429,#5430),
 .UNSPECIFIED.,.F.,.F.,(4,1,4),(-0.155865336381356,-0.0762921487344309,
0.),.UNSPECIFIED.);
#113=B_SPLINE_CURVE_WITH_KNOTS('',3,(#5443,#5444,#5445,#5446,#5447),
 .UNSPECIFIED.,.F.,.F.,(4,1,4),(0.,0.0933058877858751,0.211985850366961),
 .UNSPECIFIED.);
#114=B_SPLINE_CURVE_WITH_KNOTS('',3,(#5449,#5450,#5451,#5452,#5453),
 .UNSPECIFIED.,.F.,.F.,(4,1,4),(-0.211985850366961,-0.0933058877858751,
0.),.UNSPECIFIED.);
#115=B_SPLINE_CURVE_WITH_KNOTS('',3,(#5466,#5467,#5468,#5469,#5470),
 .UNSPECIFIED.,.F.,.F.,(4,1,4),(0.,0.129814257213932,0.229044933914435),
 .UNSPECIFIED.);
#116=B_SPLINE_CURVE_WITH_KNOTS('',3,(#5472,#5473,#5474,#5475,#5476),
 .UNSPECIFIED.,.F.,.F.,(4,1,4),(-0.229044933914435,-0.129814257213932,0.),
 .UNSPECIFIED.);
#117=B_SPLINE_CURVE_WITH_KNOTS('',3,(#5489,#5490,#5491,#5492,#5493),
 .UNSPECIFIED.,.F.,.F.,(4,1,4),(0.,0.0826008469999665,0.161846474896187),
 .UNSPECIFIED.);
#118=B_SPLINE_CURVE_WITH_KNOTS('',3,(#5495,#5496,#5497,#5498,#5499),
 .UNSPECIFIED.,.F.,.F.,(4,1,4),(-0.161846474896187,-0.0826008469999665,
0.),.UNSPECIFIED.);
#119=B_SPLINE_CURVE_WITH_KNOTS('',3,(#5512,#5513,#5514,#5515,#5516),
 .UNSPECIFIED.,.F.,.F.,(4,1,4),(0.,0.0770146633715462,0.156536090847859),
 .UNSPECIFIED.);
#120=B_SPLINE_CURVE_WITH_KNOTS('',3,(#5518,#5519,#5520,#5521,#5522),
 .UNSPECIFIED.,.F.,.F.,(4,1,4),(-0.156536090847859,-0.0770146633715462,
0.),.UNSPECIFIED.);
#121=B_SPLINE_CURVE_WITH_KNOTS('',3,(#5534,#5535,#5536,#5537,#5538),
 .UNSPECIFIED.,.F.,.F.,(4,1,4),(0.,0.0955318199450866,0.221039692095668),
 .UNSPECIFIED.);
#122=B_SPLINE_CURVE_WITH_KNOTS('',3,(#5539,#5540,#5541,#5542,#5543),
 .UNSPECIFIED.,.F.,.F.,(4,1,4),(-0.221039692095668,-0.0955318199450866,
0.),.UNSPECIFIED.);
#123=B_SPLINE_CURVE_WITH_KNOTS('',3,(#5564,#5565,#5566,#5567,#5568),
 .UNSPECIFIED.,.F.,.F.,(4,1,4),(0.,0.117456585213812,0.238094829763473),
 .UNSPECIFIED.);
#124=B_SPLINE_CURVE_WITH_KNOTS('',3,(#5570,#5571,#5572,#5573,#5574),
 .UNSPECIFIED.,.F.,.F.,(4,1,4),(-0.238094829763473,-0.117456585213812,0.),
 .UNSPECIFIED.);
#125=B_SPLINE_CURVE_WITH_KNOTS('',3,(#5587,#5588,#5589,#5590,#5591),
 .UNSPECIFIED.,.F.,.F.,(4,1,4),(0.,0.0840504302591505,0.168258180008603),
 .UNSPECIFIED.);
#126=B_SPLINE_CURVE_WITH_KNOTS('',3,(#5593,#5594,#5595,#5596,#5597),
 .UNSPECIFIED.,.F.,.F.,(4,1,4),(-0.168258180008603,-0.0840504302591505,
0.),.UNSPECIFIED.);
#127=B_SPLINE_CURVE_WITH_KNOTS('',3,(#5610,#5611,#5612,#5613,#5614),
 .UNSPECIFIED.,.F.,.F.,(4,1,4),(0.,0.0862551746858156,0.176381057748046),
 .UNSPECIFIED.);
#128=B_SPLINE_CURVE_WITH_KNOTS('',3,(#5616,#5617,#5618,#5619,#5620),
 .UNSPECIFIED.,.F.,.F.,(4,1,4),(-0.176381057748046,-0.0862551746858156,
0.),.UNSPECIFIED.);
#129=B_SPLINE_CURVE_WITH_KNOTS('',3,(#5633,#5634,#5635,#5636,#5637),
 .UNSPECIFIED.,.F.,.F.,(4,1,4),(0.,0.0968209750400185,0.202166738987465),
 .UNSPECIFIED.);
#130=B_SPLINE_CURVE_WITH_KNOTS('',3,(#5639,#5640,#5641,#5642,#5643),
 .UNSPECIFIED.,.F.,.F.,(4,1,4),(-0.202166738987465,-0.0968209750400185,
0.),.UNSPECIFIED.);
#131=B_SPLINE_CURVE_WITH_KNOTS('',3,(#5656,#5657,#5658,#5659,#5660),
 .UNSPECIFIED.,.F.,.F.,(4,1,4),(0.,0.103900788885307,0.201198522351031),
 .UNSPECIFIED.);
#132=B_SPLINE_CURVE_WITH_KNOTS('',3,(#5662,#5663,#5664,#5665,#5666),
 .UNSPECIFIED.,.F.,.F.,(4,1,4),(-0.201198522351031,-0.103900788885307,0.),
 .UNSPECIFIED.);
#133=B_SPLINE_CURVE_WITH_KNOTS('',3,(#5679,#5680,#5681,#5682,#5683),
 .UNSPECIFIED.,.F.,.F.,(4,1,4),(0.,0.0902299105730298,0.175709575904154),
 .UNSPECIFIED.);
#134=B_SPLINE_CURVE_WITH_KNOTS('',3,(#5685,#5686,#5687,#5688,#5689),
 .UNSPECIFIED.,.F.,.F.,(4,1,4),(-0.175709575904154,-0.0902299105730298,
0.),.UNSPECIFIED.);
#135=B_SPLINE_CURVE_WITH_KNOTS('',3,(#5702,#5703,#5704,#5705,#5706),
 .UNSPECIFIED.,.F.,.F.,(4,1,4),(0.,0.0843784929386568,0.170349043516048),
 .UNSPECIFIED.);
#136=B_SPLINE_CURVE_WITH_KNOTS('',3,(#5708,#5709,#5710,#5711,#5712),
 .UNSPECIFIED.,.F.,.F.,(4,1,4),(-0.170349043516048,-0.0843784929386568,
0.),.UNSPECIFIED.);
#137=B_SPLINE_CURVE_WITH_KNOTS('',3,(#5725,#5726,#5727,#5728,#5729),
 .UNSPECIFIED.,.F.,.F.,(4,1,4),(0.,0.0623341175665704,0.120909869150218),
 .UNSPECIFIED.);
#138=B_SPLINE_CURVE_WITH_KNOTS('',3,(#5731,#5732,#5733,#5734,#5735),
 .UNSPECIFIED.,.F.,.F.,(4,1,4),(-0.120909869150218,-0.0623341175665704,
0.),.UNSPECIFIED.);
#139=B_SPLINE_CURVE_WITH_KNOTS('',3,(#5748,#5749,#5750,#5751,#5752),
 .UNSPECIFIED.,.F.,.F.,(4,1,4),(0.,0.0562838245988946,0.110819510576367),
 .UNSPECIFIED.);
#140=B_SPLINE_CURVE_WITH_KNOTS('',3,(#5754,#5755,#5756,#5757,#5758),
 .UNSPECIFIED.,.F.,.F.,(4,1,4),(-0.110819510576367,-0.0562838245988946,
0.),.UNSPECIFIED.);
#141=B_SPLINE_CURVE_WITH_KNOTS('',3,(#5803,#5804,#5805,#5806,#5807),
 .UNSPECIFIED.,.F.,.F.,(4,1,4),(0.,0.0815657464237456,0.146467530843594),
 .UNSPECIFIED.);
#142=B_SPLINE_CURVE_WITH_KNOTS('',3,(#5809,#5810,#5811,#5812,#5813),
 .UNSPECIFIED.,.F.,.F.,(4,1,4),(-0.146467530843594,-0.0815657464237456,
0.),.UNSPECIFIED.);
#143=B_SPLINE_CURVE_WITH_KNOTS('',3,(#5826,#5827,#5828,#5829,#5830),
 .UNSPECIFIED.,.F.,.F.,(4,1,4),(0.,0.0859039179996833,0.1725598853984),
 .UNSPECIFIED.);
#144=B_SPLINE_CURVE_WITH_KNOTS('',3,(#5832,#5833,#5834,#5835,#5836),
 .UNSPECIFIED.,.F.,.F.,(4,1,4),(-0.1725598853984,-0.0859039179996833,0.),
 .UNSPECIFIED.);
#145=B_SPLINE_CURVE_WITH_KNOTS('',3,(#5849,#5850,#5851,#5852,#5853),
 .UNSPECIFIED.,.F.,.F.,(4,1,4),(0.,0.0791848050208227,0.156362029052471),
 .UNSPECIFIED.);
#146=B_SPLINE_CURVE_WITH_KNOTS('',3,(#5855,#5856,#5857,#5858,#5859),
 .UNSPECIFIED.,.F.,.F.,(4,1,4),(-0.156362029052471,-0.0791848050208227,
0.),.UNSPECIFIED.);
#147=B_SPLINE_CURVE_WITH_KNOTS('',3,(#5871,#5872,#5873,#5874,#5875),
 .UNSPECIFIED.,.F.,.F.,(4,1,4),(0.,0.079947465638906,0.167374193774825),
 .UNSPECIFIED.);
#148=B_SPLINE_CURVE_WITH_KNOTS('',3,(#5876,#5877,#5878,#5879,#5880),
 .UNSPECIFIED.,.F.,.F.,(4,1,4),(-0.167374193774825,-0.079947465638906,0.),
 .UNSPECIFIED.);
#149=B_SPLINE_CURVE_WITH_KNOTS('',3,(#5901,#5902,#5903,#5904,#5905),
 .UNSPECIFIED.,.F.,.F.,(4,1,4),(0.,0.107698574238631,0.20841627201892),
 .UNSPECIFIED.);
#150=B_SPLINE_CURVE_WITH_KNOTS('',3,(#5907,#5908,#5909,#5910,#5911),
 .UNSPECIFIED.,.F.,.F.,(4,1,4),(-0.20841627201892,-0.107698574238631,0.),
 .UNSPECIFIED.);
#151=B_SPLINE_CURVE_WITH_KNOTS('',3,(#5924,#5925,#5926,#5927,#5928),
 .UNSPECIFIED.,.F.,.F.,(4,1,4),(0.,0.103340122352315,0.219387073651058),
 .UNSPECIFIED.);
#152=B_SPLINE_CURVE_WITH_KNOTS('',3,(#5930,#5931,#5932,#5933,#5934),
 .UNSPECIFIED.,.F.,.F.,(4,1,4),(-0.219387073651058,-0.103340122352315,0.),
 .UNSPECIFIED.);
#153=B_SPLINE_CURVE_WITH_KNOTS('',3,(#5947,#5948,#5949,#5950,#5951),
 .UNSPECIFIED.,.F.,.F.,(4,1,4),(0.,0.144675973492075,0.276664448215781),
 .UNSPECIFIED.);
#154=B_SPLINE_CURVE_WITH_KNOTS('',3,(#5953,#5954,#5955,#5956,#5957),
 .UNSPECIFIED.,.F.,.F.,(4,1,4),(-0.276664448215781,-0.144675973492075,0.),
 .UNSPECIFIED.);
#155=B_SPLINE_CURVE_WITH_KNOTS('',3,(#5970,#5971,#5972,#5973,#5974),
 .UNSPECIFIED.,.F.,.F.,(4,1,4),(0.,0.136859558465389,0.295671459461741),
 .UNSPECIFIED.);
#156=B_SPLINE_CURVE_WITH_KNOTS('',3,(#5976,#5977,#5978,#5979,#5980),
 .UNSPECIFIED.,.F.,.F.,(4,1,4),(-0.295671459461741,-0.136859558465389,0.),
 .UNSPECIFIED.);
#157=B_SPLINE_CURVE_WITH_KNOTS('',3,(#5993,#5994,#5995,#5996,#5997),
 .UNSPECIFIED.,.F.,.F.,(4,1,4),(0.,0.164167978123101,0.30472754195643),
 .UNSPECIFIED.);
#158=B_SPLINE_CURVE_WITH_KNOTS('',3,(#5999,#6000,#6001,#6002,#6003),
 .UNSPECIFIED.,.F.,.F.,(4,1,4),(-0.30472754195643,-0.164167978123101,0.),
 .UNSPECIFIED.);
#159=B_SPLINE_CURVE_WITH_KNOTS('',3,(#6016,#6017,#6018,#6019,#6020),
 .UNSPECIFIED.,.F.,.F.,(4,1,4),(0.,0.132093938901651,0.270603915045386),
 .UNSPECIFIED.);
#160=B_SPLINE_CURVE_WITH_KNOTS('',3,(#6022,#6023,#6024,#6025,#6026),
 .UNSPECIFIED.,.F.,.F.,(4,1,4),(-0.270603915045386,-0.132093938901651,0.),
 .UNSPECIFIED.);
#161=B_SPLINE_CURVE_WITH_KNOTS('',3,(#6039,#6040,#6041,#6042,#6043),
 .UNSPECIFIED.,.F.,.F.,(4,1,4),(0.,0.134390415547549,0.263366815181551),
 .UNSPECIFIED.);
#162=B_SPLINE_CURVE_WITH_KNOTS('',3,(#6045,#6046,#6047,#6048,#6049),
 .UNSPECIFIED.,.F.,.F.,(4,1,4),(-0.263366815181551,-0.134390415547549,0.),
 .UNSPECIFIED.);
#163=B_SPLINE_CURVE_WITH_KNOTS('',3,(#6062,#6063,#6064,#6065,#6066),
 .UNSPECIFIED.,.F.,.F.,(4,1,4),(0.,0.137721879631673,0.298776282837269),
 .UNSPECIFIED.);
#164=B_SPLINE_CURVE_WITH_KNOTS('',3,(#6068,#6069,#6070,#6071,#6072),
 .UNSPECIFIED.,.F.,.F.,(4,1,4),(-0.298776282837269,-0.137721879631673,0.),
 .UNSPECIFIED.);
#165=B_SPLINE_CURVE_WITH_KNOTS('',3,(#6085,#6086,#6087,#6088,#6089),
 .UNSPECIFIED.,.F.,.F.,(4,1,4),(0.,0.01365404749317,0.0327749244227108),
 .UNSPECIFIED.);
#166=B_SPLINE_CURVE_WITH_KNOTS('',3,(#6091,#6092,#6093,#6094,#6095),
 .UNSPECIFIED.,.F.,.F.,(4,1,4),(-0.0327749244227108,-0.01365404749317,0.),
 .UNSPECIFIED.);
#167=B_SPLINE_CURVE_WITH_KNOTS('',3,(#6114,#6115,#6116,#6117,#6118),
 .UNSPECIFIED.,.F.,.F.,(4,1,4),(0.,0.107406435885619,0.198169842831408),
 .UNSPECIFIED.);
#168=B_SPLINE_CURVE_WITH_KNOTS('',3,(#6120,#6121,#6122,#6123,#6124),
 .UNSPECIFIED.,.F.,.F.,(4,1,4),(-0.198169842831408,-0.107406435885619,0.),
 .UNSPECIFIED.);
#169=B_SPLINE_CURVE_WITH_KNOTS('',3,(#6137,#6138,#6139,#6140,#6141),
 .UNSPECIFIED.,.F.,.F.,(4,1,4),(0.,0.0832301867356635,0.16801152445946),
 .UNSPECIFIED.);
#170=B_SPLINE_CURVE_WITH_KNOTS('',3,(#6143,#6144,#6145,#6146,#6147),
 .UNSPECIFIED.,.F.,.F.,(4,1,4),(-0.16801152445946,-0.0832301867356635,0.),
 .UNSPECIFIED.);
#171=B_SPLINE_CURVE_WITH_KNOTS('',3,(#6160,#6161,#6162,#6163,#6164),
 .UNSPECIFIED.,.F.,.F.,(4,1,4),(0.,0.0632581451606925,0.122332352632955),
 .UNSPECIFIED.);
#172=B_SPLINE_CURVE_WITH_KNOTS('',3,(#6166,#6167,#6168,#6169,#6170),
 .UNSPECIFIED.,.F.,.F.,(4,1,4),(-0.122332352632955,-0.0632581451606925,
0.),.UNSPECIFIED.);
#173=B_SPLINE_CURVE_WITH_KNOTS('',3,(#6182,#6183,#6184,#6185,#6186),
 .UNSPECIFIED.,.F.,.F.,(4,1,4),(0.,0.0629137758324285,0.137788510119279),
 .UNSPECIFIED.);
#174=B_SPLINE_CURVE_WITH_KNOTS('',3,(#6187,#6188,#6189,#6190,#6191),
 .UNSPECIFIED.,.F.,.F.,(4,1,4),(-0.137788510119279,-0.0629137758324285,
0.),.UNSPECIFIED.);
#175=B_SPLINE_CURVE_WITH_KNOTS('',3,(#6314,#6315,#6316,#6317,#6318),
 .UNSPECIFIED.,.F.,.F.,(4,1,4),(0.,0.0815657923179358,0.146467689584536),
 .UNSPECIFIED.);
#176=B_SPLINE_CURVE_WITH_KNOTS('',3,(#6320,#6321,#6322,#6323,#6324),
 .UNSPECIFIED.,.F.,.F.,(4,1,4),(-0.146467689584536,-0.0815657923179358,
0.),.UNSPECIFIED.);
#177=B_SPLINE_CURVE_WITH_KNOTS('',3,(#6337,#6338,#6339,#6340,#6341),
 .UNSPECIFIED.,.F.,.F.,(4,1,4),(0.,0.0859039179996833,0.1725598853984),
 .UNSPECIFIED.);
#178=B_SPLINE_CURVE_WITH_KNOTS('',3,(#6343,#6344,#6345,#6346,#6347),
 .UNSPECIFIED.,.F.,.F.,(4,1,4),(-0.1725598853984,-0.0859039179996833,0.),
 .UNSPECIFIED.);
#179=B_SPLINE_CURVE_WITH_KNOTS('',3,(#6360,#6361,#6362,#6363,#6364),
 .UNSPECIFIED.,.F.,.F.,(4,1,4),(0.,0.0791843358750448,0.156361758929269),
 .UNSPECIFIED.);
#180=B_SPLINE_CURVE_WITH_KNOTS('',3,(#6366,#6367,#6368,#6369,#6370),
 .UNSPECIFIED.,.F.,.F.,(4,1,4),(-0.156361758929269,-0.0791843358750448,
0.),.UNSPECIFIED.);
#181=B_SPLINE_CURVE_WITH_KNOTS('',3,(#6382,#6383,#6384,#6385,#6386),
 .UNSPECIFIED.,.F.,.F.,(4,1,4),(0.,0.0799473320404382,0.167374060176357),
 .UNSPECIFIED.);
#182=B_SPLINE_CURVE_WITH_KNOTS('',3,(#6387,#6388,#6389,#6390,#6391),
 .UNSPECIFIED.,.F.,.F.,(4,1,4),(-0.167374060176357,-0.0799473320404382,
0.),.UNSPECIFIED.);
#183=B_SPLINE_CURVE_WITH_KNOTS('',3,(#6412,#6413,#6414,#6415,#6416),
 .UNSPECIFIED.,.F.,.F.,(4,1,4),(0.,0.107698574238631,0.208416434018618),
 .UNSPECIFIED.);
#184=B_SPLINE_CURVE_WITH_KNOTS('',3,(#6418,#6419,#6420,#6421,#6422),
 .UNSPECIFIED.,.F.,.F.,(4,1,4),(-0.208416434018618,-0.107698574238631,0.),
 .UNSPECIFIED.);
#185=B_SPLINE_CURVE_WITH_KNOTS('',3,(#6435,#6436,#6437,#6438,#6439),
 .UNSPECIFIED.,.F.,.F.,(4,1,4),(0.,0.103340335757516,0.219387287056259),
 .UNSPECIFIED.);
#186=B_SPLINE_CURVE_WITH_KNOTS('',3,(#6441,#6442,#6443,#6444,#6445),
 .UNSPECIFIED.,.F.,.F.,(4,1,4),(-0.219387287056259,-0.103340335757516,0.),
 .UNSPECIFIED.);
#187=B_SPLINE_CURVE_WITH_KNOTS('',3,(#6458,#6459,#6460,#6461,#6462),
 .UNSPECIFIED.,.F.,.F.,(4,1,4),(0.,0.144675503536229,0.276663978259935),
 .UNSPECIFIED.);
#188=B_SPLINE_CURVE_WITH_KNOTS('',3,(#6464,#6465,#6466,#6467,#6468),
 .UNSPECIFIED.,.F.,.F.,(4,1,4),(-0.276663978259935,-0.144675503536229,0.),
 .UNSPECIFIED.);
#189=B_SPLINE_CURVE_WITH_KNOTS('',3,(#6481,#6482,#6483,#6484,#6485),
 .UNSPECIFIED.,.F.,.F.,(4,1,4),(0.,0.136859801957313,0.295671667981293),
 .UNSPECIFIED.);
#190=B_SPLINE_CURVE_WITH_KNOTS('',3,(#6487,#6488,#6489,#6490,#6491),
 .UNSPECIFIED.,.F.,.F.,(4,1,4),(-0.295671667981293,-0.136859801957313,0.),
 .UNSPECIFIED.);
#191=B_SPLINE_CURVE_WITH_KNOTS('',3,(#6504,#6505,#6506,#6507,#6508),
 .UNSPECIFIED.,.F.,.F.,(4,1,4),(0.,0.164168012325999,0.304727336470519),
 .UNSPECIFIED.);
#192=B_SPLINE_CURVE_WITH_KNOTS('',3,(#6510,#6511,#6512,#6513,#6514),
 .UNSPECIFIED.,.F.,.F.,(4,1,4),(-0.304727336470519,-0.164168012325999,0.),
 .UNSPECIFIED.);
#193=B_SPLINE_CURVE_WITH_KNOTS('',3,(#6527,#6528,#6529,#6530,#6531),
 .UNSPECIFIED.,.F.,.F.,(4,1,4),(0.,0.132093938901651,0.270604383887353),
 .UNSPECIFIED.);
#194=B_SPLINE_CURVE_WITH_KNOTS('',3,(#6533,#6534,#6535,#6536,#6537),
 .UNSPECIFIED.,.F.,.F.,(4,1,4),(-0.270604383887353,-0.132093938901651,0.),
 .UNSPECIFIED.);
#195=B_SPLINE_CURVE_WITH_KNOTS('',3,(#6550,#6551,#6552,#6553,#6554),
 .UNSPECIFIED.,.F.,.F.,(4,1,4),(0.,0.134389946863851,0.263366541461575),
 .UNSPECIFIED.);
#196=B_SPLINE_CURVE_WITH_KNOTS('',3,(#6556,#6557,#6558,#6559,#6560),
 .UNSPECIFIED.,.F.,.F.,(4,1,4),(-0.263366541461575,-0.134389946863851,0.),
 .UNSPECIFIED.);
#197=B_SPLINE_CURVE_WITH_KNOTS('',3,(#6573,#6574,#6575,#6576,#6577),
 .UNSPECIFIED.,.F.,.F.,(4,1,4),(0.,0.137721879631673,0.298776282837269),
 .UNSPECIFIED.);
#198=B_SPLINE_CURVE_WITH_KNOTS('',3,(#6579,#6580,#6581,#6582,#6583),
 .UNSPECIFIED.,.F.,.F.,(4,1,4),(-0.298776282837269,-0.137721879631673,0.),
 .UNSPECIFIED.);
#199=B_SPLINE_CURVE_WITH_KNOTS('',3,(#6596,#6597,#6598,#6599,#6600),
 .UNSPECIFIED.,.F.,.F.,(4,1,4),(0.,0.0136540445144583,0.0327749214439991),
 .UNSPECIFIED.);
#200=B_SPLINE_CURVE_WITH_KNOTS('',3,(#6602,#6603,#6604,#6605,#6606),
 .UNSPECIFIED.,.F.,.F.,(4,1,4),(-0.0327749214439991,-0.0136540445144583,
0.),.UNSPECIFIED.);
#201=B_SPLINE_CURVE_WITH_KNOTS('',3,(#6625,#6626,#6627,#6628,#6629),
 .UNSPECIFIED.,.F.,.F.,(4,1,4),(0.,0.107406480966249,0.198169763733223),
 .UNSPECIFIED.);
#202=B_SPLINE_CURVE_WITH_KNOTS('',3,(#6631,#6632,#6633,#6634,#6635),
 .UNSPECIFIED.,.F.,.F.,(4,1,4),(-0.198169763733223,-0.107406480966249,0.),
 .UNSPECIFIED.);
#203=B_SPLINE_CURVE_WITH_KNOTS('',3,(#6648,#6649,#6650,#6651,#6652),
 .UNSPECIFIED.,.F.,.F.,(4,1,4),(0.,0.0832297956367822,0.16801160176768),
 .UNSPECIFIED.);
#204=B_SPLINE_CURVE_WITH_KNOTS('',3,(#6654,#6655,#6656,#6657,#6658),
 .UNSPECIFIED.,.F.,.F.,(4,1,4),(-0.16801160176768,-0.0832297956367822,0.),
 .UNSPECIFIED.);
#205=B_SPLINE_CURVE_WITH_KNOTS('',3,(#6671,#6672,#6673,#6674,#6675),
 .UNSPECIFIED.,.F.,.F.,(4,1,4),(0.,0.0632586172822577,0.122332399087975),
 .UNSPECIFIED.);
#206=B_SPLINE_CURVE_WITH_KNOTS('',3,(#6677,#6678,#6679,#6680,#6681),
 .UNSPECIFIED.,.F.,.F.,(4,1,4),(-0.122332399087975,-0.0632586172822577,
0.),.UNSPECIFIED.);
#207=B_SPLINE_CURVE_WITH_KNOTS('',3,(#6693,#6694,#6695,#6696,#6697),
 .UNSPECIFIED.,.F.,.F.,(4,1,4),(0.,0.0629139381632503,0.137788567568138),
 .UNSPECIFIED.);
#208=B_SPLINE_CURVE_WITH_KNOTS('',3,(#6698,#6699,#6700,#6701,#6702),
 .UNSPECIFIED.,.F.,.F.,(4,1,4),(-0.137788567568138,-0.0629139381632503,
0.),.UNSPECIFIED.);
#209=B_SPLINE_CURVE_WITH_KNOTS('',3,(#6717,#6718,#6719,#6720,#6721),
 .UNSPECIFIED.,.F.,.F.,(4,1,4),(0.,0.0873555829168408,0.206326588972158),
 .UNSPECIFIED.);
#210=B_SPLINE_CURVE_WITH_KNOTS('',3,(#6725,#6726,#6727,#6728,#6729),
 .UNSPECIFIED.,.F.,.F.,(4,1,4),(-0.206326588972158,-0.0873555829168408,
0.),.UNSPECIFIED.);
#211=B_SPLINE_CURVE_WITH_KNOTS('',3,(#6742,#6743,#6744,#6745,#6746),
 .UNSPECIFIED.,.F.,.F.,(4,1,4),(0.,0.0657136439583194,0.110143760127757),
 .UNSPECIFIED.);
#212=B_SPLINE_CURVE_WITH_KNOTS('',3,(#6748,#6749,#6750,#6751,#6752),
 .UNSPECIFIED.,.F.,.F.,(4,1,4),(-0.110143760127757,-0.0657136439583194,
0.),.UNSPECIFIED.);
#213=B_SPLINE_CURVE_WITH_KNOTS('',3,(#6765,#6766,#6767,#6768,#6769),
 .UNSPECIFIED.,.F.,.F.,(4,1,4),(0.,0.0325026346893753,0.0635052923056112),
 .UNSPECIFIED.);
#214=B_SPLINE_CURVE_WITH_KNOTS('',3,(#6771,#6772,#6773,#6774,#6775),
 .UNSPECIFIED.,.F.,.F.,(4,1,4),(-0.0635052923056112,-0.0325026346893753,
0.),.UNSPECIFIED.);
#215=B_SPLINE_CURVE_WITH_KNOTS('',3,(#6788,#6789,#6790,#6791,#6792),
 .UNSPECIFIED.,.F.,.F.,(4,1,4),(0.,0.0305439197924671,0.0614732887662241),
 .UNSPECIFIED.);
#216=B_SPLINE_CURVE_WITH_KNOTS('',3,(#6794,#6795,#6796,#6797,#6798),
 .UNSPECIFIED.,.F.,.F.,(4,1,4),(-0.0614732887662241,-0.0305439197924671,
0.),.UNSPECIFIED.);
#217=B_SPLINE_CURVE_WITH_KNOTS('',3,(#6811,#6812,#6813,#6814,#6815),
 .UNSPECIFIED.,.F.,.F.,(4,1,4),(0.,0.0460047117020032,0.0922374602493109),
 .UNSPECIFIED.);
#218=B_SPLINE_CURVE_WITH_KNOTS('',3,(#6817,#6818,#6819,#6820,#6821),
 .UNSPECIFIED.,.F.,.F.,(4,1,4),(-0.0922374602493109,-0.0460047117020032,
0.),.UNSPECIFIED.);
#219=B_SPLINE_CURVE_WITH_KNOTS('',3,(#6834,#6835,#6836,#6837,#6838),
 .UNSPECIFIED.,.F.,.F.,(4,1,4),(0.,0.051996679116678,0.115586105495794),
 .UNSPECIFIED.);
#220=B_SPLINE_CURVE_WITH_KNOTS('',3,(#6840,#6841,#6842,#6843,#6844),
 .UNSPECIFIED.,.F.,.F.,(4,1,4),(-0.115586105495794,-0.051996679116678,0.),
 .UNSPECIFIED.);
#221=B_SPLINE_CURVE_WITH_KNOTS('',3,(#6857,#6858,#6859,#6860,#6861),
 .UNSPECIFIED.,.F.,.F.,(4,1,4),(0.,0.0675180120931266,0.131154767646696),
 .UNSPECIFIED.);
#222=B_SPLINE_CURVE_WITH_KNOTS('',3,(#6863,#6864,#6865,#6866,#6867),
 .UNSPECIFIED.,.F.,.F.,(4,1,4),(-0.131154767646696,-0.0675180120931266,
0.),.UNSPECIFIED.);
#223=B_SPLINE_CURVE_WITH_KNOTS('',3,(#6880,#6881,#6882,#6883,#6884),
 .UNSPECIFIED.,.F.,.F.,(4,1,4),(0.,0.0604348406686461,0.119017076820826),
 .UNSPECIFIED.);
#224=B_SPLINE_CURVE_WITH_KNOTS('',3,(#6886,#6887,#6888,#6889,#6890),
 .UNSPECIFIED.,.F.,.F.,(4,1,4),(-0.119017076820826,-0.0604348406686461,
0.),.UNSPECIFIED.);
#225=B_SPLINE_CURVE_WITH_KNOTS('',3,(#6903,#6904,#6905,#6906,#6907),
 .UNSPECIFIED.,.F.,.F.,(4,1,4),(0.,0.0536358191027311,0.125143864446175),
 .UNSPECIFIED.);
#226=B_SPLINE_CURVE_WITH_KNOTS('',3,(#6909,#6910,#6911,#6912,#6913),
 .UNSPECIFIED.,.F.,.F.,(4,1,4),(-0.125143864446175,-0.0536358191027311,
0.),.UNSPECIFIED.);
#227=B_SPLINE_CURVE_WITH_KNOTS('',3,(#6930,#6931,#6932,#6933,#6934),
 .UNSPECIFIED.,.F.,.F.,(4,1,4),(0.,0.0832849939477627,0.155409738760867),
 .UNSPECIFIED.);
#228=B_SPLINE_CURVE_WITH_KNOTS('',3,(#6938,#6939,#6940,#6941,#6942),
 .UNSPECIFIED.,.F.,.F.,(4,1,4),(-0.155409738760867,-0.0832849939477627,
0.),.UNSPECIFIED.);
#229=B_SPLINE_CURVE_WITH_KNOTS('',3,(#6955,#6956,#6957,#6958,#6959),
 .UNSPECIFIED.,.F.,.F.,(4,1,4),(0.,0.0678575732175984,0.138168425188226),
 .UNSPECIFIED.);
#230=B_SPLINE_CURVE_WITH_KNOTS('',3,(#6961,#6962,#6963,#6964,#6965),
 .UNSPECIFIED.,.F.,.F.,(4,1,4),(-0.138168425188226,-0.0678575732175984,
0.),.UNSPECIFIED.);
#231=B_SPLINE_CURVE_WITH_KNOTS('',3,(#6978,#6979,#6980,#6981,#6982),
 .UNSPECIFIED.,.F.,.F.,(4,1,4),(0.,0.106642553708397,0.196079841515631),
 .UNSPECIFIED.);
#232=B_SPLINE_CURVE_WITH_KNOTS('',3,(#6984,#6985,#6986,#6987,#6988),
 .UNSPECIFIED.,.F.,.F.,(4,1,4),(-0.196079841515631,-0.106642553708397,0.),
 .UNSPECIFIED.);
#233=B_SPLINE_CURVE_WITH_KNOTS('',3,(#7001,#7002,#7003,#7004,#7005),
 .UNSPECIFIED.,.F.,.F.,(4,1,4),(0.,0.0820658061046325,0.166293236214971),
 .UNSPECIFIED.);
#234=B_SPLINE_CURVE_WITH_KNOTS('',3,(#7007,#7008,#7009,#7010,#7011),
 .UNSPECIFIED.,.F.,.F.,(4,1,4),(-0.166293236214971,-0.0820658061046325,
0.),.UNSPECIFIED.);
#235=B_SPLINE_CURVE_WITH_KNOTS('',3,(#7024,#7025,#7026,#7027,#7028),
 .UNSPECIFIED.,.F.,.F.,(4,1,4),(0.,0.0513014285255995,0.101073320673412),
 .UNSPECIFIED.);
#236=B_SPLINE_CURVE_WITH_KNOTS('',3,(#7030,#7031,#7032,#7033,#7034),
 .UNSPECIFIED.,.F.,.F.,(4,1,4),(-0.101073320673412,-0.0513014285255995,
0.),.UNSPECIFIED.);
#237=B_SPLINE_CURVE_WITH_KNOTS('',3,(#7047,#7048,#7049,#7050,#7051),
 .UNSPECIFIED.,.F.,.F.,(4,1,4),(0.,0.0485567765875186,0.0956687843829933),
 .UNSPECIFIED.);
#238=B_SPLINE_CURVE_WITH_KNOTS('',3,(#7053,#7054,#7055,#7056,#7057),
 .UNSPECIFIED.,.F.,.F.,(4,1,4),(-0.0956687843829933,-0.0485567765875186,
0.),.UNSPECIFIED.);
#239=B_SPLINE_CURVE_WITH_KNOTS('',3,(#7070,#7071,#7072,#7073,#7074),
 .UNSPECIFIED.,.F.,.F.,(4,1,4),(0.,0.0478307676895745,0.0974704753374495),
 .UNSPECIFIED.);
#240=B_SPLINE_CURVE_WITH_KNOTS('',3,(#7076,#7077,#7078,#7079,#7080),
 .UNSPECIFIED.,.F.,.F.,(4,1,4),(-0.0974704753374495,-0.0478307676895745,
0.),.UNSPECIFIED.);
#241=B_SPLINE_CURVE_WITH_KNOTS('',3,(#7093,#7094,#7095,#7096,#7097),
 .UNSPECIFIED.,.F.,.F.,(4,1,4),(0.,0.0463562065929277,0.11082143672009),
 .UNSPECIFIED.);
#242=B_SPLINE_CURVE_WITH_KNOTS('',3,(#7099,#7100,#7101,#7102,#7103),
 .UNSPECIFIED.,.F.,.F.,(4,1,4),(-0.11082143672009,-0.0463562065929277,0.),
 .UNSPECIFIED.);
#243=B_SPLINE_CURVE_WITH_KNOTS('',3,(#7116,#7117,#7118,#7119,#7120),
 .UNSPECIFIED.,.F.,.F.,(4,1,4),(0.,0.130647639936591,0.223448288398828),
 .UNSPECIFIED.);
#244=B_SPLINE_CURVE_WITH_KNOTS('',3,(#7122,#7123,#7124,#7125,#7126),
 .UNSPECIFIED.,.F.,.F.,(4,1,4),(-0.223448288398828,-0.130647639936591,0.),
 .UNSPECIFIED.);
#245=B_SPLINE_CURVE_WITH_KNOTS('',3,(#7139,#7140,#7141,#7142,#7143),
 .UNSPECIFIED.,.F.,.F.,(4,1,4),(0.,0.0206563726527808,0.0320919635003143),
 .UNSPECIFIED.);
#246=B_SPLINE_CURVE_WITH_KNOTS('',3,(#7145,#7146,#7147,#7148,#7149),
 .UNSPECIFIED.,.F.,.F.,(4,1,4),(-0.0320919635003143,-0.0206563726527808,
0.),.UNSPECIFIED.);
#247=B_SPLINE_CURVE_WITH_KNOTS('',3,(#7162,#7163,#7164,#7165,#7166),
 .UNSPECIFIED.,.F.,.F.,(4,1,4),(0.,0.064587241387039,0.113882848535119),
 .UNSPECIFIED.);
#248=B_SPLINE_CURVE_WITH_KNOTS('',3,(#7168,#7169,#7170,#7171,#7172),
 .UNSPECIFIED.,.F.,.F.,(4,1,4),(-0.113882848535119,-0.064587241387039,0.),
 .UNSPECIFIED.);
#249=B_SPLINE_CURVE_WITH_KNOTS('',3,(#7185,#7186,#7187,#7188,#7189),
 .UNSPECIFIED.,.F.,.F.,(4,1,4),(0.,0.0663471860699964,0.148415778952296),
 .UNSPECIFIED.);
#250=B_SPLINE_CURVE_WITH_KNOTS('',3,(#7191,#7192,#7193,#7194,#7195),
 .UNSPECIFIED.,.F.,.F.,(4,1,4),(-0.148415778952296,-0.0663471860699964,
0.),.UNSPECIFIED.);
#251=B_SPLINE_CURVE_WITH_KNOTS('',3,(#7208,#7209,#7210,#7211,#7212),
 .UNSPECIFIED.,.F.,.F.,(4,1,4),(0.,0.0757288277690534,0.13309619857761),
 .UNSPECIFIED.);
#252=B_SPLINE_CURVE_WITH_KNOTS('',3,(#7214,#7215,#7216,#7217,#7218),
 .UNSPECIFIED.,.F.,.F.,(4,1,4),(-0.13309619857761,-0.0757288277690534,0.),
 .UNSPECIFIED.);
#253=B_SPLINE_CURVE_WITH_KNOTS('',3,(#7231,#7232,#7233,#7234,#7235),
 .UNSPECIFIED.,.F.,.F.,(4,1,4),(0.,0.0553198290150643,0.125442520497529),
 .UNSPECIFIED.);
#254=B_SPLINE_CURVE_WITH_KNOTS('',3,(#7237,#7238,#7239,#7240,#7241),
 .UNSPECIFIED.,.F.,.F.,(4,1,4),(-0.125442520497529,-0.0553198290150643,
0.),.UNSPECIFIED.);
#255=B_SPLINE_CURVE_WITH_KNOTS('',3,(#7260,#7261,#7262,#7263,#7264),
 .UNSPECIFIED.,.F.,.F.,(4,1,4),(0.,0.0730067796170485,0.136653078153723),
 .UNSPECIFIED.);
#256=B_SPLINE_CURVE_WITH_KNOTS('',3,(#7266,#7267,#7268,#7269,#7270),
 .UNSPECIFIED.,.F.,.F.,(4,1,4),(-0.136653078153723,-0.0730067796170485,
0.),.UNSPECIFIED.);
#257=B_SPLINE_CURVE_WITH_KNOTS('',3,(#7283,#7284,#7285,#7286,#7287),
 .UNSPECIFIED.,.F.,.F.,(4,1,4),(0.,0.0622100881942762,0.13212157387299),
 .UNSPECIFIED.);
#258=B_SPLINE_CURVE_WITH_KNOTS('',3,(#7289,#7290,#7291,#7292,#7293),
 .UNSPECIFIED.,.F.,.F.,(4,1,4),(-0.13212157387299,-0.0622100881942762,0.),
 .UNSPECIFIED.);
#259=B_SPLINE_CURVE_WITH_KNOTS('',3,(#7306,#7307,#7308,#7309,#7310),
 .UNSPECIFIED.,.F.,.F.,(4,1,4),(0.,0.0789957974150862,0.167119236350027),
 .UNSPECIFIED.);
#260=B_SPLINE_CURVE_WITH_KNOTS('',3,(#7312,#7313,#7314,#7315,#7316),
 .UNSPECIFIED.,.F.,.F.,(4,1,4),(-0.167119236350027,-0.0789957974150862,
0.),.UNSPECIFIED.);
#261=B_SPLINE_CURVE_WITH_KNOTS('',3,(#7329,#7330,#7331,#7332,#7333),
 .UNSPECIFIED.,.F.,.F.,(4,1,4),(0.,0.0843132990396989,0.153023857921195),
 .UNSPECIFIED.);
#262=B_SPLINE_CURVE_WITH_KNOTS('',3,(#7335,#7336,#7337,#7338,#7339),
 .UNSPECIFIED.,.F.,.F.,(4,1,4),(-0.153023857921195,-0.0843132990396989,
0.),.UNSPECIFIED.);
#263=B_SPLINE_CURVE_WITH_KNOTS('',3,(#7352,#7353,#7354,#7355,#7356),
 .UNSPECIFIED.,.F.,.F.,(4,1,4),(0.,0.0560605205050554,0.102338169327702),
 .UNSPECIFIED.);
#264=B_SPLINE_CURVE_WITH_KNOTS('',3,(#7358,#7359,#7360,#7361,#7362),
 .UNSPECIFIED.,.F.,.F.,(4,1,4),(-0.102338169327702,-0.0560605205050554,
0.),.UNSPECIFIED.);
#265=B_SPLINE_CURVE_WITH_KNOTS('',3,(#7375,#7376,#7377,#7378,#7379),
 .UNSPECIFIED.,.F.,.F.,(4,1,4),(0.,0.0440678288365221,0.0926133257925073),
 .UNSPECIFIED.);
#266=B_SPLINE_CURVE_WITH_KNOTS('',3,(#7381,#7382,#7383,#7384,#7385),
 .UNSPECIFIED.,.F.,.F.,(4,1,4),(-0.0926133257925073,-0.0440678288365221,
0.),.UNSPECIFIED.);
#267=B_SPLINE_CURVE_WITH_KNOTS('',3,(#7398,#7399,#7400,#7401,#7402),
 .UNSPECIFIED.,.F.,.F.,(4,1,4),(0.,0.0442711245405238,0.11357675661426),
 .UNSPECIFIED.);
#268=B_SPLINE_CURVE_WITH_KNOTS('',3,(#7404,#7405,#7406,#7407,#7408),
 .UNSPECIFIED.,.F.,.F.,(4,1,4),(-0.11357675661426,-0.0442711245405238,0.),
 .UNSPECIFIED.);
#269=B_SPLINE_CURVE_WITH_KNOTS('',3,(#7427,#7428,#7429,#7430,#7431),
 .UNSPECIFIED.,.F.,.F.,(4,1,4),(0.,0.139871003225967,0.216979194665378),
 .UNSPECIFIED.);
#270=B_SPLINE_CURVE_WITH_KNOTS('',3,(#7433,#7434,#7435,#7436,#7437),
 .UNSPECIFIED.,.F.,.F.,(4,1,4),(-0.216979194665378,-0.139871003225967,0.),
 .UNSPECIFIED.);
#271=B_SPLINE_CURVE_WITH_KNOTS('',3,(#7450,#7451,#7452,#7453,#7454),
 .UNSPECIFIED.,.F.,.F.,(4,1,4),(0.,0.0459686624078941,0.0927475811464951),
 .UNSPECIFIED.);
#272=B_SPLINE_CURVE_WITH_KNOTS('',3,(#7456,#7457,#7458,#7459,#7460),
 .UNSPECIFIED.,.F.,.F.,(4,1,4),(-0.0927475811464951,-0.0459686624078941,
0.),.UNSPECIFIED.);
#273=B_SPLINE_CURVE_WITH_KNOTS('',3,(#7478,#7479,#7480,#7481,#7482),
 .UNSPECIFIED.,.F.,.F.,(4,1,4),(0.,0.0443434335171446,0.0931136316599141),
 .UNSPECIFIED.);
#274=B_SPLINE_CURVE_WITH_KNOTS('',3,(#7483,#7484,#7485,#7486,#7487),
 .UNSPECIFIED.,.F.,.F.,(4,1,4),(-0.0931136316599141,-0.0443434335171446,
0.),.UNSPECIFIED.);
#275=B_SPLINE_CURVE_WITH_KNOTS('',3,(#7510,#7511,#7512,#7513,#7514),
 .UNSPECIFIED.,.F.,.F.,(4,1,4),(0.,0.110383839834343,0.191286309028015),
 .UNSPECIFIED.);
#276=B_SPLINE_CURVE_WITH_KNOTS('',3,(#7516,#7517,#7518,#7519,#7520),
 .UNSPECIFIED.,.F.,.F.,(4,1,4),(-0.191286309028015,-0.110383839834343,0.),
 .UNSPECIFIED.);
#277=B_SPLINE_CURVE_WITH_KNOTS('',3,(#7533,#7534,#7535,#7536,#7537),
 .UNSPECIFIED.,.F.,.F.,(4,1,4),(0.,0.070311296420016,0.148451626074515),
 .UNSPECIFIED.);
#278=B_SPLINE_CURVE_WITH_KNOTS('',3,(#7539,#7540,#7541,#7542,#7543),
 .UNSPECIFIED.,.F.,.F.,(4,1,4),(-0.148451626074515,-0.070311296420016,0.),
 .UNSPECIFIED.);
#279=B_SPLINE_CURVE_WITH_KNOTS('',3,(#7556,#7557,#7558,#7559,#7560),
 .UNSPECIFIED.,.F.,.F.,(4,1,4),(0.,0.0588187457751227,0.11350840513488),
 .UNSPECIFIED.);
#280=B_SPLINE_CURVE_WITH_KNOTS('',3,(#7562,#7563,#7564,#7565,#7566),
 .UNSPECIFIED.,.F.,.F.,(4,1,4),(-0.11350840513488,-0.0588187457751227,0.),
 .UNSPECIFIED.);
#281=B_SPLINE_CURVE_WITH_KNOTS('',3,(#7579,#7580,#7581,#7582,#7583),
 .UNSPECIFIED.,.F.,.F.,(4,1,4),(0.,0.0522532509046387,0.10397880725847),
 .UNSPECIFIED.);
#282=B_SPLINE_CURVE_WITH_KNOTS('',3,(#7585,#7586,#7587,#7588,#7589),
 .UNSPECIFIED.,.F.,.F.,(4,1,4),(-0.10397880725847,-0.0522532509046387,0.),
 .UNSPECIFIED.);
#283=B_SPLINE_CURVE_WITH_KNOTS('',3,(#7602,#7603,#7604,#7605,#7606),
 .UNSPECIFIED.,.F.,.F.,(4,1,4),(0.,0.0480775749322482,0.124054398316146),
 .UNSPECIFIED.);
#284=B_SPLINE_CURVE_WITH_KNOTS('',3,(#7608,#7609,#7610,#7611,#7612),
 .UNSPECIFIED.,.F.,.F.,(4,1,4),(-0.124054398316146,-0.0480775749322482,
0.),.UNSPECIFIED.);
#285=B_SPLINE_CURVE_WITH_KNOTS('',3,(#7649,#7650,#7651,#7652,#7653),
 .UNSPECIFIED.,.F.,.F.,(4,1,4),(0.,0.0879232729205808,0.152660704451434),
 .UNSPECIFIED.);
#286=B_SPLINE_CURVE_WITH_KNOTS('',3,(#7655,#7656,#7657,#7658,#7659),
 .UNSPECIFIED.,.F.,.F.,(4,1,4),(-0.152660704451434,-0.0879232729205808,
0.),.UNSPECIFIED.);
#287=B_SPLINE_CURVE_WITH_KNOTS('',3,(#7672,#7673,#7674,#7675,#7676),
 .UNSPECIFIED.,.F.,.F.,(4,1,4),(0.,0.0700606104158095,0.132918603581769),
 .UNSPECIFIED.);
#288=B_SPLINE_CURVE_WITH_KNOTS('',3,(#7678,#7679,#7680,#7681,#7682),
 .UNSPECIFIED.,.F.,.F.,(4,1,4),(-0.132918603581769,-0.0700606104158095,
0.),.UNSPECIFIED.);
#289=B_SPLINE_CURVE_WITH_KNOTS('',3,(#7695,#7696,#7697,#7698,#7699),
 .UNSPECIFIED.,.F.,.F.,(4,1,4),(0.,0.0611146020118207,0.12661281803673),
 .UNSPECIFIED.);
#290=B_SPLINE_CURVE_WITH_KNOTS('',3,(#7701,#7702,#7703,#7704,#7705),
 .UNSPECIFIED.,.F.,.F.,(4,1,4),(-0.12661281803673,-0.0611146020118207,0.),
 .UNSPECIFIED.);
#291=B_SPLINE_CURVE_WITH_KNOTS('',3,(#7718,#7719,#7720,#7721,#7722),
 .UNSPECIFIED.,.F.,.F.,(4,1,4),(0.,0.0690591758287778,0.140798886015545),
 .UNSPECIFIED.);
#292=B_SPLINE_CURVE_WITH_KNOTS('',3,(#7724,#7725,#7726,#7727,#7728),
 .UNSPECIFIED.,.F.,.F.,(4,1,4),(-0.140798886015545,-0.0690591758287778,
0.),.UNSPECIFIED.);
#293=B_SPLINE_CURVE_WITH_KNOTS('',3,(#7741,#7742,#7743,#7744,#7745),
 .UNSPECIFIED.,.F.,.F.,(4,1,4),(0.,0.119579027595511,0.235157350410078),
 .UNSPECIFIED.);
#294=B_SPLINE_CURVE_WITH_KNOTS('',3,(#7747,#7748,#7749,#7750,#7751),
 .UNSPECIFIED.,.F.,.F.,(4,1,4),(-0.235157350410078,-0.119579027595511,0.),
 .UNSPECIFIED.);
#295=B_SPLINE_CURVE_WITH_KNOTS('',3,(#7764,#7765,#7766,#7767,#7768),
 .UNSPECIFIED.,.F.,.F.,(4,1,4),(0.,0.131880312718281,0.312771527753244),
 .UNSPECIFIED.);
#296=B_SPLINE_CURVE_WITH_KNOTS('',3,(#7770,#7771,#7772,#7773,#7774),
 .UNSPECIFIED.,.F.,.F.,(4,1,4),(-0.312771527753244,-0.131880312718281,0.),
 .UNSPECIFIED.);
#297=B_SPLINE_SURFACE_WITH_KNOTS('',3,1,((#4372,#4373),(#4374,#4375),(#4376,
#4377),(#4378,#4379),(#4380,#4381)),.UNSPECIFIED.,.F.,.F.,.F.,(4,1,4),(2,
2),(-0.223882689669218,-0.116800413000453,0.),(0.,0.508),.UNSPECIFIED.);
#298=B_SPLINE_SURFACE_WITH_KNOTS('',3,1,((#4395,#4396),(#4397,#4398),(#4399,
#4400),(#4401,#4402),(#4403,#4404)),.UNSPECIFIED.,.F.,.F.,.F.,(4,1,4),(2,
2),(-0.216093428304519,-0.105198236815844,0.),(0.,0.508),.UNSPECIFIED.);
#299=B_SPLINE_SURFACE_WITH_KNOTS('',3,1,((#4418,#4419),(#4420,#4421),(#4422,
#4423),(#4424,#4425),(#4426,#4427)),.UNSPECIFIED.,.F.,.F.,.F.,(4,1,4),(2,
2),(-0.264304122441134,-0.136410928715122,0.),(0.,0.508),.UNSPECIFIED.);
#300=B_SPLINE_SURFACE_WITH_KNOTS('',3,1,((#4441,#4442),(#4443,#4444),(#4445,
#4446),(#4447,#4448),(#4449,#4450)),.UNSPECIFIED.,.F.,.F.,.F.,(4,1,4),(2,
2),(-0.298509531868099,-0.136417303981798,0.),(0.,0.508),.UNSPECIFIED.);
#301=B_SPLINE_SURFACE_WITH_KNOTS('',3,1,((#4464,#4465),(#4466,#4467),(#4468,
#4469),(#4470,#4471),(#4472,#4473)),.UNSPECIFIED.,.F.,.F.,.F.,(4,1,4),(2,
2),(-0.210269384049758,-0.110505719129369,0.),(0.,0.508),.UNSPECIFIED.);
#302=B_SPLINE_SURFACE_WITH_KNOTS('',3,1,((#4487,#4488),(#4489,#4490),(#4491,
#4492),(#4493,#4494),(#4495,#4496)),.UNSPECIFIED.,.F.,.F.,.F.,(4,1,4),(2,
2),(-0.179904172877708,-0.0913491716060468,0.),(0.,0.508),.UNSPECIFIED.);
#303=B_SPLINE_SURFACE_WITH_KNOTS('',3,1,((#4510,#4511),(#4512,#4513),(#4514,
#4515),(#4516,#4517),(#4518,#4519)),.UNSPECIFIED.,.F.,.F.,.F.,(4,1,4),(2,
2),(-0.180047610404811,-0.0893531326253652,0.),(0.,0.508),.UNSPECIFIED.);
#304=B_SPLINE_SURFACE_WITH_KNOTS('',3,1,((#4533,#4534),(#4535,#4536),(#4537,
#4538),(#4539,#4540),(#4541,#4542)),.UNSPECIFIED.,.F.,.F.,.F.,(4,1,4),(2,
2),(-0.205209256966911,-0.108379734162741,0.),(0.,0.508),.UNSPECIFIED.);
#305=B_SPLINE_SURFACE_WITH_KNOTS('',3,1,((#4556,#4557),(#4558,#4559),(#4560,
#4561),(#4562,#4563),(#4564,#4565)),.UNSPECIFIED.,.F.,.F.,.F.,(4,1,4),(2,
2),(-0.198312778127165,-0.0949702626754556,0.),(0.,0.508),.UNSPECIFIED.);
#306=B_SPLINE_SURFACE_WITH_KNOTS('',3,1,((#4585,#4586),(#4587,#4588),(#4589,
#4590),(#4591,#4592),(#4593,#4594)),.UNSPECIFIED.,.F.,.F.,.F.,(4,1,4),(2,
2),(-0.127046414891061,-0.0682235763332817,0.),(0.,0.508),.UNSPECIFIED.);
#307=B_SPLINE_SURFACE_WITH_KNOTS('',3,1,((#4608,#4609),(#4610,#4611),(#4612,
#4613),(#4614,#4615),(#4616,#4617)),.UNSPECIFIED.,.F.,.F.,.F.,(4,1,4),(2,
2),(-0.112937610413338,-0.0552808158508135,0.),(0.,0.508),.UNSPECIFIED.);
#308=B_SPLINE_SURFACE_WITH_KNOTS('',3,1,((#4631,#4632),(#4633,#4634),(#4635,
#4636),(#4637,#4638),(#4639,#4640)),.UNSPECIFIED.,.F.,.F.,.F.,(4,1,4),(2,
2),(-0.169100103227438,-0.0857658565317323,0.),(0.,0.508),.UNSPECIFIED.);
#309=B_SPLINE_SURFACE_WITH_KNOTS('',3,1,((#4654,#4655),(#4656,#4657),(#4658,
#4659),(#4660,#4661),(#4662,#4663)),.UNSPECIFIED.,.F.,.F.,.F.,(4,1,4),(2,
2),(-0.221829404805087,-0.0963199354083992,0.),(0.,0.508),.UNSPECIFIED.);
#310=B_SPLINE_SURFACE_WITH_KNOTS('',3,1,((#4677,#4678),(#4679,#4680),(#4681,
#4682),(#4683,#4684),(#4685,#4686)),.UNSPECIFIED.,.F.,.F.,.F.,(4,1,4),(2,
2),(-0.2227587419286,-0.126892952175193,0.),(0.,0.508),.UNSPECIFIED.);
#311=B_SPLINE_SURFACE_WITH_KNOTS('',3,1,((#4700,#4701),(#4702,#4703),(#4704,
#4705),(#4706,#4707),(#4708,#4709)),.UNSPECIFIED.,.F.,.F.,.F.,(4,1,4),(2,
2),(-0.164650963507745,-0.0814118910097339,0.),(0.,0.508),.UNSPECIFIED.);
#312=B_SPLINE_SURFACE_WITH_KNOTS('',3,1,((#4723,#4724),(#4725,#4726),(#4727,
#4728),(#4729,#4730),(#4731,#4732)),.UNSPECIFIED.,.F.,.F.,.F.,(4,1,4),(2,
2),(-0.131114927540538,-0.0673080650434503,0.),(0.,0.508),.UNSPECIFIED.);
#313=B_SPLINE_SURFACE_WITH_KNOTS('',3,1,((#4746,#4747),(#4748,#4749),(#4750,
#4751),(#4752,#4753),(#4754,#4755)),.UNSPECIFIED.,.F.,.F.,.F.,(4,1,4),(2,
2),(-0.15197563632297,-0.0688433320434501,0.),(0.,0.508),.UNSPECIFIED.);
#314=B_SPLINE_SURFACE_WITH_KNOTS('',3,1,((#4789,#4790),(#4791,#4792),(#4793,
#4794),(#4795,#4796),(#4797,#4798)),.UNSPECIFIED.,.F.,.F.,.F.,(4,1,4),(2,
2),(-0.129003273216928,-0.0758450838709361,0.),(0.,0.508),.UNSPECIFIED.);
#315=B_SPLINE_SURFACE_WITH_KNOTS('',3,1,((#4812,#4813),(#4814,#4815),(#4816,
#4817),(#4818,#4819),(#4820,#4821)),.UNSPECIFIED.,.F.,.F.,.F.,(4,1,4),(2,
2),(-0.0835727609932963,-0.0419024129971148,0.),(0.,0.508),
 .UNSPECIFIED.);
#316=B_SPLINE_SURFACE_WITH_KNOTS('',3,1,((#4835,#4836),(#4837,#4838),(#4839,
#4840),(#4841,#4842),(#4843,#4844)),.UNSPECIFIED.,.F.,.F.,.F.,(4,1,4),(2,
2),(-0.133652248395737,-0.0634098989451877,0.),(0.,0.508),.UNSPECIFIED.);
#317=B_SPLINE_SURFACE_WITH_KNOTS('',3,1,((#4864,#4865),(#4866,#4867),(#4868,
#4869),(#4870,#4871),(#4872,#4873)),.UNSPECIFIED.,.F.,.F.,.F.,(4,1,4),(2,
2),(-0.094824690734773,-0.0492808109777813,0.),(0.,0.508),.UNSPECIFIED.);
#318=B_SPLINE_SURFACE_WITH_KNOTS('',3,1,((#4887,#4888),(#4889,#4890),(#4891,
#4892),(#4893,#4894),(#4895,#4896)),.UNSPECIFIED.,.F.,.F.,.F.,(4,1,4),(2,
2),(-0.0773752382821792,-0.0387056159820616,0.),(0.,0.508),
 .UNSPECIFIED.);
#319=B_SPLINE_SURFACE_WITH_KNOTS('',3,1,((#4910,#4911),(#4912,#4913),(#4914,
#4915),(#4916,#4917),(#4918,#4919)),.UNSPECIFIED.,.F.,.F.,.F.,(4,1,4),(2,
2),(-0.0823392680867513,-0.0398964598349782,0.),(0.,0.508),
 .UNSPECIFIED.);
#320=B_SPLINE_SURFACE_WITH_KNOTS('',3,1,((#4933,#4934),(#4935,#4936),(#4937,
#4938),(#4939,#4940),(#4941,#4942)),.UNSPECIFIED.,.F.,.F.,.F.,(4,1,4),(2,
2),(-0.145229248107798,-0.0703042593872013,0.),(0.,0.508),.UNSPECIFIED.);
#321=B_SPLINE_SURFACE_WITH_KNOTS('',3,1,((#4967,#4968),(#4969,#4970),(#4971,
#4972),(#4973,#4974),(#4975,#4976)),.UNSPECIFIED.,.F.,.F.,.F.,(4,1,4),(2,
2),(-0.220727655617624,-0.12271061457992,0.),(0.,0.508),.UNSPECIFIED.);
#322=B_SPLINE_SURFACE_WITH_KNOTS('',3,1,((#4993,#4994),(#4995,#4996),(#4997,
#4998),(#4999,#5000),(#5001,#5002)),.UNSPECIFIED.,.F.,.F.,.F.,(4,1,4),(2,
2),(-0.172133887146565,-0.0860660038822717,0.),(0.,0.508),.UNSPECIFIED.);
#323=B_SPLINE_SURFACE_WITH_KNOTS('',3,1,((#5016,#5017),(#5018,#5019),(#5020,
#5021),(#5022,#5023),(#5024,#5025)),.UNSPECIFIED.,.F.,.F.,.F.,(4,1,4),(2,
2),(-0.171668633484847,-0.085583621559191,0.),(0.,0.508),.UNSPECIFIED.);
#324=B_SPLINE_SURFACE_WITH_KNOTS('',3,1,((#5039,#5040),(#5041,#5042),(#5043,
#5044),(#5045,#5046),(#5047,#5048)),.UNSPECIFIED.,.F.,.F.,.F.,(4,1,4),(2,
2),(-0.224336489623092,-0.0990004757664816,0.),(0.,0.508),.UNSPECIFIED.);
#325=B_SPLINE_SURFACE_WITH_KNOTS('',3,1,((#5062,#5063),(#5064,#5065),(#5066,
#5067),(#5068,#5069),(#5070,#5071)),.UNSPECIFIED.,.F.,.F.,.F.,(4,1,4),(2,
2),(-0.216247478930057,-0.119166240660259,0.),(0.,0.508),.UNSPECIFIED.);
#326=B_SPLINE_SURFACE_WITH_KNOTS('',3,1,((#5085,#5086),(#5087,#5088),(#5089,
#5090),(#5091,#5092),(#5093,#5094)),.UNSPECIFIED.,.F.,.F.,.F.,(4,1,4),(2,
2),(-0.171146444233212,-0.0859975646817712,0.),(0.,0.508),.UNSPECIFIED.);
#327=B_SPLINE_SURFACE_WITH_KNOTS('',3,1,((#5108,#5109),(#5110,#5111),(#5112,
#5113),(#5114,#5115),(#5116,#5117)),.UNSPECIFIED.,.F.,.F.,.F.,(4,1,4),(2,
2),(-0.171962382112985,-0.0860507454056625,0.),(0.,0.508),.UNSPECIFIED.);
#328=B_SPLINE_SURFACE_WITH_KNOTS('',3,1,((#5131,#5132),(#5133,#5134),(#5135,
#5136),(#5137,#5138),(#5139,#5140)),.UNSPECIFIED.,.F.,.F.,.F.,(4,1,4),(2,
2),(-0.22041649885095,-0.0977904038692483,0.),(0.,0.508),.UNSPECIFIED.);
#329=B_SPLINE_SURFACE_WITH_KNOTS('',3,1,((#5151,#5152),(#5153,#5154),(#5155,
#5156),(#5157,#5158),(#5159,#5160)),.UNSPECIFIED.,.F.,.F.,.F.,(4,1,4),(2,
2),(-0.326456050824128,-0.177490184309849,0.),(0.,0.508),.UNSPECIFIED.);
#330=B_SPLINE_SURFACE_WITH_KNOTS('',3,1,((#5177,#5178),(#5179,#5180),(#5181,
#5182),(#5183,#5184),(#5185,#5186)),.UNSPECIFIED.,.F.,.F.,.F.,(4,1,4),(2,
2),(-0.245931875125109,-0.120068558324788,0.),(0.,0.508),.UNSPECIFIED.);
#331=B_SPLINE_SURFACE_WITH_KNOTS('',3,1,((#5200,#5201),(#5202,#5203),(#5204,
#5205),(#5206,#5207),(#5208,#5209)),.UNSPECIFIED.,.F.,.F.,.F.,(4,1,4),(2,
2),(-0.269104601264578,-0.138036444048282,0.),(0.,0.508),.UNSPECIFIED.);
#332=B_SPLINE_SURFACE_WITH_KNOTS('',3,1,((#5223,#5224),(#5225,#5226),(#5227,
#5228),(#5229,#5230),(#5231,#5232)),.UNSPECIFIED.,.F.,.F.,.F.,(4,1,4),(2,
2),(-0.292480812439635,-0.136642542620339,0.),(0.,0.508),.UNSPECIFIED.);
#333=B_SPLINE_SURFACE_WITH_KNOTS('',3,1,((#5246,#5247),(#5248,#5249),(#5250,
#5251),(#5252,#5253),(#5254,#5255)),.UNSPECIFIED.,.F.,.F.,.F.,(4,1,4),(2,
2),(-0.225668165077301,-0.125449543319026,0.),(0.,0.508),.UNSPECIFIED.);
#334=B_SPLINE_SURFACE_WITH_KNOTS('',3,1,((#5269,#5270),(#5271,#5272),(#5273,
#5274),(#5275,#5276),(#5277,#5278)),.UNSPECIFIED.,.F.,.F.,.F.,(4,1,4),(2,
2),(-0.176460667873253,-0.0879380748237578,0.),(0.,0.508),.UNSPECIFIED.);
#335=B_SPLINE_SURFACE_WITH_KNOTS('',3,1,((#5292,#5293),(#5294,#5295),(#5296,
#5297),(#5298,#5299),(#5300,#5301)),.UNSPECIFIED.,.F.,.F.,.F.,(4,1,4),(2,
2),(-0.182131411921893,-0.0902409083309143,0.),(0.,0.508),.UNSPECIFIED.);
#336=B_SPLINE_SURFACE_WITH_KNOTS('',3,1,((#5315,#5316),(#5317,#5318),(#5319,
#5320),(#5321,#5322),(#5323,#5324)),.UNSPECIFIED.,.F.,.F.,.F.,(4,1,4),(2,
2),(-0.270639886216019,-0.139785415329191,0.),(0.,0.508),.UNSPECIFIED.);
#337=B_SPLINE_SURFACE_WITH_KNOTS('',3,1,((#5338,#5339),(#5340,#5341),(#5342,
#5343),(#5344,#5345),(#5346,#5347)),.UNSPECIFIED.,.F.,.F.,.F.,(4,1,4),(2,
2),(-0.30218660062969,-0.138368560965036,0.),(0.,0.508),.UNSPECIFIED.);
#338=B_SPLINE_SURFACE_WITH_KNOTS('',3,1,((#5360,#5361),(#5362,#5363),(#5364,
#5365),(#5366,#5367),(#5368,#5369)),.UNSPECIFIED.,.F.,.F.,.F.,(4,1,4),(2,
2),(-0.21964780573208,-0.122563773094181,0.),(0.,0.508),.UNSPECIFIED.);
#339=B_SPLINE_SURFACE_WITH_KNOTS('',3,1,((#5386,#5387),(#5388,#5389),(#5390,
#5391),(#5392,#5393),(#5394,#5395)),.UNSPECIFIED.,.F.,.F.,.F.,(4,1,4),(2,
2),(-0.158823694328024,-0.0822784714798967,0.),(0.,0.508),.UNSPECIFIED.);
#340=B_SPLINE_SURFACE_WITH_KNOTS('',3,1,((#5409,#5410),(#5411,#5412),(#5413,
#5414),(#5415,#5416),(#5417,#5418)),.UNSPECIFIED.,.F.,.F.,.F.,(4,1,4),(2,
2),(-0.155865336381356,-0.0762921487344309,0.),(0.,0.508),.UNSPECIFIED.);
#341=B_SPLINE_SURFACE_WITH_KNOTS('',3,1,((#5432,#5433),(#5434,#5435),(#5436,
#5437),(#5438,#5439),(#5440,#5441)),.UNSPECIFIED.,.F.,.F.,.F.,(4,1,4),(2,
2),(-0.211985850366961,-0.0933058877858751,0.),(0.,0.508),.UNSPECIFIED.);
#342=B_SPLINE_SURFACE_WITH_KNOTS('',3,1,((#5455,#5456),(#5457,#5458),(#5459,
#5460),(#5461,#5462),(#5463,#5464)),.UNSPECIFIED.,.F.,.F.,.F.,(4,1,4),(2,
2),(-0.229044933914435,-0.129814257213932,0.),(0.,0.508),.UNSPECIFIED.);
#343=B_SPLINE_SURFACE_WITH_KNOTS('',3,1,((#5478,#5479),(#5480,#5481),(#5482,
#5483),(#5484,#5485),(#5486,#5487)),.UNSPECIFIED.,.F.,.F.,.F.,(4,1,4),(2,
2),(-0.161846474896187,-0.0826008469999665,0.),(0.,0.508),.UNSPECIFIED.);
#344=B_SPLINE_SURFACE_WITH_KNOTS('',3,1,((#5501,#5502),(#5503,#5504),(#5505,
#5506),(#5507,#5508),(#5509,#5510)),.UNSPECIFIED.,.F.,.F.,.F.,(4,1,4),(2,
2),(-0.156536090847859,-0.0770146633715462,0.),(0.,0.508),.UNSPECIFIED.);
#345=B_SPLINE_SURFACE_WITH_KNOTS('',3,1,((#5524,#5525),(#5526,#5527),(#5528,
#5529),(#5530,#5531),(#5532,#5533)),.UNSPECIFIED.,.F.,.F.,.F.,(4,1,4),(2,
2),(-0.221039692095668,-0.0955318199450866,0.),(0.,0.508),.UNSPECIFIED.);
#346=B_SPLINE_SURFACE_WITH_KNOTS('',3,1,((#5553,#5554),(#5555,#5556),(#5557,
#5558),(#5559,#5560),(#5561,#5562)),.UNSPECIFIED.,.F.,.F.,.F.,(4,1,4),(2,
2),(-0.238094829763473,-0.117456585213812,0.),(0.,0.508),.UNSPECIFIED.);
#347=B_SPLINE_SURFACE_WITH_KNOTS('',3,1,((#5576,#5577),(#5578,#5579),(#5580,
#5581),(#5582,#5583),(#5584,#5585)),.UNSPECIFIED.,.F.,.F.,.F.,(4,1,4),(2,
2),(-0.168258180008603,-0.0840504302591505,0.),(0.,0.508),.UNSPECIFIED.);
#348=B_SPLINE_SURFACE_WITH_KNOTS('',3,1,((#5599,#5600),(#5601,#5602),(#5603,
#5604),(#5605,#5606),(#5607,#5608)),.UNSPECIFIED.,.F.,.F.,.F.,(4,1,4),(2,
2),(-0.176381057748046,-0.0862551746858156,0.),(0.,0.508),.UNSPECIFIED.);
#349=B_SPLINE_SURFACE_WITH_KNOTS('',3,1,((#5622,#5623),(#5624,#5625),(#5626,
#5627),(#5628,#5629),(#5630,#5631)),.UNSPECIFIED.,.F.,.F.,.F.,(4,1,4),(2,
2),(-0.202166738987465,-0.0968209750400185,0.),(0.,0.508),.UNSPECIFIED.);
#350=B_SPLINE_SURFACE_WITH_KNOTS('',3,1,((#5645,#5646),(#5647,#5648),(#5649,
#5650),(#5651,#5652),(#5653,#5654)),.UNSPECIFIED.,.F.,.F.,.F.,(4,1,4),(2,
2),(-0.201198522351031,-0.103900788885307,0.),(0.,0.508),.UNSPECIFIED.);
#351=B_SPLINE_SURFACE_WITH_KNOTS('',3,1,((#5668,#5669),(#5670,#5671),(#5672,
#5673),(#5674,#5675),(#5676,#5677)),.UNSPECIFIED.,.F.,.F.,.F.,(4,1,4),(2,
2),(-0.175709575904154,-0.0902299105730298,0.),(0.,0.508),.UNSPECIFIED.);
#352=B_SPLINE_SURFACE_WITH_KNOTS('',3,1,((#5691,#5692),(#5693,#5694),(#5695,
#5696),(#5697,#5698),(#5699,#5700)),.UNSPECIFIED.,.F.,.F.,.F.,(4,1,4),(2,
2),(-0.170349043516048,-0.0843784929386568,0.),(0.,0.508),.UNSPECIFIED.);
#353=B_SPLINE_SURFACE_WITH_KNOTS('',3,1,((#5714,#5715),(#5716,#5717),(#5718,
#5719),(#5720,#5721),(#5722,#5723)),.UNSPECIFIED.,.F.,.F.,.F.,(4,1,4),(2,
2),(-0.120909869150218,-0.0623341175665704,0.),(0.,0.508),.UNSPECIFIED.);
#354=B_SPLINE_SURFACE_WITH_KNOTS('',3,1,((#5737,#5738),(#5739,#5740),(#5741,
#5742),(#5743,#5744),(#5745,#5746)),.UNSPECIFIED.,.F.,.F.,.F.,(4,1,4),(2,
2),(-0.110819510576367,-0.0562838245988946,0.),(0.,0.508),.UNSPECIFIED.);
#355=B_SPLINE_SURFACE_WITH_KNOTS('',3,1,((#5792,#5793),(#5794,#5795),(#5796,
#5797),(#5798,#5799),(#5800,#5801)),.UNSPECIFIED.,.F.,.F.,.F.,(4,1,4),(2,
2),(-0.146467530843594,-0.0815657464237456,0.),(0.,0.508),.UNSPECIFIED.);
#356=B_SPLINE_SURFACE_WITH_KNOTS('',3,1,((#5815,#5816),(#5817,#5818),(#5819,
#5820),(#5821,#5822),(#5823,#5824)),.UNSPECIFIED.,.F.,.F.,.F.,(4,1,4),(2,
2),(-0.1725598853984,-0.0859039179996833,0.),(0.,0.508),.UNSPECIFIED.);
#357=B_SPLINE_SURFACE_WITH_KNOTS('',3,1,((#5838,#5839),(#5840,#5841),(#5842,
#5843),(#5844,#5845),(#5846,#5847)),.UNSPECIFIED.,.F.,.F.,.F.,(4,1,4),(2,
2),(-0.156362029052471,-0.0791848050208227,0.),(0.,0.508),.UNSPECIFIED.);
#358=B_SPLINE_SURFACE_WITH_KNOTS('',3,1,((#5861,#5862),(#5863,#5864),(#5865,
#5866),(#5867,#5868),(#5869,#5870)),.UNSPECIFIED.,.F.,.F.,.F.,(4,1,4),(2,
2),(-0.167374193774825,-0.079947465638906,0.),(0.,0.508),.UNSPECIFIED.);
#359=B_SPLINE_SURFACE_WITH_KNOTS('',3,1,((#5890,#5891),(#5892,#5893),(#5894,
#5895),(#5896,#5897),(#5898,#5899)),.UNSPECIFIED.,.F.,.F.,.F.,(4,1,4),(2,
2),(-0.20841627201892,-0.107698574238631,0.),(0.,0.508),.UNSPECIFIED.);
#360=B_SPLINE_SURFACE_WITH_KNOTS('',3,1,((#5913,#5914),(#5915,#5916),(#5917,
#5918),(#5919,#5920),(#5921,#5922)),.UNSPECIFIED.,.F.,.F.,.F.,(4,1,4),(2,
2),(-0.219387073651058,-0.103340122352315,0.),(0.,0.508),.UNSPECIFIED.);
#361=B_SPLINE_SURFACE_WITH_KNOTS('',3,1,((#5936,#5937),(#5938,#5939),(#5940,
#5941),(#5942,#5943),(#5944,#5945)),.UNSPECIFIED.,.F.,.F.,.F.,(4,1,4),(2,
2),(-0.276664448215781,-0.144675973492075,0.),(0.,0.508),.UNSPECIFIED.);
#362=B_SPLINE_SURFACE_WITH_KNOTS('',3,1,((#5959,#5960),(#5961,#5962),(#5963,
#5964),(#5965,#5966),(#5967,#5968)),.UNSPECIFIED.,.F.,.F.,.F.,(4,1,4),(2,
2),(-0.295671459461741,-0.136859558465389,0.),(0.,0.508),.UNSPECIFIED.);
#363=B_SPLINE_SURFACE_WITH_KNOTS('',3,1,((#5982,#5983),(#5984,#5985),(#5986,
#5987),(#5988,#5989),(#5990,#5991)),.UNSPECIFIED.,.F.,.F.,.F.,(4,1,4),(2,
2),(-0.30472754195643,-0.164167978123101,0.),(0.,0.508),.UNSPECIFIED.);
#364=B_SPLINE_SURFACE_WITH_KNOTS('',3,1,((#6005,#6006),(#6007,#6008),(#6009,
#6010),(#6011,#6012),(#6013,#6014)),.UNSPECIFIED.,.F.,.F.,.F.,(4,1,4),(2,
2),(-0.270603915045386,-0.132093938901651,0.),(0.,0.508),.UNSPECIFIED.);
#365=B_SPLINE_SURFACE_WITH_KNOTS('',3,1,((#6028,#6029),(#6030,#6031),(#6032,
#6033),(#6034,#6035),(#6036,#6037)),.UNSPECIFIED.,.F.,.F.,.F.,(4,1,4),(2,
2),(-0.263366815181551,-0.134390415547549,0.),(0.,0.508),.UNSPECIFIED.);
#366=B_SPLINE_SURFACE_WITH_KNOTS('',3,1,((#6051,#6052),(#6053,#6054),(#6055,
#6056),(#6057,#6058),(#6059,#6060)),.UNSPECIFIED.,.F.,.F.,.F.,(4,1,4),(2,
2),(-0.298776282837269,-0.137721879631673,0.),(0.,0.508),.UNSPECIFIED.);
#367=B_SPLINE_SURFACE_WITH_KNOTS('',3,1,((#6074,#6075),(#6076,#6077),(#6078,
#6079),(#6080,#6081),(#6082,#6083)),.UNSPECIFIED.,.F.,.F.,.F.,(4,1,4),(2,
2),(-0.0327749244227108,-0.01365404749317,0.),(0.,0.508),.UNSPECIFIED.);
#368=B_SPLINE_SURFACE_WITH_KNOTS('',3,1,((#6103,#6104),(#6105,#6106),(#6107,
#6108),(#6109,#6110),(#6111,#6112)),.UNSPECIFIED.,.F.,.F.,.F.,(4,1,4),(2,
2),(-0.198169842831408,-0.107406435885619,0.),(0.,0.508),.UNSPECIFIED.);
#369=B_SPLINE_SURFACE_WITH_KNOTS('',3,1,((#6126,#6127),(#6128,#6129),(#6130,
#6131),(#6132,#6133),(#6134,#6135)),.UNSPECIFIED.,.F.,.F.,.F.,(4,1,4),(2,
2),(-0.16801152445946,-0.0832301867356635,0.),(0.,0.508),.UNSPECIFIED.);
#370=B_SPLINE_SURFACE_WITH_KNOTS('',3,1,((#6149,#6150),(#6151,#6152),(#6153,
#6154),(#6155,#6156),(#6157,#6158)),.UNSPECIFIED.,.F.,.F.,.F.,(4,1,4),(2,
2),(-0.122332352632955,-0.0632581451606925,0.),(0.,0.508),.UNSPECIFIED.);
#371=B_SPLINE_SURFACE_WITH_KNOTS('',3,1,((#6172,#6173),(#6174,#6175),(#6176,
#6177),(#6178,#6179),(#6180,#6181)),.UNSPECIFIED.,.F.,.F.,.F.,(4,1,4),(2,
2),(-0.137788510119279,-0.0629137758324285,0.),(0.,0.508),.UNSPECIFIED.);
#372=B_SPLINE_SURFACE_WITH_KNOTS('',3,1,((#6303,#6304),(#6305,#6306),(#6307,
#6308),(#6309,#6310),(#6311,#6312)),.UNSPECIFIED.,.F.,.F.,.F.,(4,1,4),(2,
2),(-0.146467689584536,-0.0815657923179358,0.),(0.,0.508),.UNSPECIFIED.);
#373=B_SPLINE_SURFACE_WITH_KNOTS('',3,1,((#6326,#6327),(#6328,#6329),(#6330,
#6331),(#6332,#6333),(#6334,#6335)),.UNSPECIFIED.,.F.,.F.,.F.,(4,1,4),(2,
2),(-0.1725598853984,-0.0859039179996833,0.),(0.,0.508),.UNSPECIFIED.);
#374=B_SPLINE_SURFACE_WITH_KNOTS('',3,1,((#6349,#6350),(#6351,#6352),(#6353,
#6354),(#6355,#6356),(#6357,#6358)),.UNSPECIFIED.,.F.,.F.,.F.,(4,1,4),(2,
2),(-0.156361758929269,-0.0791843358750448,0.),(0.,0.508),.UNSPECIFIED.);
#375=B_SPLINE_SURFACE_WITH_KNOTS('',3,1,((#6372,#6373),(#6374,#6375),(#6376,
#6377),(#6378,#6379),(#6380,#6381)),.UNSPECIFIED.,.F.,.F.,.F.,(4,1,4),(2,
2),(-0.167374060176357,-0.0799473320404382,0.),(0.,0.508),.UNSPECIFIED.);
#376=B_SPLINE_SURFACE_WITH_KNOTS('',3,1,((#6401,#6402),(#6403,#6404),(#6405,
#6406),(#6407,#6408),(#6409,#6410)),.UNSPECIFIED.,.F.,.F.,.F.,(4,1,4),(2,
2),(-0.208416434018618,-0.107698574238631,0.),(0.,0.508),.UNSPECIFIED.);
#377=B_SPLINE_SURFACE_WITH_KNOTS('',3,1,((#6424,#6425),(#6426,#6427),(#6428,
#6429),(#6430,#6431),(#6432,#6433)),.UNSPECIFIED.,.F.,.F.,.F.,(4,1,4),(2,
2),(-0.219387287056259,-0.103340335757516,0.),(0.,0.508),.UNSPECIFIED.);
#378=B_SPLINE_SURFACE_WITH_KNOTS('',3,1,((#6447,#6448),(#6449,#6450),(#6451,
#6452),(#6453,#6454),(#6455,#6456)),.UNSPECIFIED.,.F.,.F.,.F.,(4,1,4),(2,
2),(-0.276663978259935,-0.144675503536229,0.),(0.,0.508),.UNSPECIFIED.);
#379=B_SPLINE_SURFACE_WITH_KNOTS('',3,1,((#6470,#6471),(#6472,#6473),(#6474,
#6475),(#6476,#6477),(#6478,#6479)),.UNSPECIFIED.,.F.,.F.,.F.,(4,1,4),(2,
2),(-0.295671667981293,-0.136859801957313,0.),(0.,0.508),.UNSPECIFIED.);
#380=B_SPLINE_SURFACE_WITH_KNOTS('',3,1,((#6493,#6494),(#6495,#6496),(#6497,
#6498),(#6499,#6500),(#6501,#6502)),.UNSPECIFIED.,.F.,.F.,.F.,(4,1,4),(2,
2),(-0.304727336470519,-0.164168012325999,0.),(0.,0.508),.UNSPECIFIED.);
#381=B_SPLINE_SURFACE_WITH_KNOTS('',3,1,((#6516,#6517),(#6518,#6519),(#6520,
#6521),(#6522,#6523),(#6524,#6525)),.UNSPECIFIED.,.F.,.F.,.F.,(4,1,4),(2,
2),(-0.270604383887353,-0.132093938901651,0.),(0.,0.508),.UNSPECIFIED.);
#382=B_SPLINE_SURFACE_WITH_KNOTS('',3,1,((#6539,#6540),(#6541,#6542),(#6543,
#6544),(#6545,#6546),(#6547,#6548)),.UNSPECIFIED.,.F.,.F.,.F.,(4,1,4),(2,
2),(-0.263366541461575,-0.134389946863851,0.),(0.,0.508),.UNSPECIFIED.);
#383=B_SPLINE_SURFACE_WITH_KNOTS('',3,1,((#6562,#6563),(#6564,#6565),(#6566,
#6567),(#6568,#6569),(#6570,#6571)),.UNSPECIFIED.,.F.,.F.,.F.,(4,1,4),(2,
2),(-0.298776282837269,-0.137721879631673,0.),(0.,0.508),.UNSPECIFIED.);
#384=B_SPLINE_SURFACE_WITH_KNOTS('',3,1,((#6585,#6586),(#6587,#6588),(#6589,
#6590),(#6591,#6592),(#6593,#6594)),.UNSPECIFIED.,.F.,.F.,.F.,(4,1,4),(2,
2),(-0.0327749214439991,-0.0136540445144583,0.),(0.,0.508),
 .UNSPECIFIED.);
#385=B_SPLINE_SURFACE_WITH_KNOTS('',3,1,((#6614,#6615),(#6616,#6617),(#6618,
#6619),(#6620,#6621),(#6622,#6623)),.UNSPECIFIED.,.F.,.F.,.F.,(4,1,4),(2,
2),(-0.198169763733223,-0.107406480966249,0.),(0.,0.508),.UNSPECIFIED.);
#386=B_SPLINE_SURFACE_WITH_KNOTS('',3,1,((#6637,#6638),(#6639,#6640),(#6641,
#6642),(#6643,#6644),(#6645,#6646)),.UNSPECIFIED.,.F.,.F.,.F.,(4,1,4),(2,
2),(-0.16801160176768,-0.0832297956367822,0.),(0.,0.508),.UNSPECIFIED.);
#387=B_SPLINE_SURFACE_WITH_KNOTS('',3,1,((#6660,#6661),(#6662,#6663),(#6664,
#6665),(#6666,#6667),(#6668,#6669)),.UNSPECIFIED.,.F.,.F.,.F.,(4,1,4),(2,
2),(-0.122332399087975,-0.0632586172822577,0.),(0.,0.508),.UNSPECIFIED.);
#388=B_SPLINE_SURFACE_WITH_KNOTS('',3,1,((#6683,#6684),(#6685,#6686),(#6687,
#6688),(#6689,#6690),(#6691,#6692)),.UNSPECIFIED.,.F.,.F.,.F.,(4,1,4),(2,
2),(-0.137788567568138,-0.0629139381632503,0.),(0.,0.508),.UNSPECIFIED.);
#389=B_SPLINE_SURFACE_WITH_KNOTS('',3,1,((#6705,#6706),(#6707,#6708),(#6709,
#6710),(#6711,#6712),(#6713,#6714)),.UNSPECIFIED.,.F.,.F.,.F.,(4,1,4),(2,
2),(-0.206326588972158,-0.0873555829168408,0.),(0.,0.508),.UNSPECIFIED.);
#390=B_SPLINE_SURFACE_WITH_KNOTS('',3,1,((#6731,#6732),(#6733,#6734),(#6735,
#6736),(#6737,#6738),(#6739,#6740)),.UNSPECIFIED.,.F.,.F.,.F.,(4,1,4),(2,
2),(-0.110143760127757,-0.0657136439583194,0.),(0.,0.508),.UNSPECIFIED.);
#391=B_SPLINE_SURFACE_WITH_KNOTS('',3,1,((#6754,#6755),(#6756,#6757),(#6758,
#6759),(#6760,#6761),(#6762,#6763)),.UNSPECIFIED.,.F.,.F.,.F.,(4,1,4),(2,
2),(-0.0635052923056112,-0.0325026346893753,0.),(0.,0.508),
 .UNSPECIFIED.);
#392=B_SPLINE_SURFACE_WITH_KNOTS('',3,1,((#6777,#6778),(#6779,#6780),(#6781,
#6782),(#6783,#6784),(#6785,#6786)),.UNSPECIFIED.,.F.,.F.,.F.,(4,1,4),(2,
2),(-0.0614732887662241,-0.0305439197924671,0.),(0.,0.508),
 .UNSPECIFIED.);
#393=B_SPLINE_SURFACE_WITH_KNOTS('',3,1,((#6800,#6801),(#6802,#6803),(#6804,
#6805),(#6806,#6807),(#6808,#6809)),.UNSPECIFIED.,.F.,.F.,.F.,(4,1,4),(2,
2),(-0.0922374602493109,-0.0460047117020032,0.),(0.,0.508),
 .UNSPECIFIED.);
#394=B_SPLINE_SURFACE_WITH_KNOTS('',3,1,((#6823,#6824),(#6825,#6826),(#6827,
#6828),(#6829,#6830),(#6831,#6832)),.UNSPECIFIED.,.F.,.F.,.F.,(4,1,4),(2,
2),(-0.115586105495794,-0.051996679116678,0.),(0.,0.508),.UNSPECIFIED.);
#395=B_SPLINE_SURFACE_WITH_KNOTS('',3,1,((#6846,#6847),(#6848,#6849),(#6850,
#6851),(#6852,#6853),(#6854,#6855)),.UNSPECIFIED.,.F.,.F.,.F.,(4,1,4),(2,
2),(-0.131154767646696,-0.0675180120931266,0.),(0.,0.508),.UNSPECIFIED.);
#396=B_SPLINE_SURFACE_WITH_KNOTS('',3,1,((#6869,#6870),(#6871,#6872),(#6873,
#6874),(#6875,#6876),(#6877,#6878)),.UNSPECIFIED.,.F.,.F.,.F.,(4,1,4),(2,
2),(-0.119017076820826,-0.0604348406686461,0.),(0.,0.508),.UNSPECIFIED.);
#397=B_SPLINE_SURFACE_WITH_KNOTS('',3,1,((#6892,#6893),(#6894,#6895),(#6896,
#6897),(#6898,#6899),(#6900,#6901)),.UNSPECIFIED.,.F.,.F.,.F.,(4,1,4),(2,
2),(-0.125143864446175,-0.0536358191027311,0.),(0.,0.508),.UNSPECIFIED.);
#398=B_SPLINE_SURFACE_WITH_KNOTS('',3,1,((#6918,#6919),(#6920,#6921),(#6922,
#6923),(#6924,#6925),(#6926,#6927)),.UNSPECIFIED.,.F.,.F.,.F.,(4,1,4),(2,
2),(-0.155409738760867,-0.0832849939477627,0.),(0.,0.508),.UNSPECIFIED.);
#399=B_SPLINE_SURFACE_WITH_KNOTS('',3,1,((#6944,#6945),(#6946,#6947),(#6948,
#6949),(#6950,#6951),(#6952,#6953)),.UNSPECIFIED.,.F.,.F.,.F.,(4,1,4),(2,
2),(-0.138168425188226,-0.0678575732175984,0.),(0.,0.508),.UNSPECIFIED.);
#400=B_SPLINE_SURFACE_WITH_KNOTS('',3,1,((#6967,#6968),(#6969,#6970),(#6971,
#6972),(#6973,#6974),(#6975,#6976)),.UNSPECIFIED.,.F.,.F.,.F.,(4,1,4),(2,
2),(-0.196079841515631,-0.106642553708397,0.),(0.,0.508),.UNSPECIFIED.);
#401=B_SPLINE_SURFACE_WITH_KNOTS('',3,1,((#6990,#6991),(#6992,#6993),(#6994,
#6995),(#6996,#6997),(#6998,#6999)),.UNSPECIFIED.,.F.,.F.,.F.,(4,1,4),(2,
2),(-0.166293236214971,-0.0820658061046325,0.),(0.,0.508),.UNSPECIFIED.);
#402=B_SPLINE_SURFACE_WITH_KNOTS('',3,1,((#7013,#7014),(#7015,#7016),(#7017,
#7018),(#7019,#7020),(#7021,#7022)),.UNSPECIFIED.,.F.,.F.,.F.,(4,1,4),(2,
2),(-0.101073320673412,-0.0513014285255995,0.),(0.,0.508),.UNSPECIFIED.);
#403=B_SPLINE_SURFACE_WITH_KNOTS('',3,1,((#7036,#7037),(#7038,#7039),(#7040,
#7041),(#7042,#7043),(#7044,#7045)),.UNSPECIFIED.,.F.,.F.,.F.,(4,1,4),(2,
2),(-0.0956687843829933,-0.0485567765875186,0.),(0.,0.508),
 .UNSPECIFIED.);
#404=B_SPLINE_SURFACE_WITH_KNOTS('',3,1,((#7059,#7060),(#7061,#7062),(#7063,
#7064),(#7065,#7066),(#7067,#7068)),.UNSPECIFIED.,.F.,.F.,.F.,(4,1,4),(2,
2),(-0.0974704753374495,-0.0478307676895745,0.),(0.,0.508),
 .UNSPECIFIED.);
#405=B_SPLINE_SURFACE_WITH_KNOTS('',3,1,((#7082,#7083),(#7084,#7085),(#7086,
#7087),(#7088,#7089),(#7090,#7091)),.UNSPECIFIED.,.F.,.F.,.F.,(4,1,4),(2,
2),(-0.11082143672009,-0.0463562065929277,0.),(0.,0.508),.UNSPECIFIED.);
#406=B_SPLINE_SURFACE_WITH_KNOTS('',3,1,((#7105,#7106),(#7107,#7108),(#7109,
#7110),(#7111,#7112),(#7113,#7114)),.UNSPECIFIED.,.F.,.F.,.F.,(4,1,4),(2,
2),(-0.223448288398828,-0.130647639936591,0.),(0.,0.508),.UNSPECIFIED.);
#407=B_SPLINE_SURFACE_WITH_KNOTS('',3,1,((#7128,#7129),(#7130,#7131),(#7132,
#7133),(#7134,#7135),(#7136,#7137)),.UNSPECIFIED.,.F.,.F.,.F.,(4,1,4),(2,
2),(-0.0320919635003143,-0.0206563726527808,0.),(0.,0.508),
 .UNSPECIFIED.);
#408=B_SPLINE_SURFACE_WITH_KNOTS('',3,1,((#7151,#7152),(#7153,#7154),(#7155,
#7156),(#7157,#7158),(#7159,#7160)),.UNSPECIFIED.,.F.,.F.,.F.,(4,1,4),(2,
2),(-0.113882848535119,-0.064587241387039,0.),(0.,0.508),.UNSPECIFIED.);
#409=B_SPLINE_SURFACE_WITH_KNOTS('',3,1,((#7174,#7175),(#7176,#7177),(#7178,
#7179),(#7180,#7181),(#7182,#7183)),.UNSPECIFIED.,.F.,.F.,.F.,(4,1,4),(2,
2),(-0.148415778952296,-0.0663471860699964,0.),(0.,0.508),.UNSPECIFIED.);
#410=B_SPLINE_SURFACE_WITH_KNOTS('',3,1,((#7197,#7198),(#7199,#7200),(#7201,
#7202),(#7203,#7204),(#7205,#7206)),.UNSPECIFIED.,.F.,.F.,.F.,(4,1,4),(2,
2),(-0.13309619857761,-0.0757288277690534,0.),(0.,0.508),.UNSPECIFIED.);
#411=B_SPLINE_SURFACE_WITH_KNOTS('',3,1,((#7220,#7221),(#7222,#7223),(#7224,
#7225),(#7226,#7227),(#7228,#7229)),.UNSPECIFIED.,.F.,.F.,.F.,(4,1,4),(2,
2),(-0.125442520497529,-0.0553198290150643,0.),(0.,0.508),.UNSPECIFIED.);
#412=B_SPLINE_SURFACE_WITH_KNOTS('',3,1,((#7249,#7250),(#7251,#7252),(#7253,
#7254),(#7255,#7256),(#7257,#7258)),.UNSPECIFIED.,.F.,.F.,.F.,(4,1,4),(2,
2),(-0.136653078153723,-0.0730067796170485,0.),(0.,0.508),.UNSPECIFIED.);
#413=B_SPLINE_SURFACE_WITH_KNOTS('',3,1,((#7272,#7273),(#7274,#7275),(#7276,
#7277),(#7278,#7279),(#7280,#7281)),.UNSPECIFIED.,.F.,.F.,.F.,(4,1,4),(2,
2),(-0.13212157387299,-0.0622100881942762,0.),(0.,0.508),.UNSPECIFIED.);
#414=B_SPLINE_SURFACE_WITH_KNOTS('',3,1,((#7295,#7296),(#7297,#7298),(#7299,
#7300),(#7301,#7302),(#7303,#7304)),.UNSPECIFIED.,.F.,.F.,.F.,(4,1,4),(2,
2),(-0.167119236350027,-0.0789957974150862,0.),(0.,0.508),.UNSPECIFIED.);
#415=B_SPLINE_SURFACE_WITH_KNOTS('',3,1,((#7318,#7319),(#7320,#7321),(#7322,
#7323),(#7324,#7325),(#7326,#7327)),.UNSPECIFIED.,.F.,.F.,.F.,(4,1,4),(2,
2),(-0.153023857921195,-0.0843132990396989,0.),(0.,0.508),.UNSPECIFIED.);
#416=B_SPLINE_SURFACE_WITH_KNOTS('',3,1,((#7341,#7342),(#7343,#7344),(#7345,
#7346),(#7347,#7348),(#7349,#7350)),.UNSPECIFIED.,.F.,.F.,.F.,(4,1,4),(2,
2),(-0.102338169327702,-0.0560605205050554,0.),(0.,0.508),.UNSPECIFIED.);
#417=B_SPLINE_SURFACE_WITH_KNOTS('',3,1,((#7364,#7365),(#7366,#7367),(#7368,
#7369),(#7370,#7371),(#7372,#7373)),.UNSPECIFIED.,.F.,.F.,.F.,(4,1,4),(2,
2),(-0.0926133257925073,-0.0440678288365221,0.),(0.,0.508),
 .UNSPECIFIED.);
#418=B_SPLINE_SURFACE_WITH_KNOTS('',3,1,((#7387,#7388),(#7389,#7390),(#7391,
#7392),(#7393,#7394),(#7395,#7396)),.UNSPECIFIED.,.F.,.F.,.F.,(4,1,4),(2,
2),(-0.11357675661426,-0.0442711245405238,0.),(0.,0.508),.UNSPECIFIED.);
#419=B_SPLINE_SURFACE_WITH_KNOTS('',3,1,((#7416,#7417),(#7418,#7419),(#7420,
#7421),(#7422,#7423),(#7424,#7425)),.UNSPECIFIED.,.F.,.F.,.F.,(4,1,4),(2,
2),(-0.216979194665378,-0.139871003225967,0.),(0.,0.508),.UNSPECIFIED.);
#420=B_SPLINE_SURFACE_WITH_KNOTS('',3,1,((#7439,#7440),(#7441,#7442),(#7443,
#7444),(#7445,#7446),(#7447,#7448)),.UNSPECIFIED.,.F.,.F.,.F.,(4,1,4),(2,
2),(-0.0927475811464951,-0.0459686624078941,0.),(0.,0.508),
 .UNSPECIFIED.);
#421=B_SPLINE_SURFACE_WITH_KNOTS('',3,1,((#7468,#7469),(#7470,#7471),(#7472,
#7473),(#7474,#7475),(#7476,#7477)),.UNSPECIFIED.,.F.,.F.,.F.,(4,1,4),(2,
2),(-0.0931136316599141,-0.0443434335171446,0.),(0.,0.508),
 .UNSPECIFIED.);
#422=B_SPLINE_SURFACE_WITH_KNOTS('',3,1,((#7499,#7500),(#7501,#7502),(#7503,
#7504),(#7505,#7506),(#7507,#7508)),.UNSPECIFIED.,.F.,.F.,.F.,(4,1,4),(2,
2),(-0.191286309028015,-0.110383839834343,0.),(0.,0.508),.UNSPECIFIED.);
#423=B_SPLINE_SURFACE_WITH_KNOTS('',3,1,((#7522,#7523),(#7524,#7525),(#7526,
#7527),(#7528,#7529),(#7530,#7531)),.UNSPECIFIED.,.F.,.F.,.F.,(4,1,4),(2,
2),(-0.148451626074515,-0.070311296420016,0.),(0.,0.508),.UNSPECIFIED.);
#424=B_SPLINE_SURFACE_WITH_KNOTS('',3,1,((#7545,#7546),(#7547,#7548),(#7549,
#7550),(#7551,#7552),(#7553,#7554)),.UNSPECIFIED.,.F.,.F.,.F.,(4,1,4),(2,
2),(-0.11350840513488,-0.0588187457751227,0.),(0.,0.508),.UNSPECIFIED.);
#425=B_SPLINE_SURFACE_WITH_KNOTS('',3,1,((#7568,#7569),(#7570,#7571),(#7572,
#7573),(#7574,#7575),(#7576,#7577)),.UNSPECIFIED.,.F.,.F.,.F.,(4,1,4),(2,
2),(-0.10397880725847,-0.0522532509046387,0.),(0.,0.508),.UNSPECIFIED.);
#426=B_SPLINE_SURFACE_WITH_KNOTS('',3,1,((#7591,#7592),(#7593,#7594),(#7595,
#7596),(#7597,#7598),(#7599,#7600)),.UNSPECIFIED.,.F.,.F.,.F.,(4,1,4),(2,
2),(-0.124054398316146,-0.0480775749322482,0.),(0.,0.508),.UNSPECIFIED.);
#427=B_SPLINE_SURFACE_WITH_KNOTS('',3,1,((#7638,#7639),(#7640,#7641),(#7642,
#7643),(#7644,#7645),(#7646,#7647)),.UNSPECIFIED.,.F.,.F.,.F.,(4,1,4),(2,
2),(-0.152660704451434,-0.0879232729205808,0.),(0.,0.508),.UNSPECIFIED.);
#428=B_SPLINE_SURFACE_WITH_KNOTS('',3,1,((#7661,#7662),(#7663,#7664),(#7665,
#7666),(#7667,#7668),(#7669,#7670)),.UNSPECIFIED.,.F.,.F.,.F.,(4,1,4),(2,
2),(-0.132918603581769,-0.0700606104158095,0.),(0.,0.508),.UNSPECIFIED.);
#429=B_SPLINE_SURFACE_WITH_KNOTS('',3,1,((#7684,#7685),(#7686,#7687),(#7688,
#7689),(#7690,#7691),(#7692,#7693)),.UNSPECIFIED.,.F.,.F.,.F.,(4,1,4),(2,
2),(-0.12661281803673,-0.0611146020118207,0.),(0.,0.508),.UNSPECIFIED.);
#430=B_SPLINE_SURFACE_WITH_KNOTS('',3,1,((#7707,#7708),(#7709,#7710),(#7711,
#7712),(#7713,#7714),(#7715,#7716)),.UNSPECIFIED.,.F.,.F.,.F.,(4,1,4),(2,
2),(-0.140798886015545,-0.0690591758287778,0.),(0.,0.508),.UNSPECIFIED.);
#431=B_SPLINE_SURFACE_WITH_KNOTS('',3,1,((#7730,#7731),(#7732,#7733),(#7734,
#7735),(#7736,#7737),(#7738,#7739)),.UNSPECIFIED.,.F.,.F.,.F.,(4,1,4),(2,
2),(-0.235157350410078,-0.119579027595511,0.),(0.,0.508),.UNSPECIFIED.);
#432=B_SPLINE_SURFACE_WITH_KNOTS('',3,1,((#7753,#7754),(#7755,#7756),(#7757,
#7758),(#7759,#7760),(#7761,#7762)),.UNSPECIFIED.,.F.,.F.,.F.,(4,1,4),(2,
2),(-0.312771527753244,-0.131880312718281,0.),(0.,0.508),.UNSPECIFIED.);
#433=STYLED_ITEM('',(#7815),#444);
#434=STYLED_ITEM('',(#7815),#445);
#435=STYLED_ITEM('',(#7815),#446);
#436=STYLED_ITEM('',(#7815),#447);
#437=STYLED_ITEM('',(#7815),#448);
#438=STYLED_ITEM('',(#7815),#449);
#439=STYLED_ITEM('',(#7815),#450);
#440=STYLED_ITEM('',(#7815),#451);
#441=STYLED_ITEM('',(#7815),#452);
#442=STYLED_ITEM('',(#7815),#453);
#443=STYLED_ITEM('',(#7815),#454);
#444=MANIFOLD_SOLID_BREP('Body1',#3802);
#445=MANIFOLD_SOLID_BREP('Body2',#3803);
#446=MANIFOLD_SOLID_BREP('Body3',#3804);
#447=MANIFOLD_SOLID_BREP('Body4',#3805);
#448=MANIFOLD_SOLID_BREP('Body5',#3806);
#449=MANIFOLD_SOLID_BREP('Body6',#3807);
#450=MANIFOLD_SOLID_BREP('Body7',#3808);
#451=MANIFOLD_SOLID_BREP('Body8',#3809);
#452=MANIFOLD_SOLID_BREP('Body9',#3810);
#453=MANIFOLD_SOLID_BREP('Body10',#3811);
#454=MANIFOLD_SOLID_BREP('Body11',#3812);
#455=FACE_OUTER_BOUND('',#664,.T.);
#456=FACE_OUTER_BOUND('',#665,.T.);
#457=FACE_OUTER_BOUND('',#666,.T.);
#458=FACE_OUTER_BOUND('',#667,.T.);
#459=FACE_OUTER_BOUND('',#668,.T.);
#460=FACE_OUTER_BOUND('',#669,.T.);
#461=FACE_OUTER_BOUND('',#670,.T.);
#462=FACE_OUTER_BOUND('',#671,.T.);
#463=FACE_OUTER_BOUND('',#672,.T.);
#464=FACE_OUTER_BOUND('',#673,.T.);
#465=FACE_OUTER_BOUND('',#674,.T.);
#466=FACE_OUTER_BOUND('',#675,.T.);
#467=FACE_OUTER_BOUND('',#676,.T.);
#468=FACE_OUTER_BOUND('',#677,.T.);
#469=FACE_OUTER_BOUND('',#678,.T.);
#470=FACE_OUTER_BOUND('',#679,.T.);
#471=FACE_OUTER_BOUND('',#680,.T.);
#472=FACE_OUTER_BOUND('',#681,.T.);
#473=FACE_OUTER_BOUND('',#682,.T.);
#474=FACE_OUTER_BOUND('',#683,.T.);
#475=FACE_OUTER_BOUND('',#684,.T.);
#476=FACE_OUTER_BOUND('',#685,.T.);
#477=FACE_OUTER_BOUND('',#686,.T.);
#478=FACE_OUTER_BOUND('',#687,.T.);
#479=FACE_OUTER_BOUND('',#688,.T.);
#480=FACE_OUTER_BOUND('',#689,.T.);
#481=FACE_OUTER_BOUND('',#690,.T.);
#482=FACE_OUTER_BOUND('',#691,.T.);
#483=FACE_OUTER_BOUND('',#692,.T.);
#484=FACE_OUTER_BOUND('',#693,.T.);
#485=FACE_OUTER_BOUND('',#694,.T.);
#486=FACE_OUTER_BOUND('',#695,.T.);
#487=FACE_OUTER_BOUND('',#696,.T.);
#488=FACE_OUTER_BOUND('',#697,.T.);
#489=FACE_OUTER_BOUND('',#698,.T.);
#490=FACE_OUTER_BOUND('',#699,.T.);
#491=FACE_OUTER_BOUND('',#700,.T.);
#492=FACE_OUTER_BOUND('',#701,.T.);
#493=FACE_OUTER_BOUND('',#702,.T.);
#494=FACE_OUTER_BOUND('',#703,.T.);
#495=FACE_OUTER_BOUND('',#704,.T.);
#496=FACE_OUTER_BOUND('',#705,.T.);
#497=FACE_OUTER_BOUND('',#706,.T.);
#498=FACE_OUTER_BOUND('',#707,.T.);
#499=FACE_OUTER_BOUND('',#708,.T.);
#500=FACE_OUTER_BOUND('',#709,.T.);
#501=FACE_OUTER_BOUND('',#710,.T.);
#502=FACE_OUTER_BOUND('',#711,.T.);
#503=FACE_OUTER_BOUND('',#712,.T.);
#504=FACE_OUTER_BOUND('',#713,.T.);
#505=FACE_OUTER_BOUND('',#714,.T.);
#506=FACE_OUTER_BOUND('',#715,.T.);
#507=FACE_OUTER_BOUND('',#716,.T.);
#508=FACE_OUTER_BOUND('',#717,.T.);
#509=FACE_OUTER_BOUND('',#718,.T.);
#510=FACE_OUTER_BOUND('',#719,.T.);
#511=FACE_OUTER_BOUND('',#720,.T.);
#512=FACE_OUTER_BOUND('',#721,.T.);
#513=FACE_OUTER_BOUND('',#722,.T.);
#514=FACE_OUTER_BOUND('',#723,.T.);
#515=FACE_OUTER_BOUND('',#725,.T.);
#516=FACE_OUTER_BOUND('',#727,.T.);
#517=FACE_OUTER_BOUND('',#728,.T.);
#518=FACE_OUTER_BOUND('',#729,.T.);
#519=FACE_OUTER_BOUND('',#730,.T.);
#520=FACE_OUTER_BOUND('',#731,.T.);
#521=FACE_OUTER_BOUND('',#732,.T.);
#522=FACE_OUTER_BOUND('',#733,.T.);
#523=FACE_OUTER_BOUND('',#734,.T.);
#524=FACE_OUTER_BOUND('',#735,.T.);
#525=FACE_OUTER_BOUND('',#736,.T.);
#526=FACE_OUTER_BOUND('',#737,.T.);
#527=FACE_OUTER_BOUND('',#738,.T.);
#528=FACE_OUTER_BOUND('',#739,.T.);
#529=FACE_OUTER_BOUND('',#740,.T.);
#530=FACE_OUTER_BOUND('',#741,.T.);
#531=FACE_OUTER_BOUND('',#742,.T.);
#532=FACE_OUTER_BOUND('',#743,.T.);
#533=FACE_OUTER_BOUND('',#744,.T.);
#534=FACE_OUTER_BOUND('',#745,.T.);
#535=FACE_OUTER_BOUND('',#746,.T.);
#536=FACE_OUTER_BOUND('',#747,.T.);
#537=FACE_OUTER_BOUND('',#748,.T.);
#538=FACE_OUTER_BOUND('',#749,.T.);
#539=FACE_OUTER_BOUND('',#751,.T.);
#540=FACE_OUTER_BOUND('',#753,.T.);
#541=FACE_OUTER_BOUND('',#754,.T.);
#542=FACE_OUTER_BOUND('',#755,.T.);
#543=FACE_OUTER_BOUND('',#756,.T.);
#544=FACE_OUTER_BOUND('',#757,.T.);
#545=FACE_OUTER_BOUND('',#758,.T.);
#546=FACE_OUTER_BOUND('',#759,.T.);
#547=FACE_OUTER_BOUND('',#760,.T.);
#548=FACE_OUTER_BOUND('',#761,.T.);
#549=FACE_OUTER_BOUND('',#762,.T.);
#550=FACE_OUTER_BOUND('',#763,.T.);
#551=FACE_OUTER_BOUND('',#764,.T.);
#552=FACE_OUTER_BOUND('',#765,.T.);
#553=FACE_OUTER_BOUND('',#766,.T.);
#554=FACE_OUTER_BOUND('',#767,.T.);
#555=FACE_OUTER_BOUND('',#768,.T.);
#556=FACE_OUTER_BOUND('',#769,.T.);
#557=FACE_OUTER_BOUND('',#770,.T.);
#558=FACE_OUTER_BOUND('',#771,.T.);
#559=FACE_OUTER_BOUND('',#772,.T.);
#560=FACE_OUTER_BOUND('',#773,.T.);
#561=FACE_OUTER_BOUND('',#775,.T.);
#562=FACE_OUTER_BOUND('',#777,.T.);
#563=FACE_OUTER_BOUND('',#778,.T.);
#564=FACE_OUTER_BOUND('',#779,.T.);
#565=FACE_OUTER_BOUND('',#780,.T.);
#566=FACE_OUTER_BOUND('',#781,.T.);
#567=FACE_OUTER_BOUND('',#782,.T.);
#568=FACE_OUTER_BOUND('',#783,.T.);
#569=FACE_OUTER_BOUND('',#784,.T.);
#570=FACE_OUTER_BOUND('',#785,.T.);
#571=FACE_OUTER_BOUND('',#786,.T.);
#572=FACE_OUTER_BOUND('',#787,.T.);
#573=FACE_OUTER_BOUND('',#788,.T.);
#574=FACE_OUTER_BOUND('',#789,.T.);
#575=FACE_OUTER_BOUND('',#790,.T.);
#576=FACE_OUTER_BOUND('',#791,.T.);
#577=FACE_OUTER_BOUND('',#792,.T.);
#578=FACE_OUTER_BOUND('',#793,.T.);
#579=FACE_OUTER_BOUND('',#794,.T.);
#580=FACE_OUTER_BOUND('',#795,.T.);
#581=FACE_OUTER_BOUND('',#796,.T.);
#582=FACE_OUTER_BOUND('',#797,.T.);
#583=FACE_OUTER_BOUND('',#798,.T.);
#584=FACE_OUTER_BOUND('',#799,.T.);
#585=FACE_OUTER_BOUND('',#800,.T.);
#586=FACE_OUTER_BOUND('',#801,.T.);
#587=FACE_OUTER_BOUND('',#802,.T.);
#588=FACE_OUTER_BOUND('',#803,.T.);
#589=FACE_OUTER_BOUND('',#804,.T.);
#590=FACE_OUTER_BOUND('',#805,.T.);
#591=FACE_OUTER_BOUND('',#806,.T.);
#592=FACE_OUTER_BOUND('',#807,.T.);
#593=FACE_OUTER_BOUND('',#808,.T.);
#594=FACE_OUTER_BOUND('',#809,.T.);
#595=FACE_OUTER_BOUND('',#810,.T.);
#596=FACE_OUTER_BOUND('',#811,.T.);
#597=FACE_OUTER_BOUND('',#812,.T.);
#598=FACE_OUTER_BOUND('',#813,.T.);
#599=FACE_OUTER_BOUND('',#814,.T.);
#600=FACE_OUTER_BOUND('',#815,.T.);
#601=FACE_OUTER_BOUND('',#816,.T.);
#602=FACE_OUTER_BOUND('',#817,.T.);
#603=FACE_OUTER_BOUND('',#819,.T.);
#604=FACE_OUTER_BOUND('',#821,.T.);
#605=FACE_OUTER_BOUND('',#822,.T.);
#606=FACE_OUTER_BOUND('',#823,.T.);
#607=FACE_OUTER_BOUND('',#824,.T.);
#608=FACE_OUTER_BOUND('',#825,.T.);
#609=FACE_OUTER_BOUND('',#826,.T.);
#610=FACE_OUTER_BOUND('',#827,.T.);
#611=FACE_OUTER_BOUND('',#828,.T.);
#612=FACE_OUTER_BOUND('',#829,.T.);
#613=FACE_OUTER_BOUND('',#830,.T.);
#614=FACE_OUTER_BOUND('',#831,.T.);
#615=FACE_OUTER_BOUND('',#832,.T.);
#616=FACE_OUTER_BOUND('',#833,.T.);
#617=FACE_OUTER_BOUND('',#834,.T.);
#618=FACE_OUTER_BOUND('',#835,.T.);
#619=FACE_OUTER_BOUND('',#836,.T.);
#620=FACE_OUTER_BOUND('',#837,.T.);
#621=FACE_OUTER_BOUND('',#838,.T.);
#622=FACE_OUTER_BOUND('',#839,.T.);
#623=FACE_OUTER_BOUND('',#840,.T.);
#624=FACE_OUTER_BOUND('',#841,.T.);
#625=FACE_OUTER_BOUND('',#842,.T.);
#626=FACE_OUTER_BOUND('',#843,.T.);
#627=FACE_OUTER_BOUND('',#844,.T.);
#628=FACE_OUTER_BOUND('',#845,.T.);
#629=FACE_OUTER_BOUND('',#846,.T.);
#630=FACE_OUTER_BOUND('',#847,.T.);
#631=FACE_OUTER_BOUND('',#848,.T.);
#632=FACE_OUTER_BOUND('',#849,.T.);
#633=FACE_OUTER_BOUND('',#850,.T.);
#634=FACE_OUTER_BOUND('',#851,.T.);
#635=FACE_OUTER_BOUND('',#852,.T.);
#636=FACE_OUTER_BOUND('',#853,.T.);
#637=FACE_OUTER_BOUND('',#854,.T.);
#638=FACE_OUTER_BOUND('',#855,.T.);
#639=FACE_OUTER_BOUND('',#856,.T.);
#640=FACE_OUTER_BOUND('',#857,.T.);
#641=FACE_OUTER_BOUND('',#858,.T.);
#642=FACE_OUTER_BOUND('',#860,.T.);
#643=FACE_OUTER_BOUND('',#862,.T.);
#644=FACE_OUTER_BOUND('',#863,.T.);
#645=FACE_OUTER_BOUND('',#864,.T.);
#646=FACE_OUTER_BOUND('',#865,.T.);
#647=FACE_OUTER_BOUND('',#866,.T.);
#648=FACE_OUTER_BOUND('',#867,.T.);
#649=FACE_OUTER_BOUND('',#868,.T.);
#650=FACE_OUTER_BOUND('',#869,.T.);
#651=FACE_OUTER_BOUND('',#870,.T.);
#652=FACE_OUTER_BOUND('',#871,.T.);
#653=FACE_OUTER_BOUND('',#872,.T.);
#654=FACE_OUTER_BOUND('',#873,.T.);
#655=FACE_OUTER_BOUND('',#874,.T.);
#656=FACE_OUTER_BOUND('',#875,.T.);
#657=FACE_OUTER_BOUND('',#876,.T.);
#658=FACE_OUTER_BOUND('',#877,.T.);
#659=FACE_OUTER_BOUND('',#878,.T.);
#660=FACE_OUTER_BOUND('',#879,.T.);
#661=FACE_OUTER_BOUND('',#880,.T.);
#662=FACE_OUTER_BOUND('',#881,.T.);
#663=FACE_OUTER_BOUND('',#883,.T.);
#664=EDGE_LOOP('',(#2398,#2399,#2400,#2401));
#665=EDGE_LOOP('',(#2402,#2403,#2404,#2405));
#666=EDGE_LOOP('',(#2406,#2407,#2408,#2409));
#667=EDGE_LOOP('',(#2410,#2411,#2412,#2413));
#668=EDGE_LOOP('',(#2414,#2415,#2416,#2417));
#669=EDGE_LOOP('',(#2418,#2419,#2420,#2421));
#670=EDGE_LOOP('',(#2422,#2423,#2424,#2425));
#671=EDGE_LOOP('',(#2426,#2427,#2428,#2429));
#672=EDGE_LOOP('',(#2430,#2431,#2432,#2433));
#673=EDGE_LOOP('',(#2434,#2435,#2436,#2437));
#674=EDGE_LOOP('',(#2438,#2439,#2440,#2441));
#675=EDGE_LOOP('',(#2442,#2443,#2444,#2445));
#676=EDGE_LOOP('',(#2446,#2447,#2448,#2449));
#677=EDGE_LOOP('',(#2450,#2451,#2452,#2453));
#678=EDGE_LOOP('',(#2454,#2455,#2456,#2457));
#679=EDGE_LOOP('',(#2458,#2459,#2460,#2461));
#680=EDGE_LOOP('',(#2462,#2463,#2464,#2465));
#681=EDGE_LOOP('',(#2466,#2467,#2468,#2469));
#682=EDGE_LOOP('',(#2470,#2471,#2472,#2473));
#683=EDGE_LOOP('',(#2474,#2475,#2476,#2477));
#684=EDGE_LOOP('',(#2478,#2479,#2480,#2481));
#685=EDGE_LOOP('',(#2482,#2483,#2484,#2485));
#686=EDGE_LOOP('',(#2486,#2487,#2488,#2489));
#687=EDGE_LOOP('',(#2490,#2491,#2492,#2493));
#688=EDGE_LOOP('',(#2494,#2495,#2496,#2497));
#689=EDGE_LOOP('',(#2498,#2499,#2500,#2501,#2502,#2503,#2504,#2505,#2506,
#2507,#2508,#2509,#2510,#2511,#2512,#2513,#2514,#2515,#2516));
#690=EDGE_LOOP('',(#2517,#2518,#2519,#2520,#2521,#2522,#2523,#2524,#2525,
#2526,#2527,#2528,#2529,#2530,#2531,#2532,#2533,#2534,#2535));
#691=EDGE_LOOP('',(#2536,#2537,#2538,#2539));
#692=EDGE_LOOP('',(#2540,#2541,#2542,#2543));
#693=EDGE_LOOP('',(#2544,#2545,#2546,#2547));
#694=EDGE_LOOP('',(#2548,#2549,#2550,#2551));
#695=EDGE_LOOP('',(#2552,#2553,#2554,#2555));
#696=EDGE_LOOP('',(#2556,#2557,#2558,#2559));
#697=EDGE_LOOP('',(#2560,#2561,#2562,#2563));
#698=EDGE_LOOP('',(#2564,#2565,#2566,#2567));
#699=EDGE_LOOP('',(#2568,#2569,#2570,#2571));
#700=EDGE_LOOP('',(#2572,#2573,#2574,#2575));
#701=EDGE_LOOP('',(#2576,#2577,#2578,#2579));
#702=EDGE_LOOP('',(#2580,#2581,#2582,#2583));
#703=EDGE_LOOP('',(#2584,#2585,#2586,#2587));
#704=EDGE_LOOP('',(#2588,#2589,#2590,#2591,#2592,#2593,#2594,#2595,#2596,
#2597,#2598,#2599,#2600));
#705=EDGE_LOOP('',(#2601,#2602,#2603,#2604,#2605,#2606,#2607,#2608,#2609,
#2610,#2611,#2612,#2613));
#706=EDGE_LOOP('',(#2614,#2615,#2616,#2617));
#707=EDGE_LOOP('',(#2618,#2619,#2620,#2621));
#708=EDGE_LOOP('',(#2622,#2623,#2624,#2625));
#709=EDGE_LOOP('',(#2626,#2627,#2628,#2629));
#710=EDGE_LOOP('',(#2630,#2631,#2632,#2633));
#711=EDGE_LOOP('',(#2634,#2635,#2636,#2637));
#712=EDGE_LOOP('',(#2638,#2639,#2640,#2641));
#713=EDGE_LOOP('',(#2642,#2643,#2644,#2645));
#714=EDGE_LOOP('',(#2646,#2647,#2648,#2649));
#715=EDGE_LOOP('',(#2650,#2651,#2652,#2653));
#716=EDGE_LOOP('',(#2654,#2655,#2656,#2657));
#717=EDGE_LOOP('',(#2658,#2659,#2660,#2661));
#718=EDGE_LOOP('',(#2662,#2663,#2664,#2665));
#719=EDGE_LOOP('',(#2666,#2667,#2668,#2669));
#720=EDGE_LOOP('',(#2670,#2671,#2672,#2673));
#721=EDGE_LOOP('',(#2674,#2675,#2676,#2677));
#722=EDGE_LOOP('',(#2678,#2679,#2680,#2681));
#723=EDGE_LOOP('',(#2682,#2683,#2684,#2685,#2686,#2687,#2688,#2689,#2690));
#724=EDGE_LOOP('',(#2691,#2692,#2693,#2694,#2695,#2696,#2697,#2698));
#725=EDGE_LOOP('',(#2699,#2700,#2701,#2702,#2703,#2704,#2705,#2706,#2707));
#726=EDGE_LOOP('',(#2708,#2709,#2710,#2711,#2712,#2713,#2714,#2715));
#727=EDGE_LOOP('',(#2716,#2717,#2718,#2719));
#728=EDGE_LOOP('',(#2720,#2721,#2722,#2723));
#729=EDGE_LOOP('',(#2724,#2725,#2726,#2727));
#730=EDGE_LOOP('',(#2728,#2729,#2730,#2731));
#731=EDGE_LOOP('',(#2732,#2733,#2734,#2735));
#732=EDGE_LOOP('',(#2736,#2737,#2738,#2739));
#733=EDGE_LOOP('',(#2740,#2741,#2742,#2743));
#734=EDGE_LOOP('',(#2744,#2745,#2746,#2747));
#735=EDGE_LOOP('',(#2748,#2749,#2750,#2751));
#736=EDGE_LOOP('',(#2752,#2753,#2754,#2755));
#737=EDGE_LOOP('',(#2756,#2757,#2758,#2759));
#738=EDGE_LOOP('',(#2760,#2761,#2762,#2763));
#739=EDGE_LOOP('',(#2764,#2765,#2766,#2767));
#740=EDGE_LOOP('',(#2768,#2769,#2770,#2771));
#741=EDGE_LOOP('',(#2772,#2773,#2774,#2775));
#742=EDGE_LOOP('',(#2776,#2777,#2778,#2779));
#743=EDGE_LOOP('',(#2780,#2781,#2782,#2783));
#744=EDGE_LOOP('',(#2784,#2785,#2786,#2787));
#745=EDGE_LOOP('',(#2788,#2789,#2790,#2791));
#746=EDGE_LOOP('',(#2792,#2793,#2794,#2795));
#747=EDGE_LOOP('',(#2796,#2797,#2798,#2799));
#748=EDGE_LOOP('',(#2800,#2801,#2802,#2803));
#749=EDGE_LOOP('',(#2804,#2805,#2806,#2807,#2808,#2809,#2810,#2811,#2812,
#2813,#2814,#2815,#2816,#2817));
#750=EDGE_LOOP('',(#2818,#2819,#2820,#2821,#2822,#2823,#2824,#2825));
#751=EDGE_LOOP('',(#2826,#2827,#2828,#2829,#2830,#2831,#2832,#2833,#2834,
#2835,#2836,#2837,#2838,#2839));
#752=EDGE_LOOP('',(#2840,#2841,#2842,#2843,#2844,#2845,#2846,#2847));
#753=EDGE_LOOP('',(#2848,#2849,#2850,#2851));
#754=EDGE_LOOP('',(#2852,#2853,#2854,#2855));
#755=EDGE_LOOP('',(#2856,#2857,#2858,#2859));
#756=EDGE_LOOP('',(#2860,#2861,#2862,#2863));
#757=EDGE_LOOP('',(#2864,#2865,#2866,#2867));
#758=EDGE_LOOP('',(#2868,#2869,#2870,#2871));
#759=EDGE_LOOP('',(#2872,#2873,#2874,#2875));
#760=EDGE_LOOP('',(#2876,#2877,#2878,#2879));
#761=EDGE_LOOP('',(#2880,#2881,#2882,#2883));
#762=EDGE_LOOP('',(#2884,#2885,#2886,#2887));
#763=EDGE_LOOP('',(#2888,#2889,#2890,#2891));
#764=EDGE_LOOP('',(#2892,#2893,#2894,#2895));
#765=EDGE_LOOP('',(#2896,#2897,#2898,#2899));
#766=EDGE_LOOP('',(#2900,#2901,#2902,#2903));
#767=EDGE_LOOP('',(#2904,#2905,#2906,#2907));
#768=EDGE_LOOP('',(#2908,#2909,#2910,#2911));
#769=EDGE_LOOP('',(#2912,#2913,#2914,#2915));
#770=EDGE_LOOP('',(#2916,#2917,#2918,#2919));
#771=EDGE_LOOP('',(#2920,#2921,#2922,#2923));
#772=EDGE_LOOP('',(#2924,#2925,#2926,#2927));
#773=EDGE_LOOP('',(#2928,#2929,#2930,#2931,#2932,#2933,#2934,#2935,#2936,
#2937,#2938,#2939,#2940,#2941,#2942));
#774=EDGE_LOOP('',(#2943,#2944,#2945,#2946,#2947));
#775=EDGE_LOOP('',(#2948,#2949,#2950,#2951,#2952,#2953,#2954,#2955,#2956,
#2957,#2958,#2959,#2960,#2961,#2962));
#776=EDGE_LOOP('',(#2963,#2964,#2965,#2966,#2967));
#777=EDGE_LOOP('',(#2968,#2969,#2970,#2971));
#778=EDGE_LOOP('',(#2972,#2973,#2974,#2975));
#779=EDGE_LOOP('',(#2976,#2977,#2978,#2979));
#780=EDGE_LOOP('',(#2980,#2981,#2982,#2983));
#781=EDGE_LOOP('',(#2984,#2985,#2986,#2987));
#782=EDGE_LOOP('',(#2988,#2989,#2990,#2991));
#783=EDGE_LOOP('',(#2992,#2993,#2994,#2995));
#784=EDGE_LOOP('',(#2996,#2997,#2998,#2999));
#785=EDGE_LOOP('',(#3000,#3001,#3002,#3003));
#786=EDGE_LOOP('',(#3004,#3005,#3006,#3007));
#787=EDGE_LOOP('',(#3008,#3009,#3010,#3011));
#788=EDGE_LOOP('',(#3012,#3013,#3014,#3015));
#789=EDGE_LOOP('',(#3016,#3017,#3018,#3019));
#790=EDGE_LOOP('',(#3020,#3021,#3022,#3023));
#791=EDGE_LOOP('',(#3024,#3025,#3026,#3027));
#792=EDGE_LOOP('',(#3028,#3029,#3030,#3031));
#793=EDGE_LOOP('',(#3032,#3033,#3034,#3035));
#794=EDGE_LOOP('',(#3036,#3037,#3038,#3039));
#795=EDGE_LOOP('',(#3040,#3041,#3042,#3043,#3044,#3045,#3046,#3047,#3048,
#3049,#3050,#3051));
#796=EDGE_LOOP('',(#3052,#3053,#3054,#3055,#3056,#3057,#3058,#3059,#3060,
#3061,#3062,#3063));
#797=EDGE_LOOP('',(#3064,#3065,#3066,#3067));
#798=EDGE_LOOP('',(#3068,#3069,#3070,#3071));
#799=EDGE_LOOP('',(#3072,#3073,#3074,#3075));
#800=EDGE_LOOP('',(#3076,#3077,#3078,#3079));
#801=EDGE_LOOP('',(#3080,#3081,#3082,#3083));
#802=EDGE_LOOP('',(#3084,#3085,#3086,#3087));
#803=EDGE_LOOP('',(#3088,#3089,#3090,#3091));
#804=EDGE_LOOP('',(#3092,#3093,#3094,#3095));
#805=EDGE_LOOP('',(#3096,#3097,#3098,#3099));
#806=EDGE_LOOP('',(#3100,#3101,#3102,#3103));
#807=EDGE_LOOP('',(#3104,#3105,#3106,#3107));
#808=EDGE_LOOP('',(#3108,#3109,#3110,#3111));
#809=EDGE_LOOP('',(#3112,#3113,#3114,#3115));
#810=EDGE_LOOP('',(#3116,#3117,#3118,#3119));
#811=EDGE_LOOP('',(#3120,#3121,#3122,#3123));
#812=EDGE_LOOP('',(#3124,#3125,#3126,#3127));
#813=EDGE_LOOP('',(#3128,#3129,#3130,#3131));
#814=EDGE_LOOP('',(#3132,#3133,#3134,#3135));
#815=EDGE_LOOP('',(#3136,#3137,#3138,#3139));
#816=EDGE_LOOP('',(#3140,#3141,#3142,#3143));
#817=EDGE_LOOP('',(#3144,#3145,#3146,#3147,#3148,#3149,#3150,#3151,#3152,
#3153,#3154,#3155,#3156,#3157,#3158));
#818=EDGE_LOOP('',(#3159,#3160,#3161,#3162,#3163));
#819=EDGE_LOOP('',(#3164,#3165,#3166,#3167,#3168,#3169,#3170,#3171,#3172,
#3173,#3174,#3175,#3176,#3177,#3178));
#820=EDGE_LOOP('',(#3179,#3180,#3181,#3182,#3183));
#821=EDGE_LOOP('',(#3184,#3185,#3186,#3187));
#822=EDGE_LOOP('',(#3188,#3189,#3190,#3191));
#823=EDGE_LOOP('',(#3192,#3193,#3194,#3195));
#824=EDGE_LOOP('',(#3196,#3197,#3198,#3199));
#825=EDGE_LOOP('',(#3200,#3201,#3202,#3203));
#826=EDGE_LOOP('',(#3204,#3205,#3206,#3207));
#827=EDGE_LOOP('',(#3208,#3209,#3210,#3211));
#828=EDGE_LOOP('',(#3212,#3213,#3214,#3215));
#829=EDGE_LOOP('',(#3216,#3217,#3218,#3219));
#830=EDGE_LOOP('',(#3220,#3221,#3222,#3223));
#831=EDGE_LOOP('',(#3224,#3225,#3226,#3227));
#832=EDGE_LOOP('',(#3228,#3229,#3230,#3231));
#833=EDGE_LOOP('',(#3232,#3233,#3234,#3235));
#834=EDGE_LOOP('',(#3236,#3237,#3238,#3239));
#835=EDGE_LOOP('',(#3240,#3241,#3242,#3243));
#836=EDGE_LOOP('',(#3244,#3245,#3246,#3247));
#837=EDGE_LOOP('',(#3248,#3249,#3250,#3251));
#838=EDGE_LOOP('',(#3252,#3253,#3254,#3255));
#839=EDGE_LOOP('',(#3256,#3257,#3258,#3259));
#840=EDGE_LOOP('',(#3260,#3261,#3262,#3263));
#841=EDGE_LOOP('',(#3264,#3265,#3266,#3267));
#842=EDGE_LOOP('',(#3268,#3269,#3270,#3271));
#843=EDGE_LOOP('',(#3272,#3273,#3274,#3275));
#844=EDGE_LOOP('',(#3276,#3277,#3278,#3279));
#845=EDGE_LOOP('',(#3280,#3281,#3282,#3283));
#846=EDGE_LOOP('',(#3284,#3285,#3286,#3287));
#847=EDGE_LOOP('',(#3288,#3289,#3290,#3291));
#848=EDGE_LOOP('',(#3292,#3293,#3294,#3295));
#849=EDGE_LOOP('',(#3296,#3297,#3298,#3299));
#850=EDGE_LOOP('',(#3300,#3301,#3302,#3303));
#851=EDGE_LOOP('',(#3304,#3305,#3306,#3307));
#852=EDGE_LOOP('',(#3308,#3309,#3310,#3311));
#853=EDGE_LOOP('',(#3312,#3313,#3314,#3315));
#854=EDGE_LOOP('',(#3316,#3317,#3318,#3319));
#855=EDGE_LOOP('',(#3320,#3321,#3322,#3323));
#856=EDGE_LOOP('',(#3324,#3325,#3326,#3327));
#857=EDGE_LOOP('',(#3328,#3329,#3330,#3331));
#858=EDGE_LOOP('',(#3332,#3333,#3334,#3335,#3336,#3337,#3338,#3339,#3340,
#3341,#3342,#3343,#3344,#3345,#3346,#3347,#3348,#3349,#3350,#3351,#3352,
#3353,#3354,#3355,#3356,#3357,#3358));
#859=EDGE_LOOP('',(#3359,#3360,#3361,#3362,#3363,#3364,#3365,#3366,#3367,
#3368));
#860=EDGE_LOOP('',(#3369,#3370,#3371,#3372,#3373,#3374,#3375,#3376,#3377,
#3378,#3379,#3380,#3381,#3382,#3383,#3384,#3385,#3386,#3387,#3388,#3389,
#3390,#3391,#3392,#3393,#3394,#3395));
#861=EDGE_LOOP('',(#3396,#3397,#3398,#3399,#3400,#3401,#3402,#3403,#3404,
#3405));
#862=EDGE_LOOP('',(#3406,#3407,#3408,#3409));
#863=EDGE_LOOP('',(#3410,#3411,#3412,#3413));
#864=EDGE_LOOP('',(#3414,#3415,#3416,#3417));
#865=EDGE_LOOP('',(#3418,#3419,#3420,#3421));
#866=EDGE_LOOP('',(#3422,#3423,#3424,#3425));
#867=EDGE_LOOP('',(#3426,#3427,#3428,#3429));
#868=EDGE_LOOP('',(#3430,#3431,#3432,#3433));
#869=EDGE_LOOP('',(#3434,#3435,#3436,#3437));
#870=EDGE_LOOP('',(#3438,#3439,#3440,#3441));
#871=EDGE_LOOP('',(#3442,#3443,#3444,#3445));
#872=EDGE_LOOP('',(#3446,#3447,#3448,#3449));
#873=EDGE_LOOP('',(#3450,#3451,#3452,#3453));
#874=EDGE_LOOP('',(#3454,#3455,#3456,#3457));
#875=EDGE_LOOP('',(#3458,#3459,#3460,#3461));
#876=EDGE_LOOP('',(#3462,#3463,#3464,#3465));
#877=EDGE_LOOP('',(#3466,#3467,#3468,#3469));
#878=EDGE_LOOP('',(#3470,#3471,#3472,#3473));
#879=EDGE_LOOP('',(#3474,#3475,#3476,#3477));
#880=EDGE_LOOP('',(#3478,#3479,#3480,#3481));
#881=EDGE_LOOP('',(#3482,#3483,#3484,#3485,#3486,#3487,#3488,#3489,#3490,
#3491,#3492));
#882=EDGE_LOOP('',(#3493,#3494,#3495,#3496,#3497,#3498,#3499,#3500));
#883=EDGE_LOOP('',(#3501,#3502,#3503,#3504,#3505,#3506,#3507,#3508,#3509,
#3510,#3511));
#884=EDGE_LOOP('',(#3512,#3513,#3514,#3515,#3516,#3517,#3518,#3519));
#885=LINE('',#4340,#1174);
#886=LINE('',#4342,#1175);
#887=LINE('',#4344,#1176);
#888=LINE('',#4345,#1177);
#889=LINE('',#4348,#1178);
#890=LINE('',#4350,#1179);
#891=LINE('',#4351,#1180);
#892=LINE('',#4354,#1181);
#893=LINE('',#4356,#1182);
#894=LINE('',#4357,#1183);
#895=LINE('',#4359,#1184);
#896=LINE('',#4360,#1185);
#897=LINE('',#4366,#1186);
#898=LINE('',#4368,#1187);
#899=LINE('',#4370,#1188);
#900=LINE('',#4371,#1189);
#901=LINE('',#4394,#1190);
#902=LINE('',#4417,#1191);
#903=LINE('',#4440,#1192);
#904=LINE('',#4463,#1193);
#905=LINE('',#4486,#1194);
#906=LINE('',#4509,#1195);
#907=LINE('',#4532,#1196);
#908=LINE('',#4555,#1197);
#909=LINE('',#4578,#1198);
#910=LINE('',#4581,#1199);
#911=LINE('',#4583,#1200);
#912=LINE('',#4584,#1201);
#913=LINE('',#4607,#1202);
#914=LINE('',#4630,#1203);
#915=LINE('',#4653,#1204);
#916=LINE('',#4676,#1205);
#917=LINE('',#4699,#1206);
#918=LINE('',#4722,#1207);
#919=LINE('',#4745,#1208);
#920=LINE('',#4771,#1209);
#921=LINE('',#4773,#1210);
#922=LINE('',#4775,#1211);
#923=LINE('',#4776,#1212);
#924=LINE('',#4779,#1213);
#925=LINE('',#4781,#1214);
#926=LINE('',#4782,#1215);
#927=LINE('',#4785,#1216);
#928=LINE('',#4787,#1217);
#929=LINE('',#4788,#1218);
#930=LINE('',#4811,#1219);
#931=LINE('',#4834,#1220);
#932=LINE('',#4857,#1221);
#933=LINE('',#4860,#1222);
#934=LINE('',#4862,#1223);
#935=LINE('',#4863,#1224);
#936=LINE('',#4886,#1225);
#937=LINE('',#4909,#1226);
#938=LINE('',#4932,#1227);
#939=LINE('',#4955,#1228);
#940=LINE('',#4958,#1229);
#941=LINE('',#4960,#1230);
#942=LINE('',#4961,#1231);
#943=LINE('',#4963,#1232);
#944=LINE('',#4964,#1233);
#945=LINE('',#4985,#1234);
#946=LINE('',#4992,#1235);
#947=LINE('',#5015,#1236);
#948=LINE('',#5038,#1237);
#949=LINE('',#5061,#1238);
#950=LINE('',#5084,#1239);
#951=LINE('',#5107,#1240);
#952=LINE('',#5130,#1241);
#953=LINE('',#5169,#1242);
#954=LINE('',#5176,#1243);
#955=LINE('',#5199,#1244);
#956=LINE('',#5222,#1245);
#957=LINE('',#5245,#1246);
#958=LINE('',#5268,#1247);
#959=LINE('',#5291,#1248);
#960=LINE('',#5314,#1249);
#961=LINE('',#5337,#1250);
#962=LINE('',#5378,#1251);
#963=LINE('',#5385,#1252);
#964=LINE('',#5408,#1253);
#965=LINE('',#5431,#1254);
#966=LINE('',#5454,#1255);
#967=LINE('',#5477,#1256);
#968=LINE('',#5500,#1257);
#969=LINE('',#5523,#1258);
#970=LINE('',#5547,#1259);
#971=LINE('',#5549,#1260);
#972=LINE('',#5551,#1261);
#973=LINE('',#5552,#1262);
#974=LINE('',#5575,#1263);
#975=LINE('',#5598,#1264);
#976=LINE('',#5621,#1265);
#977=LINE('',#5644,#1266);
#978=LINE('',#5667,#1267);
#979=LINE('',#5690,#1268);
#980=LINE('',#5713,#1269);
#981=LINE('',#5736,#1270);
#982=LINE('',#5759,#1271);
#983=LINE('',#5762,#1272);
#984=LINE('',#5764,#1273);
#985=LINE('',#5765,#1274);
#986=LINE('',#5768,#1275);
#987=LINE('',#5770,#1276);
#988=LINE('',#5771,#1277);
#989=LINE('',#5774,#1278);
#990=LINE('',#5776,#1279);
#991=LINE('',#5777,#1280);
#992=LINE('',#5779,#1281);
#993=LINE('',#5780,#1282);
#994=LINE('',#5786,#1283);
#995=LINE('',#5788,#1284);
#996=LINE('',#5790,#1285);
#997=LINE('',#5791,#1286);
#998=LINE('',#5814,#1287);
#999=LINE('',#5837,#1288);
#1000=LINE('',#5860,#1289);
#1001=LINE('',#5884,#1290);
#1002=LINE('',#5886,#1291);
#1003=LINE('',#5888,#1292);
#1004=LINE('',#5889,#1293);
#1005=LINE('',#5912,#1294);
#1006=LINE('',#5935,#1295);
#1007=LINE('',#5958,#1296);
#1008=LINE('',#5981,#1297);
#1009=LINE('',#6004,#1298);
#1010=LINE('',#6027,#1299);
#1011=LINE('',#6050,#1300);
#1012=LINE('',#6073,#1301);
#1013=LINE('',#6096,#1302);
#1014=LINE('',#6099,#1303);
#1015=LINE('',#6101,#1304);
#1016=LINE('',#6102,#1305);
#1017=LINE('',#6125,#1306);
#1018=LINE('',#6148,#1307);
#1019=LINE('',#6171,#1308);
#1020=LINE('',#6197,#1309);
#1021=LINE('',#6199,#1310);
#1022=LINE('',#6201,#1311);
#1023=LINE('',#6202,#1312);
#1024=LINE('',#6205,#1313);
#1025=LINE('',#6207,#1314);
#1026=LINE('',#6208,#1315);
#1027=LINE('',#6211,#1316);
#1028=LINE('',#6213,#1317);
#1029=LINE('',#6214,#1318);
#1030=LINE('',#6216,#1319);
#1031=LINE('',#6217,#1320);
#1032=LINE('',#6223,#1321);
#1033=LINE('',#6225,#1322);
#1034=LINE('',#6227,#1323);
#1035=LINE('',#6228,#1324);
#1036=LINE('',#6231,#1325);
#1037=LINE('',#6233,#1326);
#1038=LINE('',#6234,#1327);
#1039=LINE('',#6237,#1328);
#1040=LINE('',#6239,#1329);
#1041=LINE('',#6240,#1330);
#1042=LINE('',#6243,#1331);
#1043=LINE('',#6245,#1332);
#1044=LINE('',#6246,#1333);
#1045=LINE('',#6249,#1334);
#1046=LINE('',#6251,#1335);
#1047=LINE('',#6252,#1336);
#1048=LINE('',#6255,#1337);
#1049=LINE('',#6257,#1338);
#1050=LINE('',#6258,#1339);
#1051=LINE('',#6261,#1340);
#1052=LINE('',#6263,#1341);
#1053=LINE('',#6264,#1342);
#1054=LINE('',#6267,#1343);
#1055=LINE('',#6269,#1344);
#1056=LINE('',#6270,#1345);
#1057=LINE('',#6273,#1346);
#1058=LINE('',#6275,#1347);
#1059=LINE('',#6276,#1348);
#1060=LINE('',#6279,#1349);
#1061=LINE('',#6281,#1350);
#1062=LINE('',#6282,#1351);
#1063=LINE('',#6285,#1352);
#1064=LINE('',#6287,#1353);
#1065=LINE('',#6288,#1354);
#1066=LINE('',#6290,#1355);
#1067=LINE('',#6291,#1356);
#1068=LINE('',#6297,#1357);
#1069=LINE('',#6299,#1358);
#1070=LINE('',#6301,#1359);
#1071=LINE('',#6302,#1360);
#1072=LINE('',#6325,#1361);
#1073=LINE('',#6348,#1362);
#1074=LINE('',#6371,#1363);
#1075=LINE('',#6395,#1364);
#1076=LINE('',#6397,#1365);
#1077=LINE('',#6399,#1366);
#1078=LINE('',#6400,#1367);
#1079=LINE('',#6423,#1368);
#1080=LINE('',#6446,#1369);
#1081=LINE('',#6469,#1370);
#1082=LINE('',#6492,#1371);
#1083=LINE('',#6515,#1372);
#1084=LINE('',#6538,#1373);
#1085=LINE('',#6561,#1374);
#1086=LINE('',#6584,#1375);
#1087=LINE('',#6607,#1376);
#1088=LINE('',#6610,#1377);
#1089=LINE('',#6612,#1378);
#1090=LINE('',#6613,#1379);
#1091=LINE('',#6636,#1380);
#1092=LINE('',#6659,#1381);
#1093=LINE('',#6682,#1382);
#1094=LINE('',#6723,#1383);
#1095=LINE('',#6730,#1384);
#1096=LINE('',#6753,#1385);
#1097=LINE('',#6776,#1386);
#1098=LINE('',#6799,#1387);
#1099=LINE('',#6822,#1388);
#1100=LINE('',#6845,#1389);
#1101=LINE('',#6868,#1390);
#1102=LINE('',#6891,#1391);
#1103=LINE('',#6914,#1392);
#1104=LINE('',#6916,#1393);
#1105=LINE('',#6917,#1394);
#1106=LINE('',#6936,#1395);
#1107=LINE('',#6943,#1396);
#1108=LINE('',#6966,#1397);
#1109=LINE('',#6989,#1398);
#1110=LINE('',#7012,#1399);
#1111=LINE('',#7035,#1400);
#1112=LINE('',#7058,#1401);
#1113=LINE('',#7081,#1402);
#1114=LINE('',#7104,#1403);
#1115=LINE('',#7127,#1404);
#1116=LINE('',#7150,#1405);
#1117=LINE('',#7173,#1406);
#1118=LINE('',#7196,#1407);
#1119=LINE('',#7219,#1408);
#1120=LINE('',#7242,#1409);
#1121=LINE('',#7245,#1410);
#1122=LINE('',#7247,#1411);
#1123=LINE('',#7248,#1412);
#1124=LINE('',#7271,#1413);
#1125=LINE('',#7294,#1414);
#1126=LINE('',#7317,#1415);
#1127=LINE('',#7340,#1416);
#1128=LINE('',#7363,#1417);
#1129=LINE('',#7386,#1418);
#1130=LINE('',#7409,#1419);
#1131=LINE('',#7412,#1420);
#1132=LINE('',#7414,#1421);
#1133=LINE('',#7415,#1422);
#1134=LINE('',#7438,#1423);
#1135=LINE('',#7461,#1424);
#1136=LINE('',#7464,#1425);
#1137=LINE('',#7466,#1426);
#1138=LINE('',#7467,#1427);
#1139=LINE('',#7493,#1428);
#1140=LINE('',#7495,#1429);
#1141=LINE('',#7497,#1430);
#1142=LINE('',#7498,#1431);
#1143=LINE('',#7521,#1432);
#1144=LINE('',#7544,#1433);
#1145=LINE('',#7567,#1434);
#1146=LINE('',#7590,#1435);
#1147=LINE('',#7613,#1436);
#1148=LINE('',#7616,#1437);
#1149=LINE('',#7618,#1438);
#1150=LINE('',#7619,#1439);
#1151=LINE('',#7621,#1440);
#1152=LINE('',#7622,#1441);
#1153=LINE('',#7626,#1442);
#1154=LINE('',#7628,#1443);
#1155=LINE('',#7630,#1444);
#1156=LINE('',#7631,#1445);
#1157=LINE('',#7634,#1446);
#1158=LINE('',#7636,#1447);
#1159=LINE('',#7637,#1448);
#1160=LINE('',#7660,#1449);
#1161=LINE('',#7683,#1450);
#1162=LINE('',#7706,#1451);
#1163=LINE('',#7729,#1452);
#1164=LINE('',#7752,#1453);
#1165=LINE('',#7775,#1454);
#1166=LINE('',#7778,#1455);
#1167=LINE('',#7780,#1456);
#1168=LINE('',#7781,#1457);
#1169=LINE('',#7784,#1458);
#1170=LINE('',#7786,#1459);
#1171=LINE('',#7787,#1460);
#1172=LINE('',#7789,#1461);
#1173=LINE('',#7790,#1462);
#1174=VECTOR('',#3903,0.393700787401575);
#1175=VECTOR('',#3904,0.393700787401575);
#1176=VECTOR('',#3905,0.393700787401575);
#1177=VECTOR('',#3906,0.393700787401575);
#1178=VECTOR('',#3909,0.393700787401575);
#1179=VECTOR('',#3910,0.393700787401575);
#1180=VECTOR('',#3911,0.393700787401575);
#1181=VECTOR('',#3914,0.393700787401575);
#1182=VECTOR('',#3915,0.393700787401575);
#1183=VECTOR('',#3916,0.393700787401575);
#1184=VECTOR('',#3919,0.393700787401575);
#1185=VECTOR('',#3920,0.393700787401575);
#1186=VECTOR('',#3927,0.393700787401575);
#1187=VECTOR('',#3928,0.393700787401575);
#1188=VECTOR('',#3929,0.393700787401575);
#1189=VECTOR('',#3930,0.393700787401575);
#1190=VECTOR('',#3931,0.393700787401575);
#1191=VECTOR('',#3932,0.393700787401575);
#1192=VECTOR('',#3933,0.393700787401575);
#1193=VECTOR('',#3934,0.393700787401575);
#1194=VECTOR('',#3935,0.393700787401575);
#1195=VECTOR('',#3936,0.393700787401575);
#1196=VECTOR('',#3937,0.393700787401575);
#1197=VECTOR('',#3938,0.393700787401575);
#1198=VECTOR('',#3939,0.393700787401575);
#1199=VECTOR('',#3942,0.393700787401575);
#1200=VECTOR('',#3943,0.393700787401575);
#1201=VECTOR('',#3944,0.393700787401575);
#1202=VECTOR('',#3945,0.393700787401575);
#1203=VECTOR('',#3946,0.393700787401575);
#1204=VECTOR('',#3947,0.393700787401575);
#1205=VECTOR('',#3948,0.393700787401575);
#1206=VECTOR('',#3949,0.393700787401575);
#1207=VECTOR('',#3950,0.393700787401575);
#1208=VECTOR('',#3951,0.393700787401575);
#1209=VECTOR('',#3958,0.393700787401575);
#1210=VECTOR('',#3959,0.393700787401575);
#1211=VECTOR('',#3960,0.393700787401575);
#1212=VECTOR('',#3961,0.393700787401575);
#1213=VECTOR('',#3964,0.393700787401575);
#1214=VECTOR('',#3965,0.393700787401575);
#1215=VECTOR('',#3966,0.393700787401575);
#1216=VECTOR('',#3969,0.393700787401575);
#1217=VECTOR('',#3970,0.393700787401575);
#1218=VECTOR('',#3971,0.393700787401575);
#1219=VECTOR('',#3972,0.393700787401575);
#1220=VECTOR('',#3973,0.393700787401575);
#1221=VECTOR('',#3974,0.393700787401575);
#1222=VECTOR('',#3977,0.393700787401575);
#1223=VECTOR('',#3978,0.393700787401575);
#1224=VECTOR('',#3979,0.393700787401575);
#1225=VECTOR('',#3980,0.393700787401575);
#1226=VECTOR('',#3981,0.393700787401575);
#1227=VECTOR('',#3982,0.393700787401575);
#1228=VECTOR('',#3983,0.393700787401575);
#1229=VECTOR('',#3986,0.393700787401575);
#1230=VECTOR('',#3987,0.393700787401575);
#1231=VECTOR('',#3988,0.393700787401575);
#1232=VECTOR('',#3991,0.393700787401575);
#1233=VECTOR('',#3992,0.393700787401575);
#1234=VECTOR('',#3997,0.393700787401575);
#1235=VECTOR('',#3998,0.393700787401575);
#1236=VECTOR('',#3999,0.393700787401575);
#1237=VECTOR('',#4000,0.393700787401575);
#1238=VECTOR('',#4001,0.393700787401575);
#1239=VECTOR('',#4002,0.393700787401575);
#1240=VECTOR('',#4003,0.393700787401575);
#1241=VECTOR('',#4004,0.393700787401575);
#1242=VECTOR('',#4005,0.393700787401575);
#1243=VECTOR('',#4006,0.393700787401575);
#1244=VECTOR('',#4007,0.393700787401575);
#1245=VECTOR('',#4008,0.393700787401575);
#1246=VECTOR('',#4009,0.393700787401575);
#1247=VECTOR('',#4010,0.393700787401575);
#1248=VECTOR('',#4011,0.393700787401575);
#1249=VECTOR('',#4012,0.393700787401575);
#1250=VECTOR('',#4013,0.393700787401575);
#1251=VECTOR('',#4018,0.393700787401575);
#1252=VECTOR('',#4019,0.393700787401575);
#1253=VECTOR('',#4020,0.393700787401575);
#1254=VECTOR('',#4021,0.393700787401575);
#1255=VECTOR('',#4022,0.393700787401575);
#1256=VECTOR('',#4023,0.393700787401575);
#1257=VECTOR('',#4024,0.393700787401575);
#1258=VECTOR('',#4025,0.393700787401575);
#1259=VECTOR('',#4028,0.393700787401575);
#1260=VECTOR('',#4029,0.393700787401575);
#1261=VECTOR('',#4030,0.393700787401575);
#1262=VECTOR('',#4031,0.393700787401575);
#1263=VECTOR('',#4032,0.393700787401575);
#1264=VECTOR('',#4033,0.393700787401575);
#1265=VECTOR('',#4034,0.393700787401575);
#1266=VECTOR('',#4035,0.393700787401575);
#1267=VECTOR('',#4036,0.393700787401575);
#1268=VECTOR('',#4037,0.393700787401575);
#1269=VECTOR('',#4038,0.393700787401575);
#1270=VECTOR('',#4039,0.393700787401575);
#1271=VECTOR('',#4040,0.393700787401575);
#1272=VECTOR('',#4043,0.393700787401575);
#1273=VECTOR('',#4044,0.393700787401575);
#1274=VECTOR('',#4045,0.393700787401575);
#1275=VECTOR('',#4048,0.393700787401575);
#1276=VECTOR('',#4049,0.393700787401575);
#1277=VECTOR('',#4050,0.393700787401575);
#1278=VECTOR('',#4053,0.393700787401575);
#1279=VECTOR('',#4054,0.393700787401575);
#1280=VECTOR('',#4055,0.393700787401575);
#1281=VECTOR('',#4058,0.393700787401575);
#1282=VECTOR('',#4059,0.393700787401575);
#1283=VECTOR('',#4066,0.393700787401575);
#1284=VECTOR('',#4067,0.393700787401575);
#1285=VECTOR('',#4068,0.393700787401575);
#1286=VECTOR('',#4069,0.393700787401575);
#1287=VECTOR('',#4070,0.393700787401575);
#1288=VECTOR('',#4071,0.393700787401575);
#1289=VECTOR('',#4072,0.393700787401575);
#1290=VECTOR('',#4075,0.393700787401575);
#1291=VECTOR('',#4076,0.393700787401575);
#1292=VECTOR('',#4077,0.393700787401575);
#1293=VECTOR('',#4078,0.393700787401575);
#1294=VECTOR('',#4079,0.393700787401575);
#1295=VECTOR('',#4080,0.393700787401575);
#1296=VECTOR('',#4081,0.393700787401575);
#1297=VECTOR('',#4082,0.393700787401575);
#1298=VECTOR('',#4083,0.393700787401575);
#1299=VECTOR('',#4084,0.393700787401575);
#1300=VECTOR('',#4085,0.393700787401575);
#1301=VECTOR('',#4086,0.393700787401575);
#1302=VECTOR('',#4087,0.393700787401575);
#1303=VECTOR('',#4090,0.393700787401575);
#1304=VECTOR('',#4091,0.393700787401575);
#1305=VECTOR('',#4092,0.393700787401575);
#1306=VECTOR('',#4093,0.393700787401575);
#1307=VECTOR('',#4094,0.393700787401575);
#1308=VECTOR('',#4095,0.393700787401575);
#1309=VECTOR('',#4102,0.393700787401575);
#1310=VECTOR('',#4103,0.393700787401575);
#1311=VECTOR('',#4104,0.393700787401575);
#1312=VECTOR('',#4105,0.393700787401575);
#1313=VECTOR('',#4108,0.393700787401575);
#1314=VECTOR('',#4109,0.393700787401575);
#1315=VECTOR('',#4110,0.393700787401575);
#1316=VECTOR('',#4113,0.393700787401575);
#1317=VECTOR('',#4114,0.393700787401575);
#1318=VECTOR('',#4115,0.393700787401575);
#1319=VECTOR('',#4118,0.393700787401575);
#1320=VECTOR('',#4119,0.393700787401575);
#1321=VECTOR('',#4126,0.393700787401575);
#1322=VECTOR('',#4127,0.393700787401575);
#1323=VECTOR('',#4128,0.393700787401575);
#1324=VECTOR('',#4129,0.393700787401575);
#1325=VECTOR('',#4132,0.393700787401575);
#1326=VECTOR('',#4133,0.393700787401575);
#1327=VECTOR('',#4134,0.393700787401575);
#1328=VECTOR('',#4137,0.393700787401575);
#1329=VECTOR('',#4138,0.393700787401575);
#1330=VECTOR('',#4139,0.393700787401575);
#1331=VECTOR('',#4142,0.393700787401575);
#1332=VECTOR('',#4143,0.393700787401575);
#1333=VECTOR('',#4144,0.393700787401575);
#1334=VECTOR('',#4147,0.393700787401575);
#1335=VECTOR('',#4148,0.393700787401575);
#1336=VECTOR('',#4149,0.393700787401575);
#1337=VECTOR('',#4152,0.393700787401575);
#1338=VECTOR('',#4153,0.393700787401575);
#1339=VECTOR('',#4154,0.393700787401575);
#1340=VECTOR('',#4157,0.393700787401575);
#1341=VECTOR('',#4158,0.393700787401575);
#1342=VECTOR('',#4159,0.393700787401575);
#1343=VECTOR('',#4162,0.393700787401575);
#1344=VECTOR('',#4163,0.393700787401575);
#1345=VECTOR('',#4164,0.393700787401575);
#1346=VECTOR('',#4167,0.393700787401575);
#1347=VECTOR('',#4168,0.393700787401575);
#1348=VECTOR('',#4169,0.393700787401575);
#1349=VECTOR('',#4172,0.393700787401575);
#1350=VECTOR('',#4173,0.393700787401575);
#1351=VECTOR('',#4174,0.393700787401575);
#1352=VECTOR('',#4177,0.393700787401575);
#1353=VECTOR('',#4178,0.393700787401575);
#1354=VECTOR('',#4179,0.393700787401575);
#1355=VECTOR('',#4182,0.393700787401575);
#1356=VECTOR('',#4183,0.393700787401575);
#1357=VECTOR('',#4190,0.393700787401575);
#1358=VECTOR('',#4191,0.393700787401575);
#1359=VECTOR('',#4192,0.393700787401575);
#1360=VECTOR('',#4193,0.393700787401575);
#1361=VECTOR('',#4194,0.393700787401575);
#1362=VECTOR('',#4195,0.393700787401575);
#1363=VECTOR('',#4196,0.393700787401575);
#1364=VECTOR('',#4199,0.393700787401575);
#1365=VECTOR('',#4200,0.393700787401575);
#1366=VECTOR('',#4201,0.393700787401575);
#1367=VECTOR('',#4202,0.393700787401575);
#1368=VECTOR('',#4203,0.393700787401575);
#1369=VECTOR('',#4204,0.393700787401575);
#1370=VECTOR('',#4205,0.393700787401575);
#1371=VECTOR('',#4206,0.393700787401575);
#1372=VECTOR('',#4207,0.393700787401575);
#1373=VECTOR('',#4208,0.393700787401575);
#1374=VECTOR('',#4209,0.393700787401575);
#1375=VECTOR('',#4210,0.393700787401575);
#1376=VECTOR('',#4211,0.393700787401575);
#1377=VECTOR('',#4214,0.393700787401575);
#1378=VECTOR('',#4215,0.393700787401575);
#1379=VECTOR('',#4216,0.393700787401575);
#1380=VECTOR('',#4217,0.393700787401575);
#1381=VECTOR('',#4218,0.393700787401575);
#1382=VECTOR('',#4219,0.393700787401575);
#1383=VECTOR('',#4224,0.393700787401575);
#1384=VECTOR('',#4225,0.393700787401575);
#1385=VECTOR('',#4226,0.393700787401575);
#1386=VECTOR('',#4227,0.393700787401575);
#1387=VECTOR('',#4228,0.393700787401575);
#1388=VECTOR('',#4229,0.393700787401575);
#1389=VECTOR('',#4230,0.393700787401575);
#1390=VECTOR('',#4231,0.393700787401575);
#1391=VECTOR('',#4232,0.393700787401575);
#1392=VECTOR('',#4233,0.393700787401575);
#1393=VECTOR('',#4236,0.393700787401575);
#1394=VECTOR('',#4237,0.393700787401575);
#1395=VECTOR('',#4238,0.393700787401575);
#1396=VECTOR('',#4239,0.393700787401575);
#1397=VECTOR('',#4240,0.393700787401575);
#1398=VECTOR('',#4241,0.393700787401575);
#1399=VECTOR('',#4242,0.393700787401575);
#1400=VECTOR('',#4243,0.393700787401575);
#1401=VECTOR('',#4244,0.393700787401575);
#1402=VECTOR('',#4245,0.393700787401575);
#1403=VECTOR('',#4246,0.393700787401575);
#1404=VECTOR('',#4247,0.393700787401575);
#1405=VECTOR('',#4248,0.393700787401575);
#1406=VECTOR('',#4249,0.393700787401575);
#1407=VECTOR('',#4250,0.393700787401575);
#1408=VECTOR('',#4251,0.393700787401575);
#1409=VECTOR('',#4252,0.393700787401575);
#1410=VECTOR('',#4255,0.393700787401575);
#1411=VECTOR('',#4256,0.393700787401575);
#1412=VECTOR('',#4257,0.393700787401575);
#1413=VECTOR('',#4258,0.393700787401575);
#1414=VECTOR('',#4259,0.393700787401575);
#1415=VECTOR('',#4260,0.393700787401575);
#1416=VECTOR('',#4261,0.393700787401575);
#1417=VECTOR('',#4262,0.393700787401575);
#1418=VECTOR('',#4263,0.393700787401575);
#1419=VECTOR('',#4264,0.393700787401575);
#1420=VECTOR('',#4267,0.393700787401575);
#1421=VECTOR('',#4268,0.393700787401575);
#1422=VECTOR('',#4269,0.393700787401575);
#1423=VECTOR('',#4270,0.393700787401575);
#1424=VECTOR('',#4271,0.393700787401575);
#1425=VECTOR('',#4274,0.393700787401575);
#1426=VECTOR('',#4275,0.393700787401575);
#1427=VECTOR('',#4276,0.393700787401575);
#1428=VECTOR('',#4283,0.393700787401575);
#1429=VECTOR('',#4284,0.393700787401575);
#1430=VECTOR('',#4285,0.393700787401575);
#1431=VECTOR('',#4286,0.393700787401575);
#1432=VECTOR('',#4287,0.393700787401575);
#1433=VECTOR('',#4288,0.393700787401575);
#1434=VECTOR('',#4289,0.393700787401575);
#1435=VECTOR('',#4290,0.393700787401575);
#1436=VECTOR('',#4291,0.393700787401575);
#1437=VECTOR('',#4294,0.393700787401575);
#1438=VECTOR('',#4295,0.393700787401575);
#1439=VECTOR('',#4296,0.393700787401575);
#1440=VECTOR('',#4299,0.393700787401575);
#1441=VECTOR('',#4300,0.393700787401575);
#1442=VECTOR('',#4303,0.393700787401575);
#1443=VECTOR('',#4304,0.393700787401575);
#1444=VECTOR('',#4305,0.393700787401575);
#1445=VECTOR('',#4306,0.393700787401575);
#1446=VECTOR('',#4309,0.393700787401575);
#1447=VECTOR('',#4310,0.393700787401575);
#1448=VECTOR('',#4311,0.393700787401575);
#1449=VECTOR('',#4312,0.393700787401575);
#1450=VECTOR('',#4313,0.393700787401575);
#1451=VECTOR('',#4314,0.393700787401575);
#1452=VECTOR('',#4315,0.393700787401575);
#1453=VECTOR('',#4316,0.393700787401575);
#1454=VECTOR('',#4317,0.393700787401575);
#1455=VECTOR('',#4320,0.393700787401575);
#1456=VECTOR('',#4321,0.393700787401575);
#1457=VECTOR('',#4322,0.393700787401575);
#1458=VECTOR('',#4325,0.393700787401575);
#1459=VECTOR('',#4326,0.393700787401575);
#1460=VECTOR('',#4327,0.393700787401575);
#1461=VECTOR('',#4330,0.393700787401575);
#1462=VECTOR('',#4331,0.393700787401575);
#1463=VERTEX_POINT('',#4338);
#1464=VERTEX_POINT('',#4339);
#1465=VERTEX_POINT('',#4341);
#1466=VERTEX_POINT('',#4343);
#1467=VERTEX_POINT('',#4347);
#1468=VERTEX_POINT('',#4349);
#1469=VERTEX_POINT('',#4353);
#1470=VERTEX_POINT('',#4355);
#1471=VERTEX_POINT('',#4364);
#1472=VERTEX_POINT('',#4365);
#1473=VERTEX_POINT('',#4367);
#1474=VERTEX_POINT('',#4369);
#1475=VERTEX_POINT('',#4382);
#1476=VERTEX_POINT('',#4388);
#1477=VERTEX_POINT('',#4405);
#1478=VERTEX_POINT('',#4411);
#1479=VERTEX_POINT('',#4428);
#1480=VERTEX_POINT('',#4434);
#1481=VERTEX_POINT('',#4451);
#1482=VERTEX_POINT('',#4457);
#1483=VERTEX_POINT('',#4474);
#1484=VERTEX_POINT('',#4480);
#1485=VERTEX_POINT('',#4497);
#1486=VERTEX_POINT('',#4503);
#1487=VERTEX_POINT('',#4520);
#1488=VERTEX_POINT('',#4526);
#1489=VERTEX_POINT('',#4543);
#1490=VERTEX_POINT('',#4549);
#1491=VERTEX_POINT('',#4566);
#1492=VERTEX_POINT('',#4572);
#1493=VERTEX_POINT('',#4580);
#1494=VERTEX_POINT('',#4582);
#1495=VERTEX_POINT('',#4595);
#1496=VERTEX_POINT('',#4601);
#1497=VERTEX_POINT('',#4618);
#1498=VERTEX_POINT('',#4624);
#1499=VERTEX_POINT('',#4641);
#1500=VERTEX_POINT('',#4647);
#1501=VERTEX_POINT('',#4664);
#1502=VERTEX_POINT('',#4670);
#1503=VERTEX_POINT('',#4687);
#1504=VERTEX_POINT('',#4693);
#1505=VERTEX_POINT('',#4710);
#1506=VERTEX_POINT('',#4716);
#1507=VERTEX_POINT('',#4733);
#1508=VERTEX_POINT('',#4739);
#1509=VERTEX_POINT('',#4769);
#1510=VERTEX_POINT('',#4770);
#1511=VERTEX_POINT('',#4772);
#1512=VERTEX_POINT('',#4774);
#1513=VERTEX_POINT('',#4778);
#1514=VERTEX_POINT('',#4780);
#1515=VERTEX_POINT('',#4784);
#1516=VERTEX_POINT('',#4786);
#1517=VERTEX_POINT('',#4799);
#1518=VERTEX_POINT('',#4805);
#1519=VERTEX_POINT('',#4822);
#1520=VERTEX_POINT('',#4828);
#1521=VERTEX_POINT('',#4845);
#1522=VERTEX_POINT('',#4851);
#1523=VERTEX_POINT('',#4859);
#1524=VERTEX_POINT('',#4861);
#1525=VERTEX_POINT('',#4874);
#1526=VERTEX_POINT('',#4880);
#1527=VERTEX_POINT('',#4897);
#1528=VERTEX_POINT('',#4903);
#1529=VERTEX_POINT('',#4920);
#1530=VERTEX_POINT('',#4926);
#1531=VERTEX_POINT('',#4943);
#1532=VERTEX_POINT('',#4949);
#1533=VERTEX_POINT('',#4957);
#1534=VERTEX_POINT('',#4959);
#1535=VERTEX_POINT('',#4977);
#1536=VERTEX_POINT('',#4978);
#1537=VERTEX_POINT('',#4984);
#1538=VERTEX_POINT('',#4986);
#1539=VERTEX_POINT('',#5003);
#1540=VERTEX_POINT('',#5009);
#1541=VERTEX_POINT('',#5026);
#1542=VERTEX_POINT('',#5032);
#1543=VERTEX_POINT('',#5049);
#1544=VERTEX_POINT('',#5055);
#1545=VERTEX_POINT('',#5072);
#1546=VERTEX_POINT('',#5078);
#1547=VERTEX_POINT('',#5095);
#1548=VERTEX_POINT('',#5101);
#1549=VERTEX_POINT('',#5118);
#1550=VERTEX_POINT('',#5124);
#1551=VERTEX_POINT('',#5161);
#1552=VERTEX_POINT('',#5162);
#1553=VERTEX_POINT('',#5168);
#1554=VERTEX_POINT('',#5170);
#1555=VERTEX_POINT('',#5187);
#1556=VERTEX_POINT('',#5193);
#1557=VERTEX_POINT('',#5210);
#1558=VERTEX_POINT('',#5216);
#1559=VERTEX_POINT('',#5233);
#1560=VERTEX_POINT('',#5239);
#1561=VERTEX_POINT('',#5256);
#1562=VERTEX_POINT('',#5262);
#1563=VERTEX_POINT('',#5279);
#1564=VERTEX_POINT('',#5285);
#1565=VERTEX_POINT('',#5302);
#1566=VERTEX_POINT('',#5308);
#1567=VERTEX_POINT('',#5325);
#1568=VERTEX_POINT('',#5331);
#1569=VERTEX_POINT('',#5370);
#1570=VERTEX_POINT('',#5371);
#1571=VERTEX_POINT('',#5377);
#1572=VERTEX_POINT('',#5379);
#1573=VERTEX_POINT('',#5396);
#1574=VERTEX_POINT('',#5402);
#1575=VERTEX_POINT('',#5419);
#1576=VERTEX_POINT('',#5425);
#1577=VERTEX_POINT('',#5442);
#1578=VERTEX_POINT('',#5448);
#1579=VERTEX_POINT('',#5465);
#1580=VERTEX_POINT('',#5471);
#1581=VERTEX_POINT('',#5488);
#1582=VERTEX_POINT('',#5494);
#1583=VERTEX_POINT('',#5511);
#1584=VERTEX_POINT('',#5517);
#1585=VERTEX_POINT('',#5545);
#1586=VERTEX_POINT('',#5546);
#1587=VERTEX_POINT('',#5548);
#1588=VERTEX_POINT('',#5550);
#1589=VERTEX_POINT('',#5563);
#1590=VERTEX_POINT('',#5569);
#1591=VERTEX_POINT('',#5586);
#1592=VERTEX_POINT('',#5592);
#1593=VERTEX_POINT('',#5609);
#1594=VERTEX_POINT('',#5615);
#1595=VERTEX_POINT('',#5632);
#1596=VERTEX_POINT('',#5638);
#1597=VERTEX_POINT('',#5655);
#1598=VERTEX_POINT('',#5661);
#1599=VERTEX_POINT('',#5678);
#1600=VERTEX_POINT('',#5684);
#1601=VERTEX_POINT('',#5701);
#1602=VERTEX_POINT('',#5707);
#1603=VERTEX_POINT('',#5724);
#1604=VERTEX_POINT('',#5730);
#1605=VERTEX_POINT('',#5747);
#1606=VERTEX_POINT('',#5753);
#1607=VERTEX_POINT('',#5761);
#1608=VERTEX_POINT('',#5763);
#1609=VERTEX_POINT('',#5767);
#1610=VERTEX_POINT('',#5769);
#1611=VERTEX_POINT('',#5773);
#1612=VERTEX_POINT('',#5775);
#1613=VERTEX_POINT('',#5784);
#1614=VERTEX_POINT('',#5785);
#1615=VERTEX_POINT('',#5787);
#1616=VERTEX_POINT('',#5789);
#1617=VERTEX_POINT('',#5802);
#1618=VERTEX_POINT('',#5808);
#1619=VERTEX_POINT('',#5825);
#1620=VERTEX_POINT('',#5831);
#1621=VERTEX_POINT('',#5848);
#1622=VERTEX_POINT('',#5854);
#1623=VERTEX_POINT('',#5882);
#1624=VERTEX_POINT('',#5883);
#1625=VERTEX_POINT('',#5885);
#1626=VERTEX_POINT('',#5887);
#1627=VERTEX_POINT('',#5900);
#1628=VERTEX_POINT('',#5906);
#1629=VERTEX_POINT('',#5923);
#1630=VERTEX_POINT('',#5929);
#1631=VERTEX_POINT('',#5946);
#1632=VERTEX_POINT('',#5952);
#1633=VERTEX_POINT('',#5969);
#1634=VERTEX_POINT('',#5975);
#1635=VERTEX_POINT('',#5992);
#1636=VERTEX_POINT('',#5998);
#1637=VERTEX_POINT('',#6015);
#1638=VERTEX_POINT('',#6021);
#1639=VERTEX_POINT('',#6038);
#1640=VERTEX_POINT('',#6044);
#1641=VERTEX_POINT('',#6061);
#1642=VERTEX_POINT('',#6067);
#1643=VERTEX_POINT('',#6084);
#1644=VERTEX_POINT('',#6090);
#1645=VERTEX_POINT('',#6098);
#1646=VERTEX_POINT('',#6100);
#1647=VERTEX_POINT('',#6113);
#1648=VERTEX_POINT('',#6119);
#1649=VERTEX_POINT('',#6136);
#1650=VERTEX_POINT('',#6142);
#1651=VERTEX_POINT('',#6159);
#1652=VERTEX_POINT('',#6165);
#1653=VERTEX_POINT('',#6195);
#1654=VERTEX_POINT('',#6196);
#1655=VERTEX_POINT('',#6198);
#1656=VERTEX_POINT('',#6200);
#1657=VERTEX_POINT('',#6204);
#1658=VERTEX_POINT('',#6206);
#1659=VERTEX_POINT('',#6210);
#1660=VERTEX_POINT('',#6212);
#1661=VERTEX_POINT('',#6221);
#1662=VERTEX_POINT('',#6222);
#1663=VERTEX_POINT('',#6224);
#1664=VERTEX_POINT('',#6226);
#1665=VERTEX_POINT('',#6230);
#1666=VERTEX_POINT('',#6232);
#1667=VERTEX_POINT('',#6236);
#1668=VERTEX_POINT('',#6238);
#1669=VERTEX_POINT('',#6242);
#1670=VERTEX_POINT('',#6244);
#1671=VERTEX_POINT('',#6248);
#1672=VERTEX_POINT('',#6250);
#1673=VERTEX_POINT('',#6254);
#1674=VERTEX_POINT('',#6256);
#1675=VERTEX_POINT('',#6260);
#1676=VERTEX_POINT('',#6262);
#1677=VERTEX_POINT('',#6266);
#1678=VERTEX_POINT('',#6268);
#1679=VERTEX_POINT('',#6272);
#1680=VERTEX_POINT('',#6274);
#1681=VERTEX_POINT('',#6278);
#1682=VERTEX_POINT('',#6280);
#1683=VERTEX_POINT('',#6284);
#1684=VERTEX_POINT('',#6286);
#1685=VERTEX_POINT('',#6295);
#1686=VERTEX_POINT('',#6296);
#1687=VERTEX_POINT('',#6298);
#1688=VERTEX_POINT('',#6300);
#1689=VERTEX_POINT('',#6313);
#1690=VERTEX_POINT('',#6319);
#1691=VERTEX_POINT('',#6336);
#1692=VERTEX_POINT('',#6342);
#1693=VERTEX_POINT('',#6359);
#1694=VERTEX_POINT('',#6365);
#1695=VERTEX_POINT('',#6393);
#1696=VERTEX_POINT('',#6394);
#1697=VERTEX_POINT('',#6396);
#1698=VERTEX_POINT('',#6398);
#1699=VERTEX_POINT('',#6411);
#1700=VERTEX_POINT('',#6417);
#1701=VERTEX_POINT('',#6434);
#1702=VERTEX_POINT('',#6440);
#1703=VERTEX_POINT('',#6457);
#1704=VERTEX_POINT('',#6463);
#1705=VERTEX_POINT('',#6480);
#1706=VERTEX_POINT('',#6486);
#1707=VERTEX_POINT('',#6503);
#1708=VERTEX_POINT('',#6509);
#1709=VERTEX_POINT('',#6526);
#1710=VERTEX_POINT('',#6532);
#1711=VERTEX_POINT('',#6549);
#1712=VERTEX_POINT('',#6555);
#1713=VERTEX_POINT('',#6572);
#1714=VERTEX_POINT('',#6578);
#1715=VERTEX_POINT('',#6595);
#1716=VERTEX_POINT('',#6601);
#1717=VERTEX_POINT('',#6609);
#1718=VERTEX_POINT('',#6611);
#1719=VERTEX_POINT('',#6624);
#1720=VERTEX_POINT('',#6630);
#1721=VERTEX_POINT('',#6647);
#1722=VERTEX_POINT('',#6653);
#1723=VERTEX_POINT('',#6670);
#1724=VERTEX_POINT('',#6676);
#1725=VERTEX_POINT('',#6715);
#1726=VERTEX_POINT('',#6716);
#1727=VERTEX_POINT('',#6722);
#1728=VERTEX_POINT('',#6724);
#1729=VERTEX_POINT('',#6741);
#1730=VERTEX_POINT('',#6747);
#1731=VERTEX_POINT('',#6764);
#1732=VERTEX_POINT('',#6770);
#1733=VERTEX_POINT('',#6787);
#1734=VERTEX_POINT('',#6793);
#1735=VERTEX_POINT('',#6810);
#1736=VERTEX_POINT('',#6816);
#1737=VERTEX_POINT('',#6833);
#1738=VERTEX_POINT('',#6839);
#1739=VERTEX_POINT('',#6856);
#1740=VERTEX_POINT('',#6862);
#1741=VERTEX_POINT('',#6879);
#1742=VERTEX_POINT('',#6885);
#1743=VERTEX_POINT('',#6902);
#1744=VERTEX_POINT('',#6908);
#1745=VERTEX_POINT('',#6928);
#1746=VERTEX_POINT('',#6929);
#1747=VERTEX_POINT('',#6935);
#1748=VERTEX_POINT('',#6937);
#1749=VERTEX_POINT('',#6954);
#1750=VERTEX_POINT('',#6960);
#1751=VERTEX_POINT('',#6977);
#1752=VERTEX_POINT('',#6983);
#1753=VERTEX_POINT('',#7000);
#1754=VERTEX_POINT('',#7006);
#1755=VERTEX_POINT('',#7023);
#1756=VERTEX_POINT('',#7029);
#1757=VERTEX_POINT('',#7046);
#1758=VERTEX_POINT('',#7052);
#1759=VERTEX_POINT('',#7069);
#1760=VERTEX_POINT('',#7075);
#1761=VERTEX_POINT('',#7092);
#1762=VERTEX_POINT('',#7098);
#1763=VERTEX_POINT('',#7115);
#1764=VERTEX_POINT('',#7121);
#1765=VERTEX_POINT('',#7138);
#1766=VERTEX_POINT('',#7144);
#1767=VERTEX_POINT('',#7161);
#1768=VERTEX_POINT('',#7167);
#1769=VERTEX_POINT('',#7184);
#1770=VERTEX_POINT('',#7190);
#1771=VERTEX_POINT('',#7207);
#1772=VERTEX_POINT('',#7213);
#1773=VERTEX_POINT('',#7230);
#1774=VERTEX_POINT('',#7236);
#1775=VERTEX_POINT('',#7244);
#1776=VERTEX_POINT('',#7246);
#1777=VERTEX_POINT('',#7259);
#1778=VERTEX_POINT('',#7265);
#1779=VERTEX_POINT('',#7282);
#1780=VERTEX_POINT('',#7288);
#1781=VERTEX_POINT('',#7305);
#1782=VERTEX_POINT('',#7311);
#1783=VERTEX_POINT('',#7328);
#1784=VERTEX_POINT('',#7334);
#1785=VERTEX_POINT('',#7351);
#1786=VERTEX_POINT('',#7357);
#1787=VERTEX_POINT('',#7374);
#1788=VERTEX_POINT('',#7380);
#1789=VERTEX_POINT('',#7397);
#1790=VERTEX_POINT('',#7403);
#1791=VERTEX_POINT('',#7411);
#1792=VERTEX_POINT('',#7413);
#1793=VERTEX_POINT('',#7426);
#1794=VERTEX_POINT('',#7432);
#1795=VERTEX_POINT('',#7449);
#1796=VERTEX_POINT('',#7455);
#1797=VERTEX_POINT('',#7463);
#1798=VERTEX_POINT('',#7465);
#1799=VERTEX_POINT('',#7491);
#1800=VERTEX_POINT('',#7492);
#1801=VERTEX_POINT('',#7494);
#1802=VERTEX_POINT('',#7496);
#1803=VERTEX_POINT('',#7509);
#1804=VERTEX_POINT('',#7515);
#1805=VERTEX_POINT('',#7532);
#1806=VERTEX_POINT('',#7538);
#1807=VERTEX_POINT('',#7555);
#1808=VERTEX_POINT('',#7561);
#1809=VERTEX_POINT('',#7578);
#1810=VERTEX_POINT('',#7584);
#1811=VERTEX_POINT('',#7601);
#1812=VERTEX_POINT('',#7607);
#1813=VERTEX_POINT('',#7615);
#1814=VERTEX_POINT('',#7617);
#1815=VERTEX_POINT('',#7624);
#1816=VERTEX_POINT('',#7625);
#1817=VERTEX_POINT('',#7627);
#1818=VERTEX_POINT('',#7629);
#1819=VERTEX_POINT('',#7633);
#1820=VERTEX_POINT('',#7635);
#1821=VERTEX_POINT('',#7648);
#1822=VERTEX_POINT('',#7654);
#1823=VERTEX_POINT('',#7671);
#1824=VERTEX_POINT('',#7677);
#1825=VERTEX_POINT('',#7694);
#1826=VERTEX_POINT('',#7700);
#1827=VERTEX_POINT('',#7717);
#1828=VERTEX_POINT('',#7723);
#1829=VERTEX_POINT('',#7740);
#1830=VERTEX_POINT('',#7746);
#1831=VERTEX_POINT('',#7763);
#1832=VERTEX_POINT('',#7769);
#1833=VERTEX_POINT('',#7777);
#1834=VERTEX_POINT('',#7779);
#1835=VERTEX_POINT('',#7783);
#1836=VERTEX_POINT('',#7785);
#1837=EDGE_CURVE('',#1463,#1464,#885,.T.);
#1838=EDGE_CURVE('',#1463,#1465,#886,.T.);
#1839=EDGE_CURVE('',#1466,#1465,#887,.T.);
#1840=EDGE_CURVE('',#1464,#1466,#888,.T.);
#1841=EDGE_CURVE('',#1464,#1467,#889,.T.);
#1842=EDGE_CURVE('',#1468,#1466,#890,.T.);
#1843=EDGE_CURVE('',#1467,#1468,#891,.T.);
#1844=EDGE_CURVE('',#1467,#1469,#892,.T.);
#1845=EDGE_CURVE('',#1470,#1468,#893,.T.);
#1846=EDGE_CURVE('',#1469,#1470,#894,.T.);
#1847=EDGE_CURVE('',#1469,#1463,#895,.T.);
#1848=EDGE_CURVE('',#1465,#1470,#896,.T.);
#1849=EDGE_CURVE('',#1471,#1472,#897,.T.);
#1850=EDGE_CURVE('',#1471,#1473,#898,.T.);
#1851=EDGE_CURVE('',#1474,#1473,#899,.T.);
#1852=EDGE_CURVE('',#1472,#1474,#900,.T.);
#1853=EDGE_CURVE('',#1472,#1475,#25,.T.);
#1854=EDGE_CURVE('',#1476,#1474,#26,.T.);
#1855=EDGE_CURVE('',#1475,#1476,#901,.T.);
#1856=EDGE_CURVE('',#1475,#1477,#27,.T.);
#1857=EDGE_CURVE('',#1478,#1476,#28,.T.);
#1858=EDGE_CURVE('',#1477,#1478,#902,.T.);
#1859=EDGE_CURVE('',#1477,#1479,#29,.T.);
#1860=EDGE_CURVE('',#1480,#1478,#30,.T.);
#1861=EDGE_CURVE('',#1479,#1480,#903,.T.);
#1862=EDGE_CURVE('',#1479,#1481,#31,.T.);
#1863=EDGE_CURVE('',#1482,#1480,#32,.T.);
#1864=EDGE_CURVE('',#1481,#1482,#904,.T.);
#1865=EDGE_CURVE('',#1481,#1483,#33,.T.);
#1866=EDGE_CURVE('',#1484,#1482,#34,.T.);
#1867=EDGE_CURVE('',#1483,#1484,#905,.T.);
#1868=EDGE_CURVE('',#1483,#1485,#35,.T.);
#1869=EDGE_CURVE('',#1486,#1484,#36,.T.);
#1870=EDGE_CURVE('',#1485,#1486,#906,.T.);
#1871=EDGE_CURVE('',#1485,#1487,#37,.T.);
#1872=EDGE_CURVE('',#1488,#1486,#38,.T.);
#1873=EDGE_CURVE('',#1487,#1488,#907,.T.);
#1874=EDGE_CURVE('',#1487,#1489,#39,.T.);
#1875=EDGE_CURVE('',#1490,#1488,#40,.T.);
#1876=EDGE_CURVE('',#1489,#1490,#908,.T.);
#1877=EDGE_CURVE('',#1489,#1491,#41,.T.);
#1878=EDGE_CURVE('',#1492,#1490,#42,.T.);
#1879=EDGE_CURVE('',#1491,#1492,#909,.T.);
#1880=EDGE_CURVE('',#1491,#1493,#910,.T.);
#1881=EDGE_CURVE('',#1494,#1492,#911,.T.);
#1882=EDGE_CURVE('',#1493,#1494,#912,.T.);
#1883=EDGE_CURVE('',#1493,#1495,#43,.T.);
#1884=EDGE_CURVE('',#1496,#1494,#44,.T.);
#1885=EDGE_CURVE('',#1495,#1496,#913,.T.);
#1886=EDGE_CURVE('',#1495,#1497,#45,.T.);
#1887=EDGE_CURVE('',#1498,#1496,#46,.T.);
#1888=EDGE_CURVE('',#1497,#1498,#914,.T.);
#1889=EDGE_CURVE('',#1497,#1499,#47,.T.);
#1890=EDGE_CURVE('',#1500,#1498,#48,.T.);
#1891=EDGE_CURVE('',#1499,#1500,#915,.T.);
#1892=EDGE_CURVE('',#1499,#1501,#49,.T.);
#1893=EDGE_CURVE('',#1502,#1500,#50,.T.);
#1894=EDGE_CURVE('',#1501,#1502,#916,.T.);
#1895=EDGE_CURVE('',#1501,#1503,#51,.T.);
#1896=EDGE_CURVE('',#1504,#1502,#52,.T.);
#1897=EDGE_CURVE('',#1503,#1504,#917,.T.);
#1898=EDGE_CURVE('',#1503,#1505,#53,.T.);
#1899=EDGE_CURVE('',#1506,#1504,#54,.T.);
#1900=EDGE_CURVE('',#1505,#1506,#918,.T.);
#1901=EDGE_CURVE('',#1505,#1507,#55,.T.);
#1902=EDGE_CURVE('',#1508,#1506,#56,.T.);
#1903=EDGE_CURVE('',#1507,#1508,#919,.T.);
#1904=EDGE_CURVE('',#1507,#1471,#57,.T.);
#1905=EDGE_CURVE('',#1473,#1508,#58,.T.);
#1906=EDGE_CURVE('',#1509,#1510,#920,.T.);
#1907=EDGE_CURVE('',#1509,#1511,#921,.T.);
#1908=EDGE_CURVE('',#1512,#1511,#922,.T.);
#1909=EDGE_CURVE('',#1510,#1512,#923,.T.);
#1910=EDGE_CURVE('',#1510,#1513,#924,.T.);
#1911=EDGE_CURVE('',#1514,#1512,#925,.T.);
#1912=EDGE_CURVE('',#1513,#1514,#926,.T.);
#1913=EDGE_CURVE('',#1513,#1515,#927,.T.);
#1914=EDGE_CURVE('',#1516,#1514,#928,.T.);
#1915=EDGE_CURVE('',#1515,#1516,#929,.T.);
#1916=EDGE_CURVE('',#1515,#1517,#59,.T.);
#1917=EDGE_CURVE('',#1518,#1516,#60,.T.);
#1918=EDGE_CURVE('',#1517,#1518,#930,.T.);
#1919=EDGE_CURVE('',#1517,#1519,#61,.T.);
#1920=EDGE_CURVE('',#1520,#1518,#62,.T.);
#1921=EDGE_CURVE('',#1519,#1520,#931,.T.);
#1922=EDGE_CURVE('',#1519,#1521,#63,.T.);
#1923=EDGE_CURVE('',#1522,#1520,#64,.T.);
#1924=EDGE_CURVE('',#1521,#1522,#932,.T.);
#1925=EDGE_CURVE('',#1521,#1523,#933,.T.);
#1926=EDGE_CURVE('',#1524,#1522,#934,.T.);
#1927=EDGE_CURVE('',#1523,#1524,#935,.T.);
#1928=EDGE_CURVE('',#1523,#1525,#65,.T.);
#1929=EDGE_CURVE('',#1526,#1524,#66,.T.);
#1930=EDGE_CURVE('',#1525,#1526,#936,.T.);
#1931=EDGE_CURVE('',#1525,#1527,#67,.T.);
#1932=EDGE_CURVE('',#1528,#1526,#68,.T.);
#1933=EDGE_CURVE('',#1527,#1528,#937,.T.);
#1934=EDGE_CURVE('',#1527,#1529,#69,.T.);
#1935=EDGE_CURVE('',#1530,#1528,#70,.T.);
#1936=EDGE_CURVE('',#1529,#1530,#938,.T.);
#1937=EDGE_CURVE('',#1529,#1531,#71,.T.);
#1938=EDGE_CURVE('',#1532,#1530,#72,.T.);
#1939=EDGE_CURVE('',#1531,#1532,#939,.T.);
#1940=EDGE_CURVE('',#1531,#1533,#940,.T.);
#1941=EDGE_CURVE('',#1534,#1532,#941,.T.);
#1942=EDGE_CURVE('',#1533,#1534,#942,.T.);
#1943=EDGE_CURVE('',#1533,#1509,#943,.T.);
#1944=EDGE_CURVE('',#1511,#1534,#944,.T.);
#1945=EDGE_CURVE('',#1535,#1536,#73,.T.);
#1946=EDGE_CURVE('',#1535,#1537,#945,.T.);
#1947=EDGE_CURVE('',#1538,#1537,#74,.T.);
#1948=EDGE_CURVE('',#1536,#1538,#946,.T.);
#1949=EDGE_CURVE('',#1536,#1539,#75,.T.);
#1950=EDGE_CURVE('',#1540,#1538,#76,.T.);
#1951=EDGE_CURVE('',#1539,#1540,#947,.T.);
#1952=EDGE_CURVE('',#1539,#1541,#77,.T.);
#1953=EDGE_CURVE('',#1542,#1540,#78,.T.);
#1954=EDGE_CURVE('',#1541,#1542,#948,.T.);
#1955=EDGE_CURVE('',#1541,#1543,#79,.T.);
#1956=EDGE_CURVE('',#1544,#1542,#80,.T.);
#1957=EDGE_CURVE('',#1543,#1544,#949,.T.);
#1958=EDGE_CURVE('',#1543,#1545,#81,.T.);
#1959=EDGE_CURVE('',#1546,#1544,#82,.T.);
#1960=EDGE_CURVE('',#1545,#1546,#950,.T.);
#1961=EDGE_CURVE('',#1545,#1547,#83,.T.);
#1962=EDGE_CURVE('',#1548,#1546,#84,.T.);
#1963=EDGE_CURVE('',#1547,#1548,#951,.T.);
#1964=EDGE_CURVE('',#1547,#1549,#85,.T.);
#1965=EDGE_CURVE('',#1550,#1548,#86,.T.);
#1966=EDGE_CURVE('',#1549,#1550,#952,.T.);
#1967=EDGE_CURVE('',#1549,#1535,#87,.T.);
#1968=EDGE_CURVE('',#1537,#1550,#88,.T.);
#1969=EDGE_CURVE('',#1551,#1552,#89,.T.);
#1970=EDGE_CURVE('',#1551,#1553,#953,.T.);
#1971=EDGE_CURVE('',#1554,#1553,#90,.T.);
#1972=EDGE_CURVE('',#1552,#1554,#954,.T.);
#1973=EDGE_CURVE('',#1552,#1555,#91,.T.);
#1974=EDGE_CURVE('',#1556,#1554,#92,.T.);
#1975=EDGE_CURVE('',#1555,#1556,#955,.T.);
#1976=EDGE_CURVE('',#1555,#1557,#93,.T.);
#1977=EDGE_CURVE('',#1558,#1556,#94,.T.);
#1978=EDGE_CURVE('',#1557,#1558,#956,.T.);
#1979=EDGE_CURVE('',#1557,#1559,#95,.T.);
#1980=EDGE_CURVE('',#1560,#1558,#96,.T.);
#1981=EDGE_CURVE('',#1559,#1560,#957,.T.);
#1982=EDGE_CURVE('',#1559,#1561,#97,.T.);
#1983=EDGE_CURVE('',#1562,#1560,#98,.T.);
#1984=EDGE_CURVE('',#1561,#1562,#958,.T.);
#1985=EDGE_CURVE('',#1561,#1563,#99,.T.);
#1986=EDGE_CURVE('',#1564,#1562,#100,.T.);
#1987=EDGE_CURVE('',#1563,#1564,#959,.T.);
#1988=EDGE_CURVE('',#1563,#1565,#101,.T.);
#1989=EDGE_CURVE('',#1566,#1564,#102,.T.);
#1990=EDGE_CURVE('',#1565,#1566,#960,.T.);
#1991=EDGE_CURVE('',#1565,#1567,#103,.T.);
#1992=EDGE_CURVE('',#1568,#1566,#104,.T.);
#1993=EDGE_CURVE('',#1567,#1568,#961,.T.);
#1994=EDGE_CURVE('',#1567,#1551,#105,.T.);
#1995=EDGE_CURVE('',#1553,#1568,#106,.T.);
#1996=EDGE_CURVE('',#1569,#1570,#107,.T.);
#1997=EDGE_CURVE('',#1569,#1571,#962,.T.);
#1998=EDGE_CURVE('',#1572,#1571,#108,.T.);
#1999=EDGE_CURVE('',#1570,#1572,#963,.T.);
#2000=EDGE_CURVE('',#1570,#1573,#109,.T.);
#2001=EDGE_CURVE('',#1574,#1572,#110,.T.);
#2002=EDGE_CURVE('',#1573,#1574,#964,.T.);
#2003=EDGE_CURVE('',#1573,#1575,#111,.T.);
#2004=EDGE_CURVE('',#1576,#1574,#112,.T.);
#2005=EDGE_CURVE('',#1575,#1576,#965,.T.);
#2006=EDGE_CURVE('',#1575,#1577,#113,.T.);
#2007=EDGE_CURVE('',#1578,#1576,#114,.T.);
#2008=EDGE_CURVE('',#1577,#1578,#966,.T.);
#2009=EDGE_CURVE('',#1577,#1579,#115,.T.);
#2010=EDGE_CURVE('',#1580,#1578,#116,.T.);
#2011=EDGE_CURVE('',#1579,#1580,#967,.T.);
#2012=EDGE_CURVE('',#1579,#1581,#117,.T.);
#2013=EDGE_CURVE('',#1582,#1580,#118,.T.);
#2014=EDGE_CURVE('',#1581,#1582,#968,.T.);
#2015=EDGE_CURVE('',#1581,#1583,#119,.T.);
#2016=EDGE_CURVE('',#1584,#1582,#120,.T.);
#2017=EDGE_CURVE('',#1583,#1584,#969,.T.);
#2018=EDGE_CURVE('',#1583,#1569,#121,.T.);
#2019=EDGE_CURVE('',#1571,#1584,#122,.T.);
#2020=EDGE_CURVE('',#1585,#1586,#970,.T.);
#2021=EDGE_CURVE('',#1585,#1587,#971,.T.);
#2022=EDGE_CURVE('',#1588,#1587,#972,.T.);
#2023=EDGE_CURVE('',#1586,#1588,#973,.T.);
#2024=EDGE_CURVE('',#1586,#1589,#123,.T.);
#2025=EDGE_CURVE('',#1590,#1588,#124,.T.);
#2026=EDGE_CURVE('',#1589,#1590,#974,.T.);
#2027=EDGE_CURVE('',#1589,#1591,#125,.T.);
#2028=EDGE_CURVE('',#1592,#1590,#126,.T.);
#2029=EDGE_CURVE('',#1591,#1592,#975,.T.);
#2030=EDGE_CURVE('',#1591,#1593,#127,.T.);
#2031=EDGE_CURVE('',#1594,#1592,#128,.T.);
#2032=EDGE_CURVE('',#1593,#1594,#976,.T.);
#2033=EDGE_CURVE('',#1593,#1595,#129,.T.);
#2034=EDGE_CURVE('',#1596,#1594,#130,.T.);
#2035=EDGE_CURVE('',#1595,#1596,#977,.T.);
#2036=EDGE_CURVE('',#1595,#1597,#131,.T.);
#2037=EDGE_CURVE('',#1598,#1596,#132,.T.);
#2038=EDGE_CURVE('',#1597,#1598,#978,.T.);
#2039=EDGE_CURVE('',#1597,#1599,#133,.T.);
#2040=EDGE_CURVE('',#1600,#1598,#134,.T.);
#2041=EDGE_CURVE('',#1599,#1600,#979,.T.);
#2042=EDGE_CURVE('',#1599,#1601,#135,.T.);
#2043=EDGE_CURVE('',#1602,#1600,#136,.T.);
#2044=EDGE_CURVE('',#1601,#1602,#980,.T.);
#2045=EDGE_CURVE('',#1601,#1603,#137,.T.);
#2046=EDGE_CURVE('',#1604,#1602,#138,.T.);
#2047=EDGE_CURVE('',#1603,#1604,#981,.T.);
#2048=EDGE_CURVE('',#1603,#1605,#139,.T.);
#2049=EDGE_CURVE('',#1606,#1604,#140,.T.);
#2050=EDGE_CURVE('',#1605,#1606,#982,.T.);
#2051=EDGE_CURVE('',#1605,#1607,#983,.T.);
#2052=EDGE_CURVE('',#1608,#1606,#984,.T.);
#2053=EDGE_CURVE('',#1607,#1608,#985,.T.);
#2054=EDGE_CURVE('',#1607,#1609,#986,.T.);
#2055=EDGE_CURVE('',#1610,#1608,#987,.T.);
#2056=EDGE_CURVE('',#1609,#1610,#988,.T.);
#2057=EDGE_CURVE('',#1609,#1611,#989,.T.);
#2058=EDGE_CURVE('',#1612,#1610,#990,.T.);
#2059=EDGE_CURVE('',#1611,#1612,#991,.T.);
#2060=EDGE_CURVE('',#1611,#1585,#992,.T.);
#2061=EDGE_CURVE('',#1587,#1612,#993,.T.);
#2062=EDGE_CURVE('',#1613,#1614,#994,.T.);
#2063=EDGE_CURVE('',#1613,#1615,#995,.T.);
#2064=EDGE_CURVE('',#1616,#1615,#996,.T.);
#2065=EDGE_CURVE('',#1614,#1616,#997,.T.);
#2066=EDGE_CURVE('',#1614,#1617,#141,.T.);
#2067=EDGE_CURVE('',#1618,#1616,#142,.T.);
#2068=EDGE_CURVE('',#1617,#1618,#998,.T.);
#2069=EDGE_CURVE('',#1617,#1619,#143,.T.);
#2070=EDGE_CURVE('',#1620,#1618,#144,.T.);
#2071=EDGE_CURVE('',#1619,#1620,#999,.T.);
#2072=EDGE_CURVE('',#1619,#1621,#145,.T.);
#2073=EDGE_CURVE('',#1622,#1620,#146,.T.);
#2074=EDGE_CURVE('',#1621,#1622,#1000,.T.);
#2075=EDGE_CURVE('',#1621,#1613,#147,.T.);
#2076=EDGE_CURVE('',#1615,#1622,#148,.T.);
#2077=EDGE_CURVE('',#1623,#1624,#1001,.T.);
#2078=EDGE_CURVE('',#1623,#1625,#1002,.T.);
#2079=EDGE_CURVE('',#1626,#1625,#1003,.T.);
#2080=EDGE_CURVE('',#1624,#1626,#1004,.T.);
#2081=EDGE_CURVE('',#1624,#1627,#149,.T.);
#2082=EDGE_CURVE('',#1628,#1626,#150,.T.);
#2083=EDGE_CURVE('',#1627,#1628,#1005,.T.);
#2084=EDGE_CURVE('',#1627,#1629,#151,.T.);
#2085=EDGE_CURVE('',#1630,#1628,#152,.T.);
#2086=EDGE_CURVE('',#1629,#1630,#1006,.T.);
#2087=EDGE_CURVE('',#1629,#1631,#153,.T.);
#2088=EDGE_CURVE('',#1632,#1630,#154,.T.);
#2089=EDGE_CURVE('',#1631,#1632,#1007,.T.);
#2090=EDGE_CURVE('',#1631,#1633,#155,.T.);
#2091=EDGE_CURVE('',#1634,#1632,#156,.T.);
#2092=EDGE_CURVE('',#1633,#1634,#1008,.T.);
#2093=EDGE_CURVE('',#1633,#1635,#157,.T.);
#2094=EDGE_CURVE('',#1636,#1634,#158,.T.);
#2095=EDGE_CURVE('',#1635,#1636,#1009,.T.);
#2096=EDGE_CURVE('',#1635,#1637,#159,.T.);
#2097=EDGE_CURVE('',#1638,#1636,#160,.T.);
#2098=EDGE_CURVE('',#1637,#1638,#1010,.T.);
#2099=EDGE_CURVE('',#1637,#1639,#161,.T.);
#2100=EDGE_CURVE('',#1640,#1638,#162,.T.);
#2101=EDGE_CURVE('',#1639,#1640,#1011,.T.);
#2102=EDGE_CURVE('',#1639,#1641,#163,.T.);
#2103=EDGE_CURVE('',#1642,#1640,#164,.T.);
#2104=EDGE_CURVE('',#1641,#1642,#1012,.T.);
#2105=EDGE_CURVE('',#1641,#1643,#165,.T.);
#2106=EDGE_CURVE('',#1644,#1642,#166,.T.);
#2107=EDGE_CURVE('',#1643,#1644,#1013,.T.);
#2108=EDGE_CURVE('',#1643,#1645,#1014,.T.);
#2109=EDGE_CURVE('',#1646,#1644,#1015,.T.);
#2110=EDGE_CURVE('',#1645,#1646,#1016,.T.);
#2111=EDGE_CURVE('',#1645,#1647,#167,.T.);
#2112=EDGE_CURVE('',#1648,#1646,#168,.T.);
#2113=EDGE_CURVE('',#1647,#1648,#1017,.T.);
#2114=EDGE_CURVE('',#1647,#1649,#169,.T.);
#2115=EDGE_CURVE('',#1650,#1648,#170,.T.);
#2116=EDGE_CURVE('',#1649,#1650,#1018,.T.);
#2117=EDGE_CURVE('',#1649,#1651,#171,.T.);
#2118=EDGE_CURVE('',#1652,#1650,#172,.T.);
#2119=EDGE_CURVE('',#1651,#1652,#1019,.T.);
#2120=EDGE_CURVE('',#1651,#1623,#173,.T.);
#2121=EDGE_CURVE('',#1625,#1652,#174,.T.);
#2122=EDGE_CURVE('',#1653,#1654,#1020,.T.);
#2123=EDGE_CURVE('',#1653,#1655,#1021,.T.);
#2124=EDGE_CURVE('',#1656,#1655,#1022,.T.);
#2125=EDGE_CURVE('',#1654,#1656,#1023,.T.);
#2126=EDGE_CURVE('',#1654,#1657,#1024,.T.);
#2127=EDGE_CURVE('',#1658,#1656,#1025,.T.);
#2128=EDGE_CURVE('',#1657,#1658,#1026,.T.);
#2129=EDGE_CURVE('',#1657,#1659,#1027,.T.);
#2130=EDGE_CURVE('',#1660,#1658,#1028,.T.);
#2131=EDGE_CURVE('',#1659,#1660,#1029,.T.);
#2132=EDGE_CURVE('',#1659,#1653,#1030,.T.);
#2133=EDGE_CURVE('',#1655,#1660,#1031,.T.);
#2134=EDGE_CURVE('',#1661,#1662,#1032,.T.);
#2135=EDGE_CURVE('',#1661,#1663,#1033,.T.);
#2136=EDGE_CURVE('',#1664,#1663,#1034,.T.);
#2137=EDGE_CURVE('',#1662,#1664,#1035,.T.);
#2138=EDGE_CURVE('',#1662,#1665,#1036,.T.);
#2139=EDGE_CURVE('',#1666,#1664,#1037,.T.);
#2140=EDGE_CURVE('',#1665,#1666,#1038,.T.);
#2141=EDGE_CURVE('',#1665,#1667,#1039,.T.);
#2142=EDGE_CURVE('',#1668,#1666,#1040,.T.);
#2143=EDGE_CURVE('',#1667,#1668,#1041,.T.);
#2144=EDGE_CURVE('',#1667,#1669,#1042,.T.);
#2145=EDGE_CURVE('',#1670,#1668,#1043,.T.);
#2146=EDGE_CURVE('',#1669,#1670,#1044,.T.);
#2147=EDGE_CURVE('',#1669,#1671,#1045,.T.);
#2148=EDGE_CURVE('',#1672,#1670,#1046,.T.);
#2149=EDGE_CURVE('',#1671,#1672,#1047,.T.);
#2150=EDGE_CURVE('',#1671,#1673,#1048,.T.);
#2151=EDGE_CURVE('',#1674,#1672,#1049,.T.);
#2152=EDGE_CURVE('',#1673,#1674,#1050,.T.);
#2153=EDGE_CURVE('',#1673,#1675,#1051,.T.);
#2154=EDGE_CURVE('',#1676,#1674,#1052,.T.);
#2155=EDGE_CURVE('',#1675,#1676,#1053,.T.);
#2156=EDGE_CURVE('',#1675,#1677,#1054,.T.);
#2157=EDGE_CURVE('',#1678,#1676,#1055,.T.);
#2158=EDGE_CURVE('',#1677,#1678,#1056,.T.);
#2159=EDGE_CURVE('',#1677,#1679,#1057,.T.);
#2160=EDGE_CURVE('',#1680,#1678,#1058,.T.);
#2161=EDGE_CURVE('',#1679,#1680,#1059,.T.);
#2162=EDGE_CURVE('',#1679,#1681,#1060,.T.);
#2163=EDGE_CURVE('',#1682,#1680,#1061,.T.);
#2164=EDGE_CURVE('',#1681,#1682,#1062,.T.);
#2165=EDGE_CURVE('',#1681,#1683,#1063,.T.);
#2166=EDGE_CURVE('',#1684,#1682,#1064,.T.);
#2167=EDGE_CURVE('',#1683,#1684,#1065,.T.);
#2168=EDGE_CURVE('',#1683,#1661,#1066,.T.);
#2169=EDGE_CURVE('',#1663,#1684,#1067,.T.);
#2170=EDGE_CURVE('',#1685,#1686,#1068,.T.);
#2171=EDGE_CURVE('',#1685,#1687,#1069,.T.);
#2172=EDGE_CURVE('',#1688,#1687,#1070,.T.);
#2173=EDGE_CURVE('',#1686,#1688,#1071,.T.);
#2174=EDGE_CURVE('',#1686,#1689,#175,.T.);
#2175=EDGE_CURVE('',#1690,#1688,#176,.T.);
#2176=EDGE_CURVE('',#1689,#1690,#1072,.T.);
#2177=EDGE_CURVE('',#1689,#1691,#177,.T.);
#2178=EDGE_CURVE('',#1692,#1690,#178,.T.);
#2179=EDGE_CURVE('',#1691,#1692,#1073,.T.);
#2180=EDGE_CURVE('',#1691,#1693,#179,.T.);
#2181=EDGE_CURVE('',#1694,#1692,#180,.T.);
#2182=EDGE_CURVE('',#1693,#1694,#1074,.T.);
#2183=EDGE_CURVE('',#1693,#1685,#181,.T.);
#2184=EDGE_CURVE('',#1687,#1694,#182,.T.);
#2185=EDGE_CURVE('',#1695,#1696,#1075,.T.);
#2186=EDGE_CURVE('',#1695,#1697,#1076,.T.);
#2187=EDGE_CURVE('',#1698,#1697,#1077,.T.);
#2188=EDGE_CURVE('',#1696,#1698,#1078,.T.);
#2189=EDGE_CURVE('',#1696,#1699,#183,.T.);
#2190=EDGE_CURVE('',#1700,#1698,#184,.T.);
#2191=EDGE_CURVE('',#1699,#1700,#1079,.T.);
#2192=EDGE_CURVE('',#1699,#1701,#185,.T.);
#2193=EDGE_CURVE('',#1702,#1700,#186,.T.);
#2194=EDGE_CURVE('',#1701,#1702,#1080,.T.);
#2195=EDGE_CURVE('',#1701,#1703,#187,.T.);
#2196=EDGE_CURVE('',#1704,#1702,#188,.T.);
#2197=EDGE_CURVE('',#1703,#1704,#1081,.T.);
#2198=EDGE_CURVE('',#1703,#1705,#189,.T.);
#2199=EDGE_CURVE('',#1706,#1704,#190,.T.);
#2200=EDGE_CURVE('',#1705,#1706,#1082,.T.);
#2201=EDGE_CURVE('',#1705,#1707,#191,.T.);
#2202=EDGE_CURVE('',#1708,#1706,#192,.T.);
#2203=EDGE_CURVE('',#1707,#1708,#1083,.T.);
#2204=EDGE_CURVE('',#1707,#1709,#193,.T.);
#2205=EDGE_CURVE('',#1710,#1708,#194,.T.);
#2206=EDGE_CURVE('',#1709,#1710,#1084,.T.);
#2207=EDGE_CURVE('',#1709,#1711,#195,.T.);
#2208=EDGE_CURVE('',#1712,#1710,#196,.T.);
#2209=EDGE_CURVE('',#1711,#1712,#1085,.T.);
#2210=EDGE_CURVE('',#1711,#1713,#197,.T.);
#2211=EDGE_CURVE('',#1714,#1712,#198,.T.);
#2212=EDGE_CURVE('',#1713,#1714,#1086,.T.);
#2213=EDGE_CURVE('',#1713,#1715,#199,.T.);
#2214=EDGE_CURVE('',#1716,#1714,#200,.T.);
#2215=EDGE_CURVE('',#1715,#1716,#1087,.T.);
#2216=EDGE_CURVE('',#1715,#1717,#1088,.T.);
#2217=EDGE_CURVE('',#1718,#1716,#1089,.T.);
#2218=EDGE_CURVE('',#1717,#1718,#1090,.T.);
#2219=EDGE_CURVE('',#1717,#1719,#201,.T.);
#2220=EDGE_CURVE('',#1720,#1718,#202,.T.);
#2221=EDGE_CURVE('',#1719,#1720,#1091,.T.);
#2222=EDGE_CURVE('',#1719,#1721,#203,.T.);
#2223=EDGE_CURVE('',#1722,#1720,#204,.T.);
#2224=EDGE_CURVE('',#1721,#1722,#1092,.T.);
#2225=EDGE_CURVE('',#1721,#1723,#205,.T.);
#2226=EDGE_CURVE('',#1724,#1722,#206,.T.);
#2227=EDGE_CURVE('',#1723,#1724,#1093,.T.);
#2228=EDGE_CURVE('',#1723,#1695,#207,.T.);
#2229=EDGE_CURVE('',#1697,#1724,#208,.T.);
#2230=EDGE_CURVE('',#1725,#1726,#209,.T.);
#2231=EDGE_CURVE('',#1725,#1727,#1094,.T.);
#2232=EDGE_CURVE('',#1728,#1727,#210,.T.);
#2233=EDGE_CURVE('',#1726,#1728,#1095,.T.);
#2234=EDGE_CURVE('',#1726,#1729,#211,.T.);
#2235=EDGE_CURVE('',#1730,#1728,#212,.T.);
#2236=EDGE_CURVE('',#1729,#1730,#1096,.T.);
#2237=EDGE_CURVE('',#1729,#1731,#213,.T.);
#2238=EDGE_CURVE('',#1732,#1730,#214,.T.);
#2239=EDGE_CURVE('',#1731,#1732,#1097,.T.);
#2240=EDGE_CURVE('',#1731,#1733,#215,.T.);
#2241=EDGE_CURVE('',#1734,#1732,#216,.T.);
#2242=EDGE_CURVE('',#1733,#1734,#1098,.T.);
#2243=EDGE_CURVE('',#1733,#1735,#217,.T.);
#2244=EDGE_CURVE('',#1736,#1734,#218,.T.);
#2245=EDGE_CURVE('',#1735,#1736,#1099,.T.);
#2246=EDGE_CURVE('',#1735,#1737,#219,.T.);
#2247=EDGE_CURVE('',#1738,#1736,#220,.T.);
#2248=EDGE_CURVE('',#1737,#1738,#1100,.T.);
#2249=EDGE_CURVE('',#1737,#1739,#221,.T.);
#2250=EDGE_CURVE('',#1740,#1738,#222,.T.);
#2251=EDGE_CURVE('',#1739,#1740,#1101,.T.);
#2252=EDGE_CURVE('',#1739,#1741,#223,.T.);
#2253=EDGE_CURVE('',#1742,#1740,#224,.T.);
#2254=EDGE_CURVE('',#1741,#1742,#1102,.T.);
#2255=EDGE_CURVE('',#1741,#1743,#225,.T.);
#2256=EDGE_CURVE('',#1744,#1742,#226,.T.);
#2257=EDGE_CURVE('',#1743,#1744,#1103,.T.);
#2258=EDGE_CURVE('',#1743,#1725,#1104,.T.);
#2259=EDGE_CURVE('',#1727,#1744,#1105,.T.);
#2260=EDGE_CURVE('',#1745,#1746,#227,.T.);
#2261=EDGE_CURVE('',#1745,#1747,#1106,.T.);
#2262=EDGE_CURVE('',#1748,#1747,#228,.T.);
#2263=EDGE_CURVE('',#1746,#1748,#1107,.T.);
#2264=EDGE_CURVE('',#1746,#1749,#229,.T.);
#2265=EDGE_CURVE('',#1750,#1748,#230,.T.);
#2266=EDGE_CURVE('',#1749,#1750,#1108,.T.);
#2267=EDGE_CURVE('',#1749,#1751,#231,.T.);
#2268=EDGE_CURVE('',#1752,#1750,#232,.T.);
#2269=EDGE_CURVE('',#1751,#1752,#1109,.T.);
#2270=EDGE_CURVE('',#1751,#1753,#233,.T.);
#2271=EDGE_CURVE('',#1754,#1752,#234,.T.);
#2272=EDGE_CURVE('',#1753,#1754,#1110,.T.);
#2273=EDGE_CURVE('',#1753,#1755,#235,.T.);
#2274=EDGE_CURVE('',#1756,#1754,#236,.T.);
#2275=EDGE_CURVE('',#1755,#1756,#1111,.T.);
#2276=EDGE_CURVE('',#1755,#1757,#237,.T.);
#2277=EDGE_CURVE('',#1758,#1756,#238,.T.);
#2278=EDGE_CURVE('',#1757,#1758,#1112,.T.);
#2279=EDGE_CURVE('',#1757,#1759,#239,.T.);
#2280=EDGE_CURVE('',#1760,#1758,#240,.T.);
#2281=EDGE_CURVE('',#1759,#1760,#1113,.T.);
#2282=EDGE_CURVE('',#1759,#1761,#241,.T.);
#2283=EDGE_CURVE('',#1762,#1760,#242,.T.);
#2284=EDGE_CURVE('',#1761,#1762,#1114,.T.);
#2285=EDGE_CURVE('',#1761,#1763,#243,.T.);
#2286=EDGE_CURVE('',#1764,#1762,#244,.T.);
#2287=EDGE_CURVE('',#1763,#1764,#1115,.T.);
#2288=EDGE_CURVE('',#1763,#1765,#245,.T.);
#2289=EDGE_CURVE('',#1766,#1764,#246,.T.);
#2290=EDGE_CURVE('',#1765,#1766,#1116,.T.);
#2291=EDGE_CURVE('',#1765,#1767,#247,.T.);
#2292=EDGE_CURVE('',#1768,#1766,#248,.T.);
#2293=EDGE_CURVE('',#1767,#1768,#1117,.T.);
#2294=EDGE_CURVE('',#1767,#1769,#249,.T.);
#2295=EDGE_CURVE('',#1770,#1768,#250,.T.);
#2296=EDGE_CURVE('',#1769,#1770,#1118,.T.);
#2297=EDGE_CURVE('',#1769,#1771,#251,.T.);
#2298=EDGE_CURVE('',#1772,#1770,#252,.T.);
#2299=EDGE_CURVE('',#1771,#1772,#1119,.T.);
#2300=EDGE_CURVE('',#1771,#1773,#253,.T.);
#2301=EDGE_CURVE('',#1774,#1772,#254,.T.);
#2302=EDGE_CURVE('',#1773,#1774,#1120,.T.);
#2303=EDGE_CURVE('',#1773,#1775,#1121,.T.);
#2304=EDGE_CURVE('',#1776,#1774,#1122,.T.);
#2305=EDGE_CURVE('',#1775,#1776,#1123,.T.);
#2306=EDGE_CURVE('',#1775,#1777,#255,.T.);
#2307=EDGE_CURVE('',#1778,#1776,#256,.T.);
#2308=EDGE_CURVE('',#1777,#1778,#1124,.T.);
#2309=EDGE_CURVE('',#1777,#1779,#257,.T.);
#2310=EDGE_CURVE('',#1780,#1778,#258,.T.);
#2311=EDGE_CURVE('',#1779,#1780,#1125,.T.);
#2312=EDGE_CURVE('',#1779,#1781,#259,.T.);
#2313=EDGE_CURVE('',#1782,#1780,#260,.T.);
#2314=EDGE_CURVE('',#1781,#1782,#1126,.T.);
#2315=EDGE_CURVE('',#1781,#1783,#261,.T.);
#2316=EDGE_CURVE('',#1784,#1782,#262,.T.);
#2317=EDGE_CURVE('',#1783,#1784,#1127,.T.);
#2318=EDGE_CURVE('',#1783,#1785,#263,.T.);
#2319=EDGE_CURVE('',#1786,#1784,#264,.T.);
#2320=EDGE_CURVE('',#1785,#1786,#1128,.T.);
#2321=EDGE_CURVE('',#1785,#1787,#265,.T.);
#2322=EDGE_CURVE('',#1788,#1786,#266,.T.);
#2323=EDGE_CURVE('',#1787,#1788,#1129,.T.);
#2324=EDGE_CURVE('',#1787,#1789,#267,.T.);
#2325=EDGE_CURVE('',#1790,#1788,#268,.T.);
#2326=EDGE_CURVE('',#1789,#1790,#1130,.T.);
#2327=EDGE_CURVE('',#1789,#1791,#1131,.T.);
#2328=EDGE_CURVE('',#1792,#1790,#1132,.T.);
#2329=EDGE_CURVE('',#1791,#1792,#1133,.T.);
#2330=EDGE_CURVE('',#1791,#1793,#269,.T.);
#2331=EDGE_CURVE('',#1794,#1792,#270,.T.);
#2332=EDGE_CURVE('',#1793,#1794,#1134,.T.);
#2333=EDGE_CURVE('',#1793,#1795,#271,.T.);
#2334=EDGE_CURVE('',#1796,#1794,#272,.T.);
#2335=EDGE_CURVE('',#1795,#1796,#1135,.T.);
#2336=EDGE_CURVE('',#1795,#1797,#1136,.T.);
#2337=EDGE_CURVE('',#1798,#1796,#1137,.T.);
#2338=EDGE_CURVE('',#1797,#1798,#1138,.T.);
#2339=EDGE_CURVE('',#1797,#1745,#273,.T.);
#2340=EDGE_CURVE('',#1747,#1798,#274,.T.);
#2341=EDGE_CURVE('',#1799,#1800,#1139,.T.);
#2342=EDGE_CURVE('',#1799,#1801,#1140,.T.);
#2343=EDGE_CURVE('',#1802,#1801,#1141,.T.);
#2344=EDGE_CURVE('',#1800,#1802,#1142,.T.);
#2345=EDGE_CURVE('',#1800,#1803,#275,.T.);
#2346=EDGE_CURVE('',#1804,#1802,#276,.T.);
#2347=EDGE_CURVE('',#1803,#1804,#1143,.T.);
#2348=EDGE_CURVE('',#1803,#1805,#277,.T.);
#2349=EDGE_CURVE('',#1806,#1804,#278,.T.);
#2350=EDGE_CURVE('',#1805,#1806,#1144,.T.);
#2351=EDGE_CURVE('',#1805,#1807,#279,.T.);
#2352=EDGE_CURVE('',#1808,#1806,#280,.T.);
#2353=EDGE_CURVE('',#1807,#1808,#1145,.T.);
#2354=EDGE_CURVE('',#1807,#1809,#281,.T.);
#2355=EDGE_CURVE('',#1810,#1808,#282,.T.);
#2356=EDGE_CURVE('',#1809,#1810,#1146,.T.);
#2357=EDGE_CURVE('',#1809,#1811,#283,.T.);
#2358=EDGE_CURVE('',#1812,#1810,#284,.T.);
#2359=EDGE_CURVE('',#1811,#1812,#1147,.T.);
#2360=EDGE_CURVE('',#1811,#1813,#1148,.T.);
#2361=EDGE_CURVE('',#1814,#1812,#1149,.T.);
#2362=EDGE_CURVE('',#1813,#1814,#1150,.T.);
#2363=EDGE_CURVE('',#1813,#1799,#1151,.T.);
#2364=EDGE_CURVE('',#1801,#1814,#1152,.T.);
#2365=EDGE_CURVE('',#1815,#1816,#1153,.T.);
#2366=EDGE_CURVE('',#1815,#1817,#1154,.T.);
#2367=EDGE_CURVE('',#1818,#1817,#1155,.T.);
#2368=EDGE_CURVE('',#1816,#1818,#1156,.T.);
#2369=EDGE_CURVE('',#1816,#1819,#1157,.T.);
#2370=EDGE_CURVE('',#1820,#1818,#1158,.T.);
#2371=EDGE_CURVE('',#1819,#1820,#1159,.T.);
#2372=EDGE_CURVE('',#1819,#1821,#285,.T.);
#2373=EDGE_CURVE('',#1822,#1820,#286,.T.);
#2374=EDGE_CURVE('',#1821,#1822,#1160,.T.);
#2375=EDGE_CURVE('',#1821,#1823,#287,.T.);
#2376=EDGE_CURVE('',#1824,#1822,#288,.T.);
#2377=EDGE_CURVE('',#1823,#1824,#1161,.T.);
#2378=EDGE_CURVE('',#1823,#1825,#289,.T.);
#2379=EDGE_CURVE('',#1826,#1824,#290,.T.);
#2380=EDGE_CURVE('',#1825,#1826,#1162,.T.);
#2381=EDGE_CURVE('',#1825,#1827,#291,.T.);
#2382=EDGE_CURVE('',#1828,#1826,#292,.T.);
#2383=EDGE_CURVE('',#1827,#1828,#1163,.T.);
#2384=EDGE_CURVE('',#1827,#1829,#293,.T.);
#2385=EDGE_CURVE('',#1830,#1828,#294,.T.);
#2386=EDGE_CURVE('',#1829,#1830,#1164,.T.);
#2387=EDGE_CURVE('',#1829,#1831,#295,.T.);
#2388=EDGE_CURVE('',#1832,#1830,#296,.T.);
#2389=EDGE_CURVE('',#1831,#1832,#1165,.T.);
#2390=EDGE_CURVE('',#1831,#1833,#1166,.T.);
#2391=EDGE_CURVE('',#1834,#1832,#1167,.T.);
#2392=EDGE_CURVE('',#1833,#1834,#1168,.T.);
#2393=EDGE_CURVE('',#1833,#1835,#1169,.T.);
#2394=EDGE_CURVE('',#1836,#1834,#1170,.T.);
#2395=EDGE_CURVE('',#1835,#1836,#1171,.T.);
#2396=EDGE_CURVE('',#1835,#1815,#1172,.T.);
#2397=EDGE_CURVE('',#1817,#1836,#1173,.T.);
#2398=ORIENTED_EDGE('',*,*,#1837,.F.);
#2399=ORIENTED_EDGE('',*,*,#1838,.T.);
#2400=ORIENTED_EDGE('',*,*,#1839,.F.);
#2401=ORIENTED_EDGE('',*,*,#1840,.F.);
#2402=ORIENTED_EDGE('',*,*,#1841,.F.);
#2403=ORIENTED_EDGE('',*,*,#1840,.T.);
#2404=ORIENTED_EDGE('',*,*,#1842,.F.);
#2405=ORIENTED_EDGE('',*,*,#1843,.F.);
#2406=ORIENTED_EDGE('',*,*,#1844,.F.);
#2407=ORIENTED_EDGE('',*,*,#1843,.T.);
#2408=ORIENTED_EDGE('',*,*,#1845,.F.);
#2409=ORIENTED_EDGE('',*,*,#1846,.F.);
#2410=ORIENTED_EDGE('',*,*,#1847,.F.);
#2411=ORIENTED_EDGE('',*,*,#1846,.T.);
#2412=ORIENTED_EDGE('',*,*,#1848,.F.);
#2413=ORIENTED_EDGE('',*,*,#1838,.F.);
#2414=ORIENTED_EDGE('',*,*,#1848,.T.);
#2415=ORIENTED_EDGE('',*,*,#1845,.T.);
#2416=ORIENTED_EDGE('',*,*,#1842,.T.);
#2417=ORIENTED_EDGE('',*,*,#1839,.T.);
#2418=ORIENTED_EDGE('',*,*,#1847,.T.);
#2419=ORIENTED_EDGE('',*,*,#1837,.T.);
#2420=ORIENTED_EDGE('',*,*,#1841,.T.);
#2421=ORIENTED_EDGE('',*,*,#1844,.T.);
#2422=ORIENTED_EDGE('',*,*,#1849,.F.);
#2423=ORIENTED_EDGE('',*,*,#1850,.T.);
#2424=ORIENTED_EDGE('',*,*,#1851,.F.);
#2425=ORIENTED_EDGE('',*,*,#1852,.F.);
#2426=ORIENTED_EDGE('',*,*,#1853,.F.);
#2427=ORIENTED_EDGE('',*,*,#1852,.T.);
#2428=ORIENTED_EDGE('',*,*,#1854,.F.);
#2429=ORIENTED_EDGE('',*,*,#1855,.F.);
#2430=ORIENTED_EDGE('',*,*,#1856,.F.);
#2431=ORIENTED_EDGE('',*,*,#1855,.T.);
#2432=ORIENTED_EDGE('',*,*,#1857,.F.);
#2433=ORIENTED_EDGE('',*,*,#1858,.F.);
#2434=ORIENTED_EDGE('',*,*,#1859,.F.);
#2435=ORIENTED_EDGE('',*,*,#1858,.T.);
#2436=ORIENTED_EDGE('',*,*,#1860,.F.);
#2437=ORIENTED_EDGE('',*,*,#1861,.F.);
#2438=ORIENTED_EDGE('',*,*,#1862,.F.);
#2439=ORIENTED_EDGE('',*,*,#1861,.T.);
#2440=ORIENTED_EDGE('',*,*,#1863,.F.);
#2441=ORIENTED_EDGE('',*,*,#1864,.F.);
#2442=ORIENTED_EDGE('',*,*,#1865,.F.);
#2443=ORIENTED_EDGE('',*,*,#1864,.T.);
#2444=ORIENTED_EDGE('',*,*,#1866,.F.);
#2445=ORIENTED_EDGE('',*,*,#1867,.F.);
#2446=ORIENTED_EDGE('',*,*,#1868,.F.);
#2447=ORIENTED_EDGE('',*,*,#1867,.T.);
#2448=ORIENTED_EDGE('',*,*,#1869,.F.);
#2449=ORIENTED_EDGE('',*,*,#1870,.F.);
#2450=ORIENTED_EDGE('',*,*,#1871,.F.);
#2451=ORIENTED_EDGE('',*,*,#1870,.T.);
#2452=ORIENTED_EDGE('',*,*,#1872,.F.);
#2453=ORIENTED_EDGE('',*,*,#1873,.F.);
#2454=ORIENTED_EDGE('',*,*,#1874,.F.);
#2455=ORIENTED_EDGE('',*,*,#1873,.T.);
#2456=ORIENTED_EDGE('',*,*,#1875,.F.);
#2457=ORIENTED_EDGE('',*,*,#1876,.F.);
#2458=ORIENTED_EDGE('',*,*,#1877,.F.);
#2459=ORIENTED_EDGE('',*,*,#1876,.T.);
#2460=ORIENTED_EDGE('',*,*,#1878,.F.);
#2461=ORIENTED_EDGE('',*,*,#1879,.F.);
#2462=ORIENTED_EDGE('',*,*,#1880,.F.);
#2463=ORIENTED_EDGE('',*,*,#1879,.T.);
#2464=ORIENTED_EDGE('',*,*,#1881,.F.);
#2465=ORIENTED_EDGE('',*,*,#1882,.F.);
#2466=ORIENTED_EDGE('',*,*,#1883,.F.);
#2467=ORIENTED_EDGE('',*,*,#1882,.T.);
#2468=ORIENTED_EDGE('',*,*,#1884,.F.);
#2469=ORIENTED_EDGE('',*,*,#1885,.F.);
#2470=ORIENTED_EDGE('',*,*,#1886,.F.);
#2471=ORIENTED_EDGE('',*,*,#1885,.T.);
#2472=ORIENTED_EDGE('',*,*,#1887,.F.);
#2473=ORIENTED_EDGE('',*,*,#1888,.F.);
#2474=ORIENTED_EDGE('',*,*,#1889,.F.);
#2475=ORIENTED_EDGE('',*,*,#1888,.T.);
#2476=ORIENTED_EDGE('',*,*,#1890,.F.);
#2477=ORIENTED_EDGE('',*,*,#1891,.F.);
#2478=ORIENTED_EDGE('',*,*,#1892,.F.);
#2479=ORIENTED_EDGE('',*,*,#1891,.T.);
#2480=ORIENTED_EDGE('',*,*,#1893,.F.);
#2481=ORIENTED_EDGE('',*,*,#1894,.F.);
#2482=ORIENTED_EDGE('',*,*,#1895,.F.);
#2483=ORIENTED_EDGE('',*,*,#1894,.T.);
#2484=ORIENTED_EDGE('',*,*,#1896,.F.);
#2485=ORIENTED_EDGE('',*,*,#1897,.F.);
#2486=ORIENTED_EDGE('',*,*,#1898,.F.);
#2487=ORIENTED_EDGE('',*,*,#1897,.T.);
#2488=ORIENTED_EDGE('',*,*,#1899,.F.);
#2489=ORIENTED_EDGE('',*,*,#1900,.F.);
#2490=ORIENTED_EDGE('',*,*,#1901,.F.);
#2491=ORIENTED_EDGE('',*,*,#1900,.T.);
#2492=ORIENTED_EDGE('',*,*,#1902,.F.);
#2493=ORIENTED_EDGE('',*,*,#1903,.F.);
#2494=ORIENTED_EDGE('',*,*,#1904,.F.);
#2495=ORIENTED_EDGE('',*,*,#1903,.T.);
#2496=ORIENTED_EDGE('',*,*,#1905,.F.);
#2497=ORIENTED_EDGE('',*,*,#1850,.F.);
#2498=ORIENTED_EDGE('',*,*,#1905,.T.);
#2499=ORIENTED_EDGE('',*,*,#1902,.T.);
#2500=ORIENTED_EDGE('',*,*,#1899,.T.);
#2501=ORIENTED_EDGE('',*,*,#1896,.T.);
#2502=ORIENTED_EDGE('',*,*,#1893,.T.);
#2503=ORIENTED_EDGE('',*,*,#1890,.T.);
#2504=ORIENTED_EDGE('',*,*,#1887,.T.);
#2505=ORIENTED_EDGE('',*,*,#1884,.T.);
#2506=ORIENTED_EDGE('',*,*,#1881,.T.);
#2507=ORIENTED_EDGE('',*,*,#1878,.T.);
#2508=ORIENTED_EDGE('',*,*,#1875,.T.);
#2509=ORIENTED_EDGE('',*,*,#1872,.T.);
#2510=ORIENTED_EDGE('',*,*,#1869,.T.);
#2511=ORIENTED_EDGE('',*,*,#1866,.T.);
#2512=ORIENTED_EDGE('',*,*,#1863,.T.);
#2513=ORIENTED_EDGE('',*,*,#1860,.T.);
#2514=ORIENTED_EDGE('',*,*,#1857,.T.);
#2515=ORIENTED_EDGE('',*,*,#1854,.T.);
#2516=ORIENTED_EDGE('',*,*,#1851,.T.);
#2517=ORIENTED_EDGE('',*,*,#1904,.T.);
#2518=ORIENTED_EDGE('',*,*,#1849,.T.);
#2519=ORIENTED_EDGE('',*,*,#1853,.T.);
#2520=ORIENTED_EDGE('',*,*,#1856,.T.);
#2521=ORIENTED_EDGE('',*,*,#1859,.T.);
#2522=ORIENTED_EDGE('',*,*,#1862,.T.);
#2523=ORIENTED_EDGE('',*,*,#1865,.T.);
#2524=ORIENTED_EDGE('',*,*,#1868,.T.);
#2525=ORIENTED_EDGE('',*,*,#1871,.T.);
#2526=ORIENTED_EDGE('',*,*,#1874,.T.);
#2527=ORIENTED_EDGE('',*,*,#1877,.T.);
#2528=ORIENTED_EDGE('',*,*,#1880,.T.);
#2529=ORIENTED_EDGE('',*,*,#1883,.T.);
#2530=ORIENTED_EDGE('',*,*,#1886,.T.);
#2531=ORIENTED_EDGE('',*,*,#1889,.T.);
#2532=ORIENTED_EDGE('',*,*,#1892,.T.);
#2533=ORIENTED_EDGE('',*,*,#1895,.T.);
#2534=ORIENTED_EDGE('',*,*,#1898,.T.);
#2535=ORIENTED_EDGE('',*,*,#1901,.T.);
#2536=ORIENTED_EDGE('',*,*,#1906,.F.);
#2537=ORIENTED_EDGE('',*,*,#1907,.T.);
#2538=ORIENTED_EDGE('',*,*,#1908,.F.);
#2539=ORIENTED_EDGE('',*,*,#1909,.F.);
#2540=ORIENTED_EDGE('',*,*,#1910,.F.);
#2541=ORIENTED_EDGE('',*,*,#1909,.T.);
#2542=ORIENTED_EDGE('',*,*,#1911,.F.);
#2543=ORIENTED_EDGE('',*,*,#1912,.F.);
#2544=ORIENTED_EDGE('',*,*,#1913,.F.);
#2545=ORIENTED_EDGE('',*,*,#1912,.T.);
#2546=ORIENTED_EDGE('',*,*,#1914,.F.);
#2547=ORIENTED_EDGE('',*,*,#1915,.F.);
#2548=ORIENTED_EDGE('',*,*,#1916,.F.);
#2549=ORIENTED_EDGE('',*,*,#1915,.T.);
#2550=ORIENTED_EDGE('',*,*,#1917,.F.);
#2551=ORIENTED_EDGE('',*,*,#1918,.F.);
#2552=ORIENTED_EDGE('',*,*,#1919,.F.);
#2553=ORIENTED_EDGE('',*,*,#1918,.T.);
#2554=ORIENTED_EDGE('',*,*,#1920,.F.);
#2555=ORIENTED_EDGE('',*,*,#1921,.F.);
#2556=ORIENTED_EDGE('',*,*,#1922,.F.);
#2557=ORIENTED_EDGE('',*,*,#1921,.T.);
#2558=ORIENTED_EDGE('',*,*,#1923,.F.);
#2559=ORIENTED_EDGE('',*,*,#1924,.F.);
#2560=ORIENTED_EDGE('',*,*,#1925,.F.);
#2561=ORIENTED_EDGE('',*,*,#1924,.T.);
#2562=ORIENTED_EDGE('',*,*,#1926,.F.);
#2563=ORIENTED_EDGE('',*,*,#1927,.F.);
#2564=ORIENTED_EDGE('',*,*,#1928,.F.);
#2565=ORIENTED_EDGE('',*,*,#1927,.T.);
#2566=ORIENTED_EDGE('',*,*,#1929,.F.);
#2567=ORIENTED_EDGE('',*,*,#1930,.F.);
#2568=ORIENTED_EDGE('',*,*,#1931,.F.);
#2569=ORIENTED_EDGE('',*,*,#1930,.T.);
#2570=ORIENTED_EDGE('',*,*,#1932,.F.);
#2571=ORIENTED_EDGE('',*,*,#1933,.F.);
#2572=ORIENTED_EDGE('',*,*,#1934,.F.);
#2573=ORIENTED_EDGE('',*,*,#1933,.T.);
#2574=ORIENTED_EDGE('',*,*,#1935,.F.);
#2575=ORIENTED_EDGE('',*,*,#1936,.F.);
#2576=ORIENTED_EDGE('',*,*,#1937,.F.);
#2577=ORIENTED_EDGE('',*,*,#1936,.T.);
#2578=ORIENTED_EDGE('',*,*,#1938,.F.);
#2579=ORIENTED_EDGE('',*,*,#1939,.F.);
#2580=ORIENTED_EDGE('',*,*,#1940,.F.);
#2581=ORIENTED_EDGE('',*,*,#1939,.T.);
#2582=ORIENTED_EDGE('',*,*,#1941,.F.);
#2583=ORIENTED_EDGE('',*,*,#1942,.F.);
#2584=ORIENTED_EDGE('',*,*,#1943,.F.);
#2585=ORIENTED_EDGE('',*,*,#1942,.T.);
#2586=ORIENTED_EDGE('',*,*,#1944,.F.);
#2587=ORIENTED_EDGE('',*,*,#1907,.F.);
#2588=ORIENTED_EDGE('',*,*,#1944,.T.);
#2589=ORIENTED_EDGE('',*,*,#1941,.T.);
#2590=ORIENTED_EDGE('',*,*,#1938,.T.);
#2591=ORIENTED_EDGE('',*,*,#1935,.T.);
#2592=ORIENTED_EDGE('',*,*,#1932,.T.);
#2593=ORIENTED_EDGE('',*,*,#1929,.T.);
#2594=ORIENTED_EDGE('',*,*,#1926,.T.);
#2595=ORIENTED_EDGE('',*,*,#1923,.T.);
#2596=ORIENTED_EDGE('',*,*,#1920,.T.);
#2597=ORIENTED_EDGE('',*,*,#1917,.T.);
#2598=ORIENTED_EDGE('',*,*,#1914,.T.);
#2599=ORIENTED_EDGE('',*,*,#1911,.T.);
#2600=ORIENTED_EDGE('',*,*,#1908,.T.);
#2601=ORIENTED_EDGE('',*,*,#1943,.T.);
#2602=ORIENTED_EDGE('',*,*,#1906,.T.);
#2603=ORIENTED_EDGE('',*,*,#1910,.T.);
#2604=ORIENTED_EDGE('',*,*,#1913,.T.);
#2605=ORIENTED_EDGE('',*,*,#1916,.T.);
#2606=ORIENTED_EDGE('',*,*,#1919,.T.);
#2607=ORIENTED_EDGE('',*,*,#1922,.T.);
#2608=ORIENTED_EDGE('',*,*,#1925,.T.);
#2609=ORIENTED_EDGE('',*,*,#1928,.T.);
#2610=ORIENTED_EDGE('',*,*,#1931,.T.);
#2611=ORIENTED_EDGE('',*,*,#1934,.T.);
#2612=ORIENTED_EDGE('',*,*,#1937,.T.);
#2613=ORIENTED_EDGE('',*,*,#1940,.T.);
#2614=ORIENTED_EDGE('',*,*,#1945,.F.);
#2615=ORIENTED_EDGE('',*,*,#1946,.T.);
#2616=ORIENTED_EDGE('',*,*,#1947,.F.);
#2617=ORIENTED_EDGE('',*,*,#1948,.F.);
#2618=ORIENTED_EDGE('',*,*,#1949,.F.);
#2619=ORIENTED_EDGE('',*,*,#1948,.T.);
#2620=ORIENTED_EDGE('',*,*,#1950,.F.);
#2621=ORIENTED_EDGE('',*,*,#1951,.F.);
#2622=ORIENTED_EDGE('',*,*,#1952,.F.);
#2623=ORIENTED_EDGE('',*,*,#1951,.T.);
#2624=ORIENTED_EDGE('',*,*,#1953,.F.);
#2625=ORIENTED_EDGE('',*,*,#1954,.F.);
#2626=ORIENTED_EDGE('',*,*,#1955,.F.);
#2627=ORIENTED_EDGE('',*,*,#1954,.T.);
#2628=ORIENTED_EDGE('',*,*,#1956,.F.);
#2629=ORIENTED_EDGE('',*,*,#1957,.F.);
#2630=ORIENTED_EDGE('',*,*,#1958,.F.);
#2631=ORIENTED_EDGE('',*,*,#1957,.T.);
#2632=ORIENTED_EDGE('',*,*,#1959,.F.);
#2633=ORIENTED_EDGE('',*,*,#1960,.F.);
#2634=ORIENTED_EDGE('',*,*,#1961,.F.);
#2635=ORIENTED_EDGE('',*,*,#1960,.T.);
#2636=ORIENTED_EDGE('',*,*,#1962,.F.);
#2637=ORIENTED_EDGE('',*,*,#1963,.F.);
#2638=ORIENTED_EDGE('',*,*,#1964,.F.);
#2639=ORIENTED_EDGE('',*,*,#1963,.T.);
#2640=ORIENTED_EDGE('',*,*,#1965,.F.);
#2641=ORIENTED_EDGE('',*,*,#1966,.F.);
#2642=ORIENTED_EDGE('',*,*,#1967,.F.);
#2643=ORIENTED_EDGE('',*,*,#1966,.T.);
#2644=ORIENTED_EDGE('',*,*,#1968,.F.);
#2645=ORIENTED_EDGE('',*,*,#1946,.F.);
#2646=ORIENTED_EDGE('',*,*,#1969,.F.);
#2647=ORIENTED_EDGE('',*,*,#1970,.T.);
#2648=ORIENTED_EDGE('',*,*,#1971,.F.);
#2649=ORIENTED_EDGE('',*,*,#1972,.F.);
#2650=ORIENTED_EDGE('',*,*,#1973,.F.);
#2651=ORIENTED_EDGE('',*,*,#1972,.T.);
#2652=ORIENTED_EDGE('',*,*,#1974,.F.);
#2653=ORIENTED_EDGE('',*,*,#1975,.F.);
#2654=ORIENTED_EDGE('',*,*,#1976,.F.);
#2655=ORIENTED_EDGE('',*,*,#1975,.T.);
#2656=ORIENTED_EDGE('',*,*,#1977,.F.);
#2657=ORIENTED_EDGE('',*,*,#1978,.F.);
#2658=ORIENTED_EDGE('',*,*,#1979,.F.);
#2659=ORIENTED_EDGE('',*,*,#1978,.T.);
#2660=ORIENTED_EDGE('',*,*,#1980,.F.);
#2661=ORIENTED_EDGE('',*,*,#1981,.F.);
#2662=ORIENTED_EDGE('',*,*,#1982,.F.);
#2663=ORIENTED_EDGE('',*,*,#1981,.T.);
#2664=ORIENTED_EDGE('',*,*,#1983,.F.);
#2665=ORIENTED_EDGE('',*,*,#1984,.F.);
#2666=ORIENTED_EDGE('',*,*,#1985,.F.);
#2667=ORIENTED_EDGE('',*,*,#1984,.T.);
#2668=ORIENTED_EDGE('',*,*,#1986,.F.);
#2669=ORIENTED_EDGE('',*,*,#1987,.F.);
#2670=ORIENTED_EDGE('',*,*,#1988,.F.);
#2671=ORIENTED_EDGE('',*,*,#1987,.T.);
#2672=ORIENTED_EDGE('',*,*,#1989,.F.);
#2673=ORIENTED_EDGE('',*,*,#1990,.F.);
#2674=ORIENTED_EDGE('',*,*,#1991,.F.);
#2675=ORIENTED_EDGE('',*,*,#1990,.T.);
#2676=ORIENTED_EDGE('',*,*,#1992,.F.);
#2677=ORIENTED_EDGE('',*,*,#1993,.F.);
#2678=ORIENTED_EDGE('',*,*,#1994,.F.);
#2679=ORIENTED_EDGE('',*,*,#1993,.T.);
#2680=ORIENTED_EDGE('',*,*,#1995,.F.);
#2681=ORIENTED_EDGE('',*,*,#1970,.F.);
#2682=ORIENTED_EDGE('',*,*,#1995,.T.);
#2683=ORIENTED_EDGE('',*,*,#1992,.T.);
#2684=ORIENTED_EDGE('',*,*,#1989,.T.);
#2685=ORIENTED_EDGE('',*,*,#1986,.T.);
#2686=ORIENTED_EDGE('',*,*,#1983,.T.);
#2687=ORIENTED_EDGE('',*,*,#1980,.T.);
#2688=ORIENTED_EDGE('',*,*,#1977,.T.);
#2689=ORIENTED_EDGE('',*,*,#1974,.T.);
#2690=ORIENTED_EDGE('',*,*,#1971,.T.);
#2691=ORIENTED_EDGE('',*,*,#1968,.T.);
#2692=ORIENTED_EDGE('',*,*,#1965,.T.);
#2693=ORIENTED_EDGE('',*,*,#1962,.T.);
#2694=ORIENTED_EDGE('',*,*,#1959,.T.);
#2695=ORIENTED_EDGE('',*,*,#1956,.T.);
#2696=ORIENTED_EDGE('',*,*,#1953,.T.);
#2697=ORIENTED_EDGE('',*,*,#1950,.T.);
#2698=ORIENTED_EDGE('',*,*,#1947,.T.);
#2699=ORIENTED_EDGE('',*,*,#1994,.T.);
#2700=ORIENTED_EDGE('',*,*,#1969,.T.);
#2701=ORIENTED_EDGE('',*,*,#1973,.T.);
#2702=ORIENTED_EDGE('',*,*,#1976,.T.);
#2703=ORIENTED_EDGE('',*,*,#1979,.T.);
#2704=ORIENTED_EDGE('',*,*,#1982,.T.);
#2705=ORIENTED_EDGE('',*,*,#1985,.T.);
#2706=ORIENTED_EDGE('',*,*,#1988,.T.);
#2707=ORIENTED_EDGE('',*,*,#1991,.T.);
#2708=ORIENTED_EDGE('',*,*,#1967,.T.);
#2709=ORIENTED_EDGE('',*,*,#1945,.T.);
#2710=ORIENTED_EDGE('',*,*,#1949,.T.);
#2711=ORIENTED_EDGE('',*,*,#1952,.T.);
#2712=ORIENTED_EDGE('',*,*,#1955,.T.);
#2713=ORIENTED_EDGE('',*,*,#1958,.T.);
#2714=ORIENTED_EDGE('',*,*,#1961,.T.);
#2715=ORIENTED_EDGE('',*,*,#1964,.T.);
#2716=ORIENTED_EDGE('',*,*,#1996,.F.);
#2717=ORIENTED_EDGE('',*,*,#1997,.T.);
#2718=ORIENTED_EDGE('',*,*,#1998,.F.);
#2719=ORIENTED_EDGE('',*,*,#1999,.F.);
#2720=ORIENTED_EDGE('',*,*,#2000,.F.);
#2721=ORIENTED_EDGE('',*,*,#1999,.T.);
#2722=ORIENTED_EDGE('',*,*,#2001,.F.);
#2723=ORIENTED_EDGE('',*,*,#2002,.F.);
#2724=ORIENTED_EDGE('',*,*,#2003,.F.);
#2725=ORIENTED_EDGE('',*,*,#2002,.T.);
#2726=ORIENTED_EDGE('',*,*,#2004,.F.);
#2727=ORIENTED_EDGE('',*,*,#2005,.F.);
#2728=ORIENTED_EDGE('',*,*,#2006,.F.);
#2729=ORIENTED_EDGE('',*,*,#2005,.T.);
#2730=ORIENTED_EDGE('',*,*,#2007,.F.);
#2731=ORIENTED_EDGE('',*,*,#2008,.F.);
#2732=ORIENTED_EDGE('',*,*,#2009,.F.);
#2733=ORIENTED_EDGE('',*,*,#2008,.T.);
#2734=ORIENTED_EDGE('',*,*,#2010,.F.);
#2735=ORIENTED_EDGE('',*,*,#2011,.F.);
#2736=ORIENTED_EDGE('',*,*,#2012,.F.);
#2737=ORIENTED_EDGE('',*,*,#2011,.T.);
#2738=ORIENTED_EDGE('',*,*,#2013,.F.);
#2739=ORIENTED_EDGE('',*,*,#2014,.F.);
#2740=ORIENTED_EDGE('',*,*,#2015,.F.);
#2741=ORIENTED_EDGE('',*,*,#2014,.T.);
#2742=ORIENTED_EDGE('',*,*,#2016,.F.);
#2743=ORIENTED_EDGE('',*,*,#2017,.F.);
#2744=ORIENTED_EDGE('',*,*,#2018,.F.);
#2745=ORIENTED_EDGE('',*,*,#2017,.T.);
#2746=ORIENTED_EDGE('',*,*,#2019,.F.);
#2747=ORIENTED_EDGE('',*,*,#1997,.F.);
#2748=ORIENTED_EDGE('',*,*,#2020,.F.);
#2749=ORIENTED_EDGE('',*,*,#2021,.T.);
#2750=ORIENTED_EDGE('',*,*,#2022,.F.);
#2751=ORIENTED_EDGE('',*,*,#2023,.F.);
#2752=ORIENTED_EDGE('',*,*,#2024,.F.);
#2753=ORIENTED_EDGE('',*,*,#2023,.T.);
#2754=ORIENTED_EDGE('',*,*,#2025,.F.);
#2755=ORIENTED_EDGE('',*,*,#2026,.F.);
#2756=ORIENTED_EDGE('',*,*,#2027,.F.);
#2757=ORIENTED_EDGE('',*,*,#2026,.T.);
#2758=ORIENTED_EDGE('',*,*,#2028,.F.);
#2759=ORIENTED_EDGE('',*,*,#2029,.F.);
#2760=ORIENTED_EDGE('',*,*,#2030,.F.);
#2761=ORIENTED_EDGE('',*,*,#2029,.T.);
#2762=ORIENTED_EDGE('',*,*,#2031,.F.);
#2763=ORIENTED_EDGE('',*,*,#2032,.F.);
#2764=ORIENTED_EDGE('',*,*,#2033,.F.);
#2765=ORIENTED_EDGE('',*,*,#2032,.T.);
#2766=ORIENTED_EDGE('',*,*,#2034,.F.);
#2767=ORIENTED_EDGE('',*,*,#2035,.F.);
#2768=ORIENTED_EDGE('',*,*,#2036,.F.);
#2769=ORIENTED_EDGE('',*,*,#2035,.T.);
#2770=ORIENTED_EDGE('',*,*,#2037,.F.);
#2771=ORIENTED_EDGE('',*,*,#2038,.F.);
#2772=ORIENTED_EDGE('',*,*,#2039,.F.);
#2773=ORIENTED_EDGE('',*,*,#2038,.T.);
#2774=ORIENTED_EDGE('',*,*,#2040,.F.);
#2775=ORIENTED_EDGE('',*,*,#2041,.F.);
#2776=ORIENTED_EDGE('',*,*,#2042,.F.);
#2777=ORIENTED_EDGE('',*,*,#2041,.T.);
#2778=ORIENTED_EDGE('',*,*,#2043,.F.);
#2779=ORIENTED_EDGE('',*,*,#2044,.F.);
#2780=ORIENTED_EDGE('',*,*,#2045,.F.);
#2781=ORIENTED_EDGE('',*,*,#2044,.T.);
#2782=ORIENTED_EDGE('',*,*,#2046,.F.);
#2783=ORIENTED_EDGE('',*,*,#2047,.F.);
#2784=ORIENTED_EDGE('',*,*,#2048,.F.);
#2785=ORIENTED_EDGE('',*,*,#2047,.T.);
#2786=ORIENTED_EDGE('',*,*,#2049,.F.);
#2787=ORIENTED_EDGE('',*,*,#2050,.F.);
#2788=ORIENTED_EDGE('',*,*,#2051,.F.);
#2789=ORIENTED_EDGE('',*,*,#2050,.T.);
#2790=ORIENTED_EDGE('',*,*,#2052,.F.);
#2791=ORIENTED_EDGE('',*,*,#2053,.F.);
#2792=ORIENTED_EDGE('',*,*,#2054,.F.);
#2793=ORIENTED_EDGE('',*,*,#2053,.T.);
#2794=ORIENTED_EDGE('',*,*,#2055,.F.);
#2795=ORIENTED_EDGE('',*,*,#2056,.F.);
#2796=ORIENTED_EDGE('',*,*,#2057,.F.);
#2797=ORIENTED_EDGE('',*,*,#2056,.T.);
#2798=ORIENTED_EDGE('',*,*,#2058,.F.);
#2799=ORIENTED_EDGE('',*,*,#2059,.F.);
#2800=ORIENTED_EDGE('',*,*,#2060,.F.);
#2801=ORIENTED_EDGE('',*,*,#2059,.T.);
#2802=ORIENTED_EDGE('',*,*,#2061,.F.);
#2803=ORIENTED_EDGE('',*,*,#2021,.F.);
#2804=ORIENTED_EDGE('',*,*,#2061,.T.);
#2805=ORIENTED_EDGE('',*,*,#2058,.T.);
#2806=ORIENTED_EDGE('',*,*,#2055,.T.);
#2807=ORIENTED_EDGE('',*,*,#2052,.T.);
#2808=ORIENTED_EDGE('',*,*,#2049,.T.);
#2809=ORIENTED_EDGE('',*,*,#2046,.T.);
#2810=ORIENTED_EDGE('',*,*,#2043,.T.);
#2811=ORIENTED_EDGE('',*,*,#2040,.T.);
#2812=ORIENTED_EDGE('',*,*,#2037,.T.);
#2813=ORIENTED_EDGE('',*,*,#2034,.T.);
#2814=ORIENTED_EDGE('',*,*,#2031,.T.);
#2815=ORIENTED_EDGE('',*,*,#2028,.T.);
#2816=ORIENTED_EDGE('',*,*,#2025,.T.);
#2817=ORIENTED_EDGE('',*,*,#2022,.T.);
#2818=ORIENTED_EDGE('',*,*,#2019,.T.);
#2819=ORIENTED_EDGE('',*,*,#2016,.T.);
#2820=ORIENTED_EDGE('',*,*,#2013,.T.);
#2821=ORIENTED_EDGE('',*,*,#2010,.T.);
#2822=ORIENTED_EDGE('',*,*,#2007,.T.);
#2823=ORIENTED_EDGE('',*,*,#2004,.T.);
#2824=ORIENTED_EDGE('',*,*,#2001,.T.);
#2825=ORIENTED_EDGE('',*,*,#1998,.T.);
#2826=ORIENTED_EDGE('',*,*,#2060,.T.);
#2827=ORIENTED_EDGE('',*,*,#2020,.T.);
#2828=ORIENTED_EDGE('',*,*,#2024,.T.);
#2829=ORIENTED_EDGE('',*,*,#2027,.T.);
#2830=ORIENTED_EDGE('',*,*,#2030,.T.);
#2831=ORIENTED_EDGE('',*,*,#2033,.T.);
#2832=ORIENTED_EDGE('',*,*,#2036,.T.);
#2833=ORIENTED_EDGE('',*,*,#2039,.T.);
#2834=ORIENTED_EDGE('',*,*,#2042,.T.);
#2835=ORIENTED_EDGE('',*,*,#2045,.T.);
#2836=ORIENTED_EDGE('',*,*,#2048,.T.);
#2837=ORIENTED_EDGE('',*,*,#2051,.T.);
#2838=ORIENTED_EDGE('',*,*,#2054,.T.);
#2839=ORIENTED_EDGE('',*,*,#2057,.T.);
#2840=ORIENTED_EDGE('',*,*,#2018,.T.);
#2841=ORIENTED_EDGE('',*,*,#1996,.T.);
#2842=ORIENTED_EDGE('',*,*,#2000,.T.);
#2843=ORIENTED_EDGE('',*,*,#2003,.T.);
#2844=ORIENTED_EDGE('',*,*,#2006,.T.);
#2845=ORIENTED_EDGE('',*,*,#2009,.T.);
#2846=ORIENTED_EDGE('',*,*,#2012,.T.);
#2847=ORIENTED_EDGE('',*,*,#2015,.T.);
#2848=ORIENTED_EDGE('',*,*,#2062,.F.);
#2849=ORIENTED_EDGE('',*,*,#2063,.T.);
#2850=ORIENTED_EDGE('',*,*,#2064,.F.);
#2851=ORIENTED_EDGE('',*,*,#2065,.F.);
#2852=ORIENTED_EDGE('',*,*,#2066,.F.);
#2853=ORIENTED_EDGE('',*,*,#2065,.T.);
#2854=ORIENTED_EDGE('',*,*,#2067,.F.);
#2855=ORIENTED_EDGE('',*,*,#2068,.F.);
#2856=ORIENTED_EDGE('',*,*,#2069,.F.);
#2857=ORIENTED_EDGE('',*,*,#2068,.T.);
#2858=ORIENTED_EDGE('',*,*,#2070,.F.);
#2859=ORIENTED_EDGE('',*,*,#2071,.F.);
#2860=ORIENTED_EDGE('',*,*,#2072,.F.);
#2861=ORIENTED_EDGE('',*,*,#2071,.T.);
#2862=ORIENTED_EDGE('',*,*,#2073,.F.);
#2863=ORIENTED_EDGE('',*,*,#2074,.F.);
#2864=ORIENTED_EDGE('',*,*,#2075,.F.);
#2865=ORIENTED_EDGE('',*,*,#2074,.T.);
#2866=ORIENTED_EDGE('',*,*,#2076,.F.);
#2867=ORIENTED_EDGE('',*,*,#2063,.F.);
#2868=ORIENTED_EDGE('',*,*,#2077,.F.);
#2869=ORIENTED_EDGE('',*,*,#2078,.T.);
#2870=ORIENTED_EDGE('',*,*,#2079,.F.);
#2871=ORIENTED_EDGE('',*,*,#2080,.F.);
#2872=ORIENTED_EDGE('',*,*,#2081,.F.);
#2873=ORIENTED_EDGE('',*,*,#2080,.T.);
#2874=ORIENTED_EDGE('',*,*,#2082,.F.);
#2875=ORIENTED_EDGE('',*,*,#2083,.F.);
#2876=ORIENTED_EDGE('',*,*,#2084,.F.);
#2877=ORIENTED_EDGE('',*,*,#2083,.T.);
#2878=ORIENTED_EDGE('',*,*,#2085,.F.);
#2879=ORIENTED_EDGE('',*,*,#2086,.F.);
#2880=ORIENTED_EDGE('',*,*,#2087,.F.);
#2881=ORIENTED_EDGE('',*,*,#2086,.T.);
#2882=ORIENTED_EDGE('',*,*,#2088,.F.);
#2883=ORIENTED_EDGE('',*,*,#2089,.F.);
#2884=ORIENTED_EDGE('',*,*,#2090,.F.);
#2885=ORIENTED_EDGE('',*,*,#2089,.T.);
#2886=ORIENTED_EDGE('',*,*,#2091,.F.);
#2887=ORIENTED_EDGE('',*,*,#2092,.F.);
#2888=ORIENTED_EDGE('',*,*,#2093,.F.);
#2889=ORIENTED_EDGE('',*,*,#2092,.T.);
#2890=ORIENTED_EDGE('',*,*,#2094,.F.);
#2891=ORIENTED_EDGE('',*,*,#2095,.F.);
#2892=ORIENTED_EDGE('',*,*,#2096,.F.);
#2893=ORIENTED_EDGE('',*,*,#2095,.T.);
#2894=ORIENTED_EDGE('',*,*,#2097,.F.);
#2895=ORIENTED_EDGE('',*,*,#2098,.F.);
#2896=ORIENTED_EDGE('',*,*,#2099,.F.);
#2897=ORIENTED_EDGE('',*,*,#2098,.T.);
#2898=ORIENTED_EDGE('',*,*,#2100,.F.);
#2899=ORIENTED_EDGE('',*,*,#2101,.F.);
#2900=ORIENTED_EDGE('',*,*,#2102,.F.);
#2901=ORIENTED_EDGE('',*,*,#2101,.T.);
#2902=ORIENTED_EDGE('',*,*,#2103,.F.);
#2903=ORIENTED_EDGE('',*,*,#2104,.F.);
#2904=ORIENTED_EDGE('',*,*,#2105,.F.);
#2905=ORIENTED_EDGE('',*,*,#2104,.T.);
#2906=ORIENTED_EDGE('',*,*,#2106,.F.);
#2907=ORIENTED_EDGE('',*,*,#2107,.F.);
#2908=ORIENTED_EDGE('',*,*,#2108,.F.);
#2909=ORIENTED_EDGE('',*,*,#2107,.T.);
#2910=ORIENTED_EDGE('',*,*,#2109,.F.);
#2911=ORIENTED_EDGE('',*,*,#2110,.F.);
#2912=ORIENTED_EDGE('',*,*,#2111,.F.);
#2913=ORIENTED_EDGE('',*,*,#2110,.T.);
#2914=ORIENTED_EDGE('',*,*,#2112,.F.);
#2915=ORIENTED_EDGE('',*,*,#2113,.F.);
#2916=ORIENTED_EDGE('',*,*,#2114,.F.);
#2917=ORIENTED_EDGE('',*,*,#2113,.T.);
#2918=ORIENTED_EDGE('',*,*,#2115,.F.);
#2919=ORIENTED_EDGE('',*,*,#2116,.F.);
#2920=ORIENTED_EDGE('',*,*,#2117,.F.);
#2921=ORIENTED_EDGE('',*,*,#2116,.T.);
#2922=ORIENTED_EDGE('',*,*,#2118,.F.);
#2923=ORIENTED_EDGE('',*,*,#2119,.F.);
#2924=ORIENTED_EDGE('',*,*,#2120,.F.);
#2925=ORIENTED_EDGE('',*,*,#2119,.T.);
#2926=ORIENTED_EDGE('',*,*,#2121,.F.);
#2927=ORIENTED_EDGE('',*,*,#2078,.F.);
#2928=ORIENTED_EDGE('',*,*,#2121,.T.);
#2929=ORIENTED_EDGE('',*,*,#2118,.T.);
#2930=ORIENTED_EDGE('',*,*,#2115,.T.);
#2931=ORIENTED_EDGE('',*,*,#2112,.T.);
#2932=ORIENTED_EDGE('',*,*,#2109,.T.);
#2933=ORIENTED_EDGE('',*,*,#2106,.T.);
#2934=ORIENTED_EDGE('',*,*,#2103,.T.);
#2935=ORIENTED_EDGE('',*,*,#2100,.T.);
#2936=ORIENTED_EDGE('',*,*,#2097,.T.);
#2937=ORIENTED_EDGE('',*,*,#2094,.T.);
#2938=ORIENTED_EDGE('',*,*,#2091,.T.);
#2939=ORIENTED_EDGE('',*,*,#2088,.T.);
#2940=ORIENTED_EDGE('',*,*,#2085,.T.);
#2941=ORIENTED_EDGE('',*,*,#2082,.T.);
#2942=ORIENTED_EDGE('',*,*,#2079,.T.);
#2943=ORIENTED_EDGE('',*,*,#2076,.T.);
#2944=ORIENTED_EDGE('',*,*,#2073,.T.);
#2945=ORIENTED_EDGE('',*,*,#2070,.T.);
#2946=ORIENTED_EDGE('',*,*,#2067,.T.);
#2947=ORIENTED_EDGE('',*,*,#2064,.T.);
#2948=ORIENTED_EDGE('',*,*,#2120,.T.);
#2949=ORIENTED_EDGE('',*,*,#2077,.T.);
#2950=ORIENTED_EDGE('',*,*,#2081,.T.);
#2951=ORIENTED_EDGE('',*,*,#2084,.T.);
#2952=ORIENTED_EDGE('',*,*,#2087,.T.);
#2953=ORIENTED_EDGE('',*,*,#2090,.T.);
#2954=ORIENTED_EDGE('',*,*,#2093,.T.);
#2955=ORIENTED_EDGE('',*,*,#2096,.T.);
#2956=ORIENTED_EDGE('',*,*,#2099,.T.);
#2957=ORIENTED_EDGE('',*,*,#2102,.T.);
#2958=ORIENTED_EDGE('',*,*,#2105,.T.);
#2959=ORIENTED_EDGE('',*,*,#2108,.T.);
#2960=ORIENTED_EDGE('',*,*,#2111,.T.);
#2961=ORIENTED_EDGE('',*,*,#2114,.T.);
#2962=ORIENTED_EDGE('',*,*,#2117,.T.);
#2963=ORIENTED_EDGE('',*,*,#2075,.T.);
#2964=ORIENTED_EDGE('',*,*,#2062,.T.);
#2965=ORIENTED_EDGE('',*,*,#2066,.T.);
#2966=ORIENTED_EDGE('',*,*,#2069,.T.);
#2967=ORIENTED_EDGE('',*,*,#2072,.T.);
#2968=ORIENTED_EDGE('',*,*,#2122,.F.);
#2969=ORIENTED_EDGE('',*,*,#2123,.T.);
#2970=ORIENTED_EDGE('',*,*,#2124,.F.);
#2971=ORIENTED_EDGE('',*,*,#2125,.F.);
#2972=ORIENTED_EDGE('',*,*,#2126,.F.);
#2973=ORIENTED_EDGE('',*,*,#2125,.T.);
#2974=ORIENTED_EDGE('',*,*,#2127,.F.);
#2975=ORIENTED_EDGE('',*,*,#2128,.F.);
#2976=ORIENTED_EDGE('',*,*,#2129,.F.);
#2977=ORIENTED_EDGE('',*,*,#2128,.T.);
#2978=ORIENTED_EDGE('',*,*,#2130,.F.);
#2979=ORIENTED_EDGE('',*,*,#2131,.F.);
#2980=ORIENTED_EDGE('',*,*,#2132,.F.);
#2981=ORIENTED_EDGE('',*,*,#2131,.T.);
#2982=ORIENTED_EDGE('',*,*,#2133,.F.);
#2983=ORIENTED_EDGE('',*,*,#2123,.F.);
#2984=ORIENTED_EDGE('',*,*,#2133,.T.);
#2985=ORIENTED_EDGE('',*,*,#2130,.T.);
#2986=ORIENTED_EDGE('',*,*,#2127,.T.);
#2987=ORIENTED_EDGE('',*,*,#2124,.T.);
#2988=ORIENTED_EDGE('',*,*,#2132,.T.);
#2989=ORIENTED_EDGE('',*,*,#2122,.T.);
#2990=ORIENTED_EDGE('',*,*,#2126,.T.);
#2991=ORIENTED_EDGE('',*,*,#2129,.T.);
#2992=ORIENTED_EDGE('',*,*,#2134,.F.);
#2993=ORIENTED_EDGE('',*,*,#2135,.T.);
#2994=ORIENTED_EDGE('',*,*,#2136,.F.);
#2995=ORIENTED_EDGE('',*,*,#2137,.F.);
#2996=ORIENTED_EDGE('',*,*,#2138,.F.);
#2997=ORIENTED_EDGE('',*,*,#2137,.T.);
#2998=ORIENTED_EDGE('',*,*,#2139,.F.);
#2999=ORIENTED_EDGE('',*,*,#2140,.F.);
#3000=ORIENTED_EDGE('',*,*,#2141,.F.);
#3001=ORIENTED_EDGE('',*,*,#2140,.T.);
#3002=ORIENTED_EDGE('',*,*,#2142,.F.);
#3003=ORIENTED_EDGE('',*,*,#2143,.F.);
#3004=ORIENTED_EDGE('',*,*,#2144,.F.);
#3005=ORIENTED_EDGE('',*,*,#2143,.T.);
#3006=ORIENTED_EDGE('',*,*,#2145,.F.);
#3007=ORIENTED_EDGE('',*,*,#2146,.F.);
#3008=ORIENTED_EDGE('',*,*,#2147,.F.);
#3009=ORIENTED_EDGE('',*,*,#2146,.T.);
#3010=ORIENTED_EDGE('',*,*,#2148,.F.);
#3011=ORIENTED_EDGE('',*,*,#2149,.F.);
#3012=ORIENTED_EDGE('',*,*,#2150,.F.);
#3013=ORIENTED_EDGE('',*,*,#2149,.T.);
#3014=ORIENTED_EDGE('',*,*,#2151,.F.);
#3015=ORIENTED_EDGE('',*,*,#2152,.F.);
#3016=ORIENTED_EDGE('',*,*,#2153,.F.);
#3017=ORIENTED_EDGE('',*,*,#2152,.T.);
#3018=ORIENTED_EDGE('',*,*,#2154,.F.);
#3019=ORIENTED_EDGE('',*,*,#2155,.F.);
#3020=ORIENTED_EDGE('',*,*,#2156,.F.);
#3021=ORIENTED_EDGE('',*,*,#2155,.T.);
#3022=ORIENTED_EDGE('',*,*,#2157,.F.);
#3023=ORIENTED_EDGE('',*,*,#2158,.F.);
#3024=ORIENTED_EDGE('',*,*,#2159,.F.);
#3025=ORIENTED_EDGE('',*,*,#2158,.T.);
#3026=ORIENTED_EDGE('',*,*,#2160,.F.);
#3027=ORIENTED_EDGE('',*,*,#2161,.F.);
#3028=ORIENTED_EDGE('',*,*,#2162,.F.);
#3029=ORIENTED_EDGE('',*,*,#2161,.T.);
#3030=ORIENTED_EDGE('',*,*,#2163,.F.);
#3031=ORIENTED_EDGE('',*,*,#2164,.F.);
#3032=ORIENTED_EDGE('',*,*,#2165,.F.);
#3033=ORIENTED_EDGE('',*,*,#2164,.T.);
#3034=ORIENTED_EDGE('',*,*,#2166,.F.);
#3035=ORIENTED_EDGE('',*,*,#2167,.F.);
#3036=ORIENTED_EDGE('',*,*,#2168,.F.);
#3037=ORIENTED_EDGE('',*,*,#2167,.T.);
#3038=ORIENTED_EDGE('',*,*,#2169,.F.);
#3039=ORIENTED_EDGE('',*,*,#2135,.F.);
#3040=ORIENTED_EDGE('',*,*,#2169,.T.);
#3041=ORIENTED_EDGE('',*,*,#2166,.T.);
#3042=ORIENTED_EDGE('',*,*,#2163,.T.);
#3043=ORIENTED_EDGE('',*,*,#2160,.T.);
#3044=ORIENTED_EDGE('',*,*,#2157,.T.);
#3045=ORIENTED_EDGE('',*,*,#2154,.T.);
#3046=ORIENTED_EDGE('',*,*,#2151,.T.);
#3047=ORIENTED_EDGE('',*,*,#2148,.T.);
#3048=ORIENTED_EDGE('',*,*,#2145,.T.);
#3049=ORIENTED_EDGE('',*,*,#2142,.T.);
#3050=ORIENTED_EDGE('',*,*,#2139,.T.);
#3051=ORIENTED_EDGE('',*,*,#2136,.T.);
#3052=ORIENTED_EDGE('',*,*,#2168,.T.);
#3053=ORIENTED_EDGE('',*,*,#2134,.T.);
#3054=ORIENTED_EDGE('',*,*,#2138,.T.);
#3055=ORIENTED_EDGE('',*,*,#2141,.T.);
#3056=ORIENTED_EDGE('',*,*,#2144,.T.);
#3057=ORIENTED_EDGE('',*,*,#2147,.T.);
#3058=ORIENTED_EDGE('',*,*,#2150,.T.);
#3059=ORIENTED_EDGE('',*,*,#2153,.T.);
#3060=ORIENTED_EDGE('',*,*,#2156,.T.);
#3061=ORIENTED_EDGE('',*,*,#2159,.T.);
#3062=ORIENTED_EDGE('',*,*,#2162,.T.);
#3063=ORIENTED_EDGE('',*,*,#2165,.T.);
#3064=ORIENTED_EDGE('',*,*,#2170,.F.);
#3065=ORIENTED_EDGE('',*,*,#2171,.T.);
#3066=ORIENTED_EDGE('',*,*,#2172,.F.);
#3067=ORIENTED_EDGE('',*,*,#2173,.F.);
#3068=ORIENTED_EDGE('',*,*,#2174,.F.);
#3069=ORIENTED_EDGE('',*,*,#2173,.T.);
#3070=ORIENTED_EDGE('',*,*,#2175,.F.);
#3071=ORIENTED_EDGE('',*,*,#2176,.F.);
#3072=ORIENTED_EDGE('',*,*,#2177,.F.);
#3073=ORIENTED_EDGE('',*,*,#2176,.T.);
#3074=ORIENTED_EDGE('',*,*,#2178,.F.);
#3075=ORIENTED_EDGE('',*,*,#2179,.F.);
#3076=ORIENTED_EDGE('',*,*,#2180,.F.);
#3077=ORIENTED_EDGE('',*,*,#2179,.T.);
#3078=ORIENTED_EDGE('',*,*,#2181,.F.);
#3079=ORIENTED_EDGE('',*,*,#2182,.F.);
#3080=ORIENTED_EDGE('',*,*,#2183,.F.);
#3081=ORIENTED_EDGE('',*,*,#2182,.T.);
#3082=ORIENTED_EDGE('',*,*,#2184,.F.);
#3083=ORIENTED_EDGE('',*,*,#2171,.F.);
#3084=ORIENTED_EDGE('',*,*,#2185,.F.);
#3085=ORIENTED_EDGE('',*,*,#2186,.T.);
#3086=ORIENTED_EDGE('',*,*,#2187,.F.);
#3087=ORIENTED_EDGE('',*,*,#2188,.F.);
#3088=ORIENTED_EDGE('',*,*,#2189,.F.);
#3089=ORIENTED_EDGE('',*,*,#2188,.T.);
#3090=ORIENTED_EDGE('',*,*,#2190,.F.);
#3091=ORIENTED_EDGE('',*,*,#2191,.F.);
#3092=ORIENTED_EDGE('',*,*,#2192,.F.);
#3093=ORIENTED_EDGE('',*,*,#2191,.T.);
#3094=ORIENTED_EDGE('',*,*,#2193,.F.);
#3095=ORIENTED_EDGE('',*,*,#2194,.F.);
#3096=ORIENTED_EDGE('',*,*,#2195,.F.);
#3097=ORIENTED_EDGE('',*,*,#2194,.T.);
#3098=ORIENTED_EDGE('',*,*,#2196,.F.);
#3099=ORIENTED_EDGE('',*,*,#2197,.F.);
#3100=ORIENTED_EDGE('',*,*,#2198,.F.);
#3101=ORIENTED_EDGE('',*,*,#2197,.T.);
#3102=ORIENTED_EDGE('',*,*,#2199,.F.);
#3103=ORIENTED_EDGE('',*,*,#2200,.F.);
#3104=ORIENTED_EDGE('',*,*,#2201,.F.);
#3105=ORIENTED_EDGE('',*,*,#2200,.T.);
#3106=ORIENTED_EDGE('',*,*,#2202,.F.);
#3107=ORIENTED_EDGE('',*,*,#2203,.F.);
#3108=ORIENTED_EDGE('',*,*,#2204,.F.);
#3109=ORIENTED_EDGE('',*,*,#2203,.T.);
#3110=ORIENTED_EDGE('',*,*,#2205,.F.);
#3111=ORIENTED_EDGE('',*,*,#2206,.F.);
#3112=ORIENTED_EDGE('',*,*,#2207,.F.);
#3113=ORIENTED_EDGE('',*,*,#2206,.T.);
#3114=ORIENTED_EDGE('',*,*,#2208,.F.);
#3115=ORIENTED_EDGE('',*,*,#2209,.F.);
#3116=ORIENTED_EDGE('',*,*,#2210,.F.);
#3117=ORIENTED_EDGE('',*,*,#2209,.T.);
#3118=ORIENTED_EDGE('',*,*,#2211,.F.);
#3119=ORIENTED_EDGE('',*,*,#2212,.F.);
#3120=ORIENTED_EDGE('',*,*,#2213,.F.);
#3121=ORIENTED_EDGE('',*,*,#2212,.T.);
#3122=ORIENTED_EDGE('',*,*,#2214,.F.);
#3123=ORIENTED_EDGE('',*,*,#2215,.F.);
#3124=ORIENTED_EDGE('',*,*,#2216,.F.);
#3125=ORIENTED_EDGE('',*,*,#2215,.T.);
#3126=ORIENTED_EDGE('',*,*,#2217,.F.);
#3127=ORIENTED_EDGE('',*,*,#2218,.F.);
#3128=ORIENTED_EDGE('',*,*,#2219,.F.);
#3129=ORIENTED_EDGE('',*,*,#2218,.T.);
#3130=ORIENTED_EDGE('',*,*,#2220,.F.);
#3131=ORIENTED_EDGE('',*,*,#2221,.F.);
#3132=ORIENTED_EDGE('',*,*,#2222,.F.);
#3133=ORIENTED_EDGE('',*,*,#2221,.T.);
#3134=ORIENTED_EDGE('',*,*,#2223,.F.);
#3135=ORIENTED_EDGE('',*,*,#2224,.F.);
#3136=ORIENTED_EDGE('',*,*,#2225,.F.);
#3137=ORIENTED_EDGE('',*,*,#2224,.T.);
#3138=ORIENTED_EDGE('',*,*,#2226,.F.);
#3139=ORIENTED_EDGE('',*,*,#2227,.F.);
#3140=ORIENTED_EDGE('',*,*,#2228,.F.);
#3141=ORIENTED_EDGE('',*,*,#2227,.T.);
#3142=ORIENTED_EDGE('',*,*,#2229,.F.);
#3143=ORIENTED_EDGE('',*,*,#2186,.F.);
#3144=ORIENTED_EDGE('',*,*,#2229,.T.);
#3145=ORIENTED_EDGE('',*,*,#2226,.T.);
#3146=ORIENTED_EDGE('',*,*,#2223,.T.);
#3147=ORIENTED_EDGE('',*,*,#2220,.T.);
#3148=ORIENTED_EDGE('',*,*,#2217,.T.);
#3149=ORIENTED_EDGE('',*,*,#2214,.T.);
#3150=ORIENTED_EDGE('',*,*,#2211,.T.);
#3151=ORIENTED_EDGE('',*,*,#2208,.T.);
#3152=ORIENTED_EDGE('',*,*,#2205,.T.);
#3153=ORIENTED_EDGE('',*,*,#2202,.T.);
#3154=ORIENTED_EDGE('',*,*,#2199,.T.);
#3155=ORIENTED_EDGE('',*,*,#2196,.T.);
#3156=ORIENTED_EDGE('',*,*,#2193,.T.);
#3157=ORIENTED_EDGE('',*,*,#2190,.T.);
#3158=ORIENTED_EDGE('',*,*,#2187,.T.);
#3159=ORIENTED_EDGE('',*,*,#2184,.T.);
#3160=ORIENTED_EDGE('',*,*,#2181,.T.);
#3161=ORIENTED_EDGE('',*,*,#2178,.T.);
#3162=ORIENTED_EDGE('',*,*,#2175,.T.);
#3163=ORIENTED_EDGE('',*,*,#2172,.T.);
#3164=ORIENTED_EDGE('',*,*,#2228,.T.);
#3165=ORIENTED_EDGE('',*,*,#2185,.T.);
#3166=ORIENTED_EDGE('',*,*,#2189,.T.);
#3167=ORIENTED_EDGE('',*,*,#2192,.T.);
#3168=ORIENTED_EDGE('',*,*,#2195,.T.);
#3169=ORIENTED_EDGE('',*,*,#2198,.T.);
#3170=ORIENTED_EDGE('',*,*,#2201,.T.);
#3171=ORIENTED_EDGE('',*,*,#2204,.T.);
#3172=ORIENTED_EDGE('',*,*,#2207,.T.);
#3173=ORIENTED_EDGE('',*,*,#2210,.T.);
#3174=ORIENTED_EDGE('',*,*,#2213,.T.);
#3175=ORIENTED_EDGE('',*,*,#2216,.T.);
#3176=ORIENTED_EDGE('',*,*,#2219,.T.);
#3177=ORIENTED_EDGE('',*,*,#2222,.T.);
#3178=ORIENTED_EDGE('',*,*,#2225,.T.);
#3179=ORIENTED_EDGE('',*,*,#2183,.T.);
#3180=ORIENTED_EDGE('',*,*,#2170,.T.);
#3181=ORIENTED_EDGE('',*,*,#2174,.T.);
#3182=ORIENTED_EDGE('',*,*,#2177,.T.);
#3183=ORIENTED_EDGE('',*,*,#2180,.T.);
#3184=ORIENTED_EDGE('',*,*,#2230,.F.);
#3185=ORIENTED_EDGE('',*,*,#2231,.T.);
#3186=ORIENTED_EDGE('',*,*,#2232,.F.);
#3187=ORIENTED_EDGE('',*,*,#2233,.F.);
#3188=ORIENTED_EDGE('',*,*,#2234,.F.);
#3189=ORIENTED_EDGE('',*,*,#2233,.T.);
#3190=ORIENTED_EDGE('',*,*,#2235,.F.);
#3191=ORIENTED_EDGE('',*,*,#2236,.F.);
#3192=ORIENTED_EDGE('',*,*,#2237,.F.);
#3193=ORIENTED_EDGE('',*,*,#2236,.T.);
#3194=ORIENTED_EDGE('',*,*,#2238,.F.);
#3195=ORIENTED_EDGE('',*,*,#2239,.F.);
#3196=ORIENTED_EDGE('',*,*,#2240,.F.);
#3197=ORIENTED_EDGE('',*,*,#2239,.T.);
#3198=ORIENTED_EDGE('',*,*,#2241,.F.);
#3199=ORIENTED_EDGE('',*,*,#2242,.F.);
#3200=ORIENTED_EDGE('',*,*,#2243,.F.);
#3201=ORIENTED_EDGE('',*,*,#2242,.T.);
#3202=ORIENTED_EDGE('',*,*,#2244,.F.);
#3203=ORIENTED_EDGE('',*,*,#2245,.F.);
#3204=ORIENTED_EDGE('',*,*,#2246,.F.);
#3205=ORIENTED_EDGE('',*,*,#2245,.T.);
#3206=ORIENTED_EDGE('',*,*,#2247,.F.);
#3207=ORIENTED_EDGE('',*,*,#2248,.F.);
#3208=ORIENTED_EDGE('',*,*,#2249,.F.);
#3209=ORIENTED_EDGE('',*,*,#2248,.T.);
#3210=ORIENTED_EDGE('',*,*,#2250,.F.);
#3211=ORIENTED_EDGE('',*,*,#2251,.F.);
#3212=ORIENTED_EDGE('',*,*,#2252,.F.);
#3213=ORIENTED_EDGE('',*,*,#2251,.T.);
#3214=ORIENTED_EDGE('',*,*,#2253,.F.);
#3215=ORIENTED_EDGE('',*,*,#2254,.F.);
#3216=ORIENTED_EDGE('',*,*,#2255,.F.);
#3217=ORIENTED_EDGE('',*,*,#2254,.T.);
#3218=ORIENTED_EDGE('',*,*,#2256,.F.);
#3219=ORIENTED_EDGE('',*,*,#2257,.F.);
#3220=ORIENTED_EDGE('',*,*,#2258,.F.);
#3221=ORIENTED_EDGE('',*,*,#2257,.T.);
#3222=ORIENTED_EDGE('',*,*,#2259,.F.);
#3223=ORIENTED_EDGE('',*,*,#2231,.F.);
#3224=ORIENTED_EDGE('',*,*,#2260,.F.);
#3225=ORIENTED_EDGE('',*,*,#2261,.T.);
#3226=ORIENTED_EDGE('',*,*,#2262,.F.);
#3227=ORIENTED_EDGE('',*,*,#2263,.F.);
#3228=ORIENTED_EDGE('',*,*,#2264,.F.);
#3229=ORIENTED_EDGE('',*,*,#2263,.T.);
#3230=ORIENTED_EDGE('',*,*,#2265,.F.);
#3231=ORIENTED_EDGE('',*,*,#2266,.F.);
#3232=ORIENTED_EDGE('',*,*,#2267,.F.);
#3233=ORIENTED_EDGE('',*,*,#2266,.T.);
#3234=ORIENTED_EDGE('',*,*,#2268,.F.);
#3235=ORIENTED_EDGE('',*,*,#2269,.F.);
#3236=ORIENTED_EDGE('',*,*,#2270,.F.);
#3237=ORIENTED_EDGE('',*,*,#2269,.T.);
#3238=ORIENTED_EDGE('',*,*,#2271,.F.);
#3239=ORIENTED_EDGE('',*,*,#2272,.F.);
#3240=ORIENTED_EDGE('',*,*,#2273,.F.);
#3241=ORIENTED_EDGE('',*,*,#2272,.T.);
#3242=ORIENTED_EDGE('',*,*,#2274,.F.);
#3243=ORIENTED_EDGE('',*,*,#2275,.F.);
#3244=ORIENTED_EDGE('',*,*,#2276,.F.);
#3245=ORIENTED_EDGE('',*,*,#2275,.T.);
#3246=ORIENTED_EDGE('',*,*,#2277,.F.);
#3247=ORIENTED_EDGE('',*,*,#2278,.F.);
#3248=ORIENTED_EDGE('',*,*,#2279,.F.);
#3249=ORIENTED_EDGE('',*,*,#2278,.T.);
#3250=ORIENTED_EDGE('',*,*,#2280,.F.);
#3251=ORIENTED_EDGE('',*,*,#2281,.F.);
#3252=ORIENTED_EDGE('',*,*,#2282,.F.);
#3253=ORIENTED_EDGE('',*,*,#2281,.T.);
#3254=ORIENTED_EDGE('',*,*,#2283,.F.);
#3255=ORIENTED_EDGE('',*,*,#2284,.F.);
#3256=ORIENTED_EDGE('',*,*,#2285,.F.);
#3257=ORIENTED_EDGE('',*,*,#2284,.T.);
#3258=ORIENTED_EDGE('',*,*,#2286,.F.);
#3259=ORIENTED_EDGE('',*,*,#2287,.F.);
#3260=ORIENTED_EDGE('',*,*,#2288,.F.);
#3261=ORIENTED_EDGE('',*,*,#2287,.T.);
#3262=ORIENTED_EDGE('',*,*,#2289,.F.);
#3263=ORIENTED_EDGE('',*,*,#2290,.F.);
#3264=ORIENTED_EDGE('',*,*,#2291,.F.);
#3265=ORIENTED_EDGE('',*,*,#2290,.T.);
#3266=ORIENTED_EDGE('',*,*,#2292,.F.);
#3267=ORIENTED_EDGE('',*,*,#2293,.F.);
#3268=ORIENTED_EDGE('',*,*,#2294,.F.);
#3269=ORIENTED_EDGE('',*,*,#2293,.T.);
#3270=ORIENTED_EDGE('',*,*,#2295,.F.);
#3271=ORIENTED_EDGE('',*,*,#2296,.F.);
#3272=ORIENTED_EDGE('',*,*,#2297,.F.);
#3273=ORIENTED_EDGE('',*,*,#2296,.T.);
#3274=ORIENTED_EDGE('',*,*,#2298,.F.);
#3275=ORIENTED_EDGE('',*,*,#2299,.F.);
#3276=ORIENTED_EDGE('',*,*,#2300,.F.);
#3277=ORIENTED_EDGE('',*,*,#2299,.T.);
#3278=ORIENTED_EDGE('',*,*,#2301,.F.);
#3279=ORIENTED_EDGE('',*,*,#2302,.F.);
#3280=ORIENTED_EDGE('',*,*,#2303,.F.);
#3281=ORIENTED_EDGE('',*,*,#2302,.T.);
#3282=ORIENTED_EDGE('',*,*,#2304,.F.);
#3283=ORIENTED_EDGE('',*,*,#2305,.F.);
#3284=ORIENTED_EDGE('',*,*,#2306,.F.);
#3285=ORIENTED_EDGE('',*,*,#2305,.T.);
#3286=ORIENTED_EDGE('',*,*,#2307,.F.);
#3287=ORIENTED_EDGE('',*,*,#2308,.F.);
#3288=ORIENTED_EDGE('',*,*,#2309,.F.);
#3289=ORIENTED_EDGE('',*,*,#2308,.T.);
#3290=ORIENTED_EDGE('',*,*,#2310,.F.);
#3291=ORIENTED_EDGE('',*,*,#2311,.F.);
#3292=ORIENTED_EDGE('',*,*,#2312,.F.);
#3293=ORIENTED_EDGE('',*,*,#2311,.T.);
#3294=ORIENTED_EDGE('',*,*,#2313,.F.);
#3295=ORIENTED_EDGE('',*,*,#2314,.F.);
#3296=ORIENTED_EDGE('',*,*,#2315,.F.);
#3297=ORIENTED_EDGE('',*,*,#2314,.T.);
#3298=ORIENTED_EDGE('',*,*,#2316,.F.);
#3299=ORIENTED_EDGE('',*,*,#2317,.F.);
#3300=ORIENTED_EDGE('',*,*,#2318,.F.);
#3301=ORIENTED_EDGE('',*,*,#2317,.T.);
#3302=ORIENTED_EDGE('',*,*,#2319,.F.);
#3303=ORIENTED_EDGE('',*,*,#2320,.F.);
#3304=ORIENTED_EDGE('',*,*,#2321,.F.);
#3305=ORIENTED_EDGE('',*,*,#2320,.T.);
#3306=ORIENTED_EDGE('',*,*,#2322,.F.);
#3307=ORIENTED_EDGE('',*,*,#2323,.F.);
#3308=ORIENTED_EDGE('',*,*,#2324,.F.);
#3309=ORIENTED_EDGE('',*,*,#2323,.T.);
#3310=ORIENTED_EDGE('',*,*,#2325,.F.);
#3311=ORIENTED_EDGE('',*,*,#2326,.F.);
#3312=ORIENTED_EDGE('',*,*,#2327,.F.);
#3313=ORIENTED_EDGE('',*,*,#2326,.T.);
#3314=ORIENTED_EDGE('',*,*,#2328,.F.);
#3315=ORIENTED_EDGE('',*,*,#2329,.F.);
#3316=ORIENTED_EDGE('',*,*,#2330,.F.);
#3317=ORIENTED_EDGE('',*,*,#2329,.T.);
#3318=ORIENTED_EDGE('',*,*,#2331,.F.);
#3319=ORIENTED_EDGE('',*,*,#2332,.F.);
#3320=ORIENTED_EDGE('',*,*,#2333,.F.);
#3321=ORIENTED_EDGE('',*,*,#2332,.T.);
#3322=ORIENTED_EDGE('',*,*,#2334,.F.);
#3323=ORIENTED_EDGE('',*,*,#2335,.F.);
#3324=ORIENTED_EDGE('',*,*,#2336,.F.);
#3325=ORIENTED_EDGE('',*,*,#2335,.T.);
#3326=ORIENTED_EDGE('',*,*,#2337,.F.);
#3327=ORIENTED_EDGE('',*,*,#2338,.F.);
#3328=ORIENTED_EDGE('',*,*,#2339,.F.);
#3329=ORIENTED_EDGE('',*,*,#2338,.T.);
#3330=ORIENTED_EDGE('',*,*,#2340,.F.);
#3331=ORIENTED_EDGE('',*,*,#2261,.F.);
#3332=ORIENTED_EDGE('',*,*,#2340,.T.);
#3333=ORIENTED_EDGE('',*,*,#2337,.T.);
#3334=ORIENTED_EDGE('',*,*,#2334,.T.);
#3335=ORIENTED_EDGE('',*,*,#2331,.T.);
#3336=ORIENTED_EDGE('',*,*,#2328,.T.);
#3337=ORIENTED_EDGE('',*,*,#2325,.T.);
#3338=ORIENTED_EDGE('',*,*,#2322,.T.);
#3339=ORIENTED_EDGE('',*,*,#2319,.T.);
#3340=ORIENTED_EDGE('',*,*,#2316,.T.);
#3341=ORIENTED_EDGE('',*,*,#2313,.T.);
#3342=ORIENTED_EDGE('',*,*,#2310,.T.);
#3343=ORIENTED_EDGE('',*,*,#2307,.T.);
#3344=ORIENTED_EDGE('',*,*,#2304,.T.);
#3345=ORIENTED_EDGE('',*,*,#2301,.T.);
#3346=ORIENTED_EDGE('',*,*,#2298,.T.);
#3347=ORIENTED_EDGE('',*,*,#2295,.T.);
#3348=ORIENTED_EDGE('',*,*,#2292,.T.);
#3349=ORIENTED_EDGE('',*,*,#2289,.T.);
#3350=ORIENTED_EDGE('',*,*,#2286,.T.);
#3351=ORIENTED_EDGE('',*,*,#2283,.T.);
#3352=ORIENTED_EDGE('',*,*,#2280,.T.);
#3353=ORIENTED_EDGE('',*,*,#2277,.T.);
#3354=ORIENTED_EDGE('',*,*,#2274,.T.);
#3355=ORIENTED_EDGE('',*,*,#2271,.T.);
#3356=ORIENTED_EDGE('',*,*,#2268,.T.);
#3357=ORIENTED_EDGE('',*,*,#2265,.T.);
#3358=ORIENTED_EDGE('',*,*,#2262,.T.);
#3359=ORIENTED_EDGE('',*,*,#2259,.T.);
#3360=ORIENTED_EDGE('',*,*,#2256,.T.);
#3361=ORIENTED_EDGE('',*,*,#2253,.T.);
#3362=ORIENTED_EDGE('',*,*,#2250,.T.);
#3363=ORIENTED_EDGE('',*,*,#2247,.T.);
#3364=ORIENTED_EDGE('',*,*,#2244,.T.);
#3365=ORIENTED_EDGE('',*,*,#2241,.T.);
#3366=ORIENTED_EDGE('',*,*,#2238,.T.);
#3367=ORIENTED_EDGE('',*,*,#2235,.T.);
#3368=ORIENTED_EDGE('',*,*,#2232,.T.);
#3369=ORIENTED_EDGE('',*,*,#2339,.T.);
#3370=ORIENTED_EDGE('',*,*,#2260,.T.);
#3371=ORIENTED_EDGE('',*,*,#2264,.T.);
#3372=ORIENTED_EDGE('',*,*,#2267,.T.);
#3373=ORIENTED_EDGE('',*,*,#2270,.T.);
#3374=ORIENTED_EDGE('',*,*,#2273,.T.);
#3375=ORIENTED_EDGE('',*,*,#2276,.T.);
#3376=ORIENTED_EDGE('',*,*,#2279,.T.);
#3377=ORIENTED_EDGE('',*,*,#2282,.T.);
#3378=ORIENTED_EDGE('',*,*,#2285,.T.);
#3379=ORIENTED_EDGE('',*,*,#2288,.T.);
#3380=ORIENTED_EDGE('',*,*,#2291,.T.);
#3381=ORIENTED_EDGE('',*,*,#2294,.T.);
#3382=ORIENTED_EDGE('',*,*,#2297,.T.);
#3383=ORIENTED_EDGE('',*,*,#2300,.T.);
#3384=ORIENTED_EDGE('',*,*,#2303,.T.);
#3385=ORIENTED_EDGE('',*,*,#2306,.T.);
#3386=ORIENTED_EDGE('',*,*,#2309,.T.);
#3387=ORIENTED_EDGE('',*,*,#2312,.T.);
#3388=ORIENTED_EDGE('',*,*,#2315,.T.);
#3389=ORIENTED_EDGE('',*,*,#2318,.T.);
#3390=ORIENTED_EDGE('',*,*,#2321,.T.);
#3391=ORIENTED_EDGE('',*,*,#2324,.T.);
#3392=ORIENTED_EDGE('',*,*,#2327,.T.);
#3393=ORIENTED_EDGE('',*,*,#2330,.T.);
#3394=ORIENTED_EDGE('',*,*,#2333,.T.);
#3395=ORIENTED_EDGE('',*,*,#2336,.T.);
#3396=ORIENTED_EDGE('',*,*,#2258,.T.);
#3397=ORIENTED_EDGE('',*,*,#2230,.T.);
#3398=ORIENTED_EDGE('',*,*,#2234,.T.);
#3399=ORIENTED_EDGE('',*,*,#2237,.T.);
#3400=ORIENTED_EDGE('',*,*,#2240,.T.);
#3401=ORIENTED_EDGE('',*,*,#2243,.T.);
#3402=ORIENTED_EDGE('',*,*,#2246,.T.);
#3403=ORIENTED_EDGE('',*,*,#2249,.T.);
#3404=ORIENTED_EDGE('',*,*,#2252,.T.);
#3405=ORIENTED_EDGE('',*,*,#2255,.T.);
#3406=ORIENTED_EDGE('',*,*,#2341,.F.);
#3407=ORIENTED_EDGE('',*,*,#2342,.T.);
#3408=ORIENTED_EDGE('',*,*,#2343,.F.);
#3409=ORIENTED_EDGE('',*,*,#2344,.F.);
#3410=ORIENTED_EDGE('',*,*,#2345,.F.);
#3411=ORIENTED_EDGE('',*,*,#2344,.T.);
#3412=ORIENTED_EDGE('',*,*,#2346,.F.);
#3413=ORIENTED_EDGE('',*,*,#2347,.F.);
#3414=ORIENTED_EDGE('',*,*,#2348,.F.);
#3415=ORIENTED_EDGE('',*,*,#2347,.T.);
#3416=ORIENTED_EDGE('',*,*,#2349,.F.);
#3417=ORIENTED_EDGE('',*,*,#2350,.F.);
#3418=ORIENTED_EDGE('',*,*,#2351,.F.);
#3419=ORIENTED_EDGE('',*,*,#2350,.T.);
#3420=ORIENTED_EDGE('',*,*,#2352,.F.);
#3421=ORIENTED_EDGE('',*,*,#2353,.F.);
#3422=ORIENTED_EDGE('',*,*,#2354,.F.);
#3423=ORIENTED_EDGE('',*,*,#2353,.T.);
#3424=ORIENTED_EDGE('',*,*,#2355,.F.);
#3425=ORIENTED_EDGE('',*,*,#2356,.F.);
#3426=ORIENTED_EDGE('',*,*,#2357,.F.);
#3427=ORIENTED_EDGE('',*,*,#2356,.T.);
#3428=ORIENTED_EDGE('',*,*,#2358,.F.);
#3429=ORIENTED_EDGE('',*,*,#2359,.F.);
#3430=ORIENTED_EDGE('',*,*,#2360,.F.);
#3431=ORIENTED_EDGE('',*,*,#2359,.T.);
#3432=ORIENTED_EDGE('',*,*,#2361,.F.);
#3433=ORIENTED_EDGE('',*,*,#2362,.F.);
#3434=ORIENTED_EDGE('',*,*,#2363,.F.);
#3435=ORIENTED_EDGE('',*,*,#2362,.T.);
#3436=ORIENTED_EDGE('',*,*,#2364,.F.);
#3437=ORIENTED_EDGE('',*,*,#2342,.F.);
#3438=ORIENTED_EDGE('',*,*,#2365,.F.);
#3439=ORIENTED_EDGE('',*,*,#2366,.T.);
#3440=ORIENTED_EDGE('',*,*,#2367,.F.);
#3441=ORIENTED_EDGE('',*,*,#2368,.F.);
#3442=ORIENTED_EDGE('',*,*,#2369,.F.);
#3443=ORIENTED_EDGE('',*,*,#2368,.T.);
#3444=ORIENTED_EDGE('',*,*,#2370,.F.);
#3445=ORIENTED_EDGE('',*,*,#2371,.F.);
#3446=ORIENTED_EDGE('',*,*,#2372,.F.);
#3447=ORIENTED_EDGE('',*,*,#2371,.T.);
#3448=ORIENTED_EDGE('',*,*,#2373,.F.);
#3449=ORIENTED_EDGE('',*,*,#2374,.F.);
#3450=ORIENTED_EDGE('',*,*,#2375,.F.);
#3451=ORIENTED_EDGE('',*,*,#2374,.T.);
#3452=ORIENTED_EDGE('',*,*,#2376,.F.);
#3453=ORIENTED_EDGE('',*,*,#2377,.F.);
#3454=ORIENTED_EDGE('',*,*,#2378,.F.);
#3455=ORIENTED_EDGE('',*,*,#2377,.T.);
#3456=ORIENTED_EDGE('',*,*,#2379,.F.);
#3457=ORIENTED_EDGE('',*,*,#2380,.F.);
#3458=ORIENTED_EDGE('',*,*,#2381,.F.);
#3459=ORIENTED_EDGE('',*,*,#2380,.T.);
#3460=ORIENTED_EDGE('',*,*,#2382,.F.);
#3461=ORIENTED_EDGE('',*,*,#2383,.F.);
#3462=ORIENTED_EDGE('',*,*,#2384,.F.);
#3463=ORIENTED_EDGE('',*,*,#2383,.T.);
#3464=ORIENTED_EDGE('',*,*,#2385,.F.);
#3465=ORIENTED_EDGE('',*,*,#2386,.F.);
#3466=ORIENTED_EDGE('',*,*,#2387,.F.);
#3467=ORIENTED_EDGE('',*,*,#2386,.T.);
#3468=ORIENTED_EDGE('',*,*,#2388,.F.);
#3469=ORIENTED_EDGE('',*,*,#2389,.F.);
#3470=ORIENTED_EDGE('',*,*,#2390,.F.);
#3471=ORIENTED_EDGE('',*,*,#2389,.T.);
#3472=ORIENTED_EDGE('',*,*,#2391,.F.);
#3473=ORIENTED_EDGE('',*,*,#2392,.F.);
#3474=ORIENTED_EDGE('',*,*,#2393,.F.);
#3475=ORIENTED_EDGE('',*,*,#2392,.T.);
#3476=ORIENTED_EDGE('',*,*,#2394,.F.);
#3477=ORIENTED_EDGE('',*,*,#2395,.F.);
#3478=ORIENTED_EDGE('',*,*,#2396,.F.);
#3479=ORIENTED_EDGE('',*,*,#2395,.T.);
#3480=ORIENTED_EDGE('',*,*,#2397,.F.);
#3481=ORIENTED_EDGE('',*,*,#2366,.F.);
#3482=ORIENTED_EDGE('',*,*,#2397,.T.);
#3483=ORIENTED_EDGE('',*,*,#2394,.T.);
#3484=ORIENTED_EDGE('',*,*,#2391,.T.);
#3485=ORIENTED_EDGE('',*,*,#2388,.T.);
#3486=ORIENTED_EDGE('',*,*,#2385,.T.);
#3487=ORIENTED_EDGE('',*,*,#2382,.T.);
#3488=ORIENTED_EDGE('',*,*,#2379,.T.);
#3489=ORIENTED_EDGE('',*,*,#2376,.T.);
#3490=ORIENTED_EDGE('',*,*,#2373,.T.);
#3491=ORIENTED_EDGE('',*,*,#2370,.T.);
#3492=ORIENTED_EDGE('',*,*,#2367,.T.);
#3493=ORIENTED_EDGE('',*,*,#2364,.T.);
#3494=ORIENTED_EDGE('',*,*,#2361,.T.);
#3495=ORIENTED_EDGE('',*,*,#2358,.T.);
#3496=ORIENTED_EDGE('',*,*,#2355,.T.);
#3497=ORIENTED_EDGE('',*,*,#2352,.T.);
#3498=ORIENTED_EDGE('',*,*,#2349,.T.);
#3499=ORIENTED_EDGE('',*,*,#2346,.T.);
#3500=ORIENTED_EDGE('',*,*,#2343,.T.);
#3501=ORIENTED_EDGE('',*,*,#2396,.T.);
#3502=ORIENTED_EDGE('',*,*,#2365,.T.);
#3503=ORIENTED_EDGE('',*,*,#2369,.T.);
#3504=ORIENTED_EDGE('',*,*,#2372,.T.);
#3505=ORIENTED_EDGE('',*,*,#2375,.T.);
#3506=ORIENTED_EDGE('',*,*,#2378,.T.);
#3507=ORIENTED_EDGE('',*,*,#2381,.T.);
#3508=ORIENTED_EDGE('',*,*,#2384,.T.);
#3509=ORIENTED_EDGE('',*,*,#2387,.T.);
#3510=ORIENTED_EDGE('',*,*,#2390,.T.);
#3511=ORIENTED_EDGE('',*,*,#2393,.T.);
#3512=ORIENTED_EDGE('',*,*,#2363,.T.);
#3513=ORIENTED_EDGE('',*,*,#2341,.T.);
#3514=ORIENTED_EDGE('',*,*,#2345,.T.);
#3515=ORIENTED_EDGE('',*,*,#2348,.T.);
#3516=ORIENTED_EDGE('',*,*,#2351,.T.);
#3517=ORIENTED_EDGE('',*,*,#2354,.T.);
#3518=ORIENTED_EDGE('',*,*,#2357,.T.);
#3519=ORIENTED_EDGE('',*,*,#2360,.T.);
#3520=PLANE('',#3826);
#3521=PLANE('',#3827);
#3522=PLANE('',#3828);
#3523=PLANE('',#3829);
#3524=PLANE('',#3830);
#3525=PLANE('',#3831);
#3526=PLANE('',#3832);
#3527=PLANE('',#3833);
#3528=PLANE('',#3834);
#3529=PLANE('',#3835);
#3530=PLANE('',#3836);
#3531=PLANE('',#3837);
#3532=PLANE('',#3838);
#3533=PLANE('',#3839);
#3534=PLANE('',#3840);
#3535=PLANE('',#3841);
#3536=PLANE('',#3842);
#3537=PLANE('',#3843);
#3538=PLANE('',#3844);
#3539=PLANE('',#3845);
#3540=PLANE('',#3846);
#3541=PLANE('',#3847);
#3542=PLANE('',#3848);
#3543=PLANE('',#3849);
#3544=PLANE('',#3850);
#3545=PLANE('',#3851);
#3546=PLANE('',#3852);
#3547=PLANE('',#3853);
#3548=PLANE('',#3854);
#3549=PLANE('',#3855);
#3550=PLANE('',#3856);
#3551=PLANE('',#3857);
#3552=PLANE('',#3858);
#3553=PLANE('',#3859);
#3554=PLANE('',#3860);
#3555=PLANE('',#3861);
#3556=PLANE('',#3862);
#3557=PLANE('',#3863);
#3558=PLANE('',#3864);
#3559=PLANE('',#3865);
#3560=PLANE('',#3866);
#3561=PLANE('',#3867);
#3562=PLANE('',#3868);
#3563=PLANE('',#3869);
#3564=PLANE('',#3870);
#3565=PLANE('',#3871);
#3566=PLANE('',#3872);
#3567=PLANE('',#3873);
#3568=PLANE('',#3874);
#3569=PLANE('',#3875);
#3570=PLANE('',#3876);
#3571=PLANE('',#3877);
#3572=PLANE('',#3878);
#3573=PLANE('',#3879);
#3574=PLANE('',#3880);
#3575=PLANE('',#3881);
#3576=PLANE('',#3882);
#3577=PLANE('',#3883);
#3578=PLANE('',#3884);
#3579=PLANE('',#3885);
#3580=PLANE('',#3886);
#3581=PLANE('',#3887);
#3582=PLANE('',#3888);
#3583=PLANE('',#3889);
#3584=PLANE('',#3890);
#3585=PLANE('',#3891);
#3586=PLANE('',#3892);
#3587=PLANE('',#3893);
#3588=PLANE('',#3894);
#3589=PLANE('',#3895);
#3590=PLANE('',#3896);
#3591=PLANE('',#3897);
#3592=PLANE('',#3898);
#3593=ADVANCED_FACE('',(#455),#3520,.T.);
#3594=ADVANCED_FACE('',(#456),#3521,.T.);
#3595=ADVANCED_FACE('',(#457),#3522,.T.);
#3596=ADVANCED_FACE('',(#458),#3523,.T.);
#3597=ADVANCED_FACE('',(#459),#3524,.T.);
#3598=ADVANCED_FACE('',(#460),#3525,.F.);
#3599=ADVANCED_FACE('',(#461),#3526,.T.);
#3600=ADVANCED_FACE('',(#462),#297,.T.);
#3601=ADVANCED_FACE('',(#463),#298,.T.);
#3602=ADVANCED_FACE('',(#464),#299,.T.);
#3603=ADVANCED_FACE('',(#465),#300,.T.);
#3604=ADVANCED_FACE('',(#466),#301,.T.);
#3605=ADVANCED_FACE('',(#467),#302,.T.);
#3606=ADVANCED_FACE('',(#468),#303,.T.);
#3607=ADVANCED_FACE('',(#469),#304,.T.);
#3608=ADVANCED_FACE('',(#470),#305,.T.);
#3609=ADVANCED_FACE('',(#471),#3527,.T.);
#3610=ADVANCED_FACE('',(#472),#306,.T.);
#3611=ADVANCED_FACE('',(#473),#307,.T.);
#3612=ADVANCED_FACE('',(#474),#308,.T.);
#3613=ADVANCED_FACE('',(#475),#309,.T.);
#3614=ADVANCED_FACE('',(#476),#310,.T.);
#3615=ADVANCED_FACE('',(#477),#311,.T.);
#3616=ADVANCED_FACE('',(#478),#312,.T.);
#3617=ADVANCED_FACE('',(#479),#313,.T.);
#3618=ADVANCED_FACE('',(#480),#3528,.T.);
#3619=ADVANCED_FACE('',(#481),#3529,.F.);
#3620=ADVANCED_FACE('',(#482),#3530,.T.);
#3621=ADVANCED_FACE('',(#483),#3531,.T.);
#3622=ADVANCED_FACE('',(#484),#3532,.T.);
#3623=ADVANCED_FACE('',(#485),#314,.T.);
#3624=ADVANCED_FACE('',(#486),#315,.T.);
#3625=ADVANCED_FACE('',(#487),#316,.T.);
#3626=ADVANCED_FACE('',(#488),#3533,.T.);
#3627=ADVANCED_FACE('',(#489),#317,.T.);
#3628=ADVANCED_FACE('',(#490),#318,.T.);
#3629=ADVANCED_FACE('',(#491),#319,.T.);
#3630=ADVANCED_FACE('',(#492),#320,.T.);
#3631=ADVANCED_FACE('',(#493),#3534,.T.);
#3632=ADVANCED_FACE('',(#494),#3535,.T.);
#3633=ADVANCED_FACE('',(#495),#3536,.T.);
#3634=ADVANCED_FACE('',(#496),#3537,.F.);
#3635=ADVANCED_FACE('',(#497),#321,.T.);
#3636=ADVANCED_FACE('',(#498),#322,.T.);
#3637=ADVANCED_FACE('',(#499),#323,.T.);
#3638=ADVANCED_FACE('',(#500),#324,.T.);
#3639=ADVANCED_FACE('',(#501),#325,.T.);
#3640=ADVANCED_FACE('',(#502),#326,.T.);
#3641=ADVANCED_FACE('',(#503),#327,.T.);
#3642=ADVANCED_FACE('',(#504),#328,.T.);
#3643=ADVANCED_FACE('',(#505),#329,.T.);
#3644=ADVANCED_FACE('',(#506),#330,.T.);
#3645=ADVANCED_FACE('',(#507),#331,.T.);
#3646=ADVANCED_FACE('',(#508),#332,.T.);
#3647=ADVANCED_FACE('',(#509),#333,.T.);
#3648=ADVANCED_FACE('',(#510),#334,.T.);
#3649=ADVANCED_FACE('',(#511),#335,.T.);
#3650=ADVANCED_FACE('',(#512),#336,.T.);
#3651=ADVANCED_FACE('',(#513),#337,.T.);
#3652=ADVANCED_FACE('',(#514,#13),#3538,.T.);
#3653=ADVANCED_FACE('',(#515,#14),#3539,.F.);
#3654=ADVANCED_FACE('',(#516),#338,.T.);
#3655=ADVANCED_FACE('',(#517),#339,.T.);
#3656=ADVANCED_FACE('',(#518),#340,.T.);
#3657=ADVANCED_FACE('',(#519),#341,.T.);
#3658=ADVANCED_FACE('',(#520),#342,.T.);
#3659=ADVANCED_FACE('',(#521),#343,.T.);
#3660=ADVANCED_FACE('',(#522),#344,.T.);
#3661=ADVANCED_FACE('',(#523),#345,.T.);
#3662=ADVANCED_FACE('',(#524),#3540,.T.);
#3663=ADVANCED_FACE('',(#525),#346,.T.);
#3664=ADVANCED_FACE('',(#526),#347,.T.);
#3665=ADVANCED_FACE('',(#527),#348,.T.);
#3666=ADVANCED_FACE('',(#528),#349,.T.);
#3667=ADVANCED_FACE('',(#529),#350,.T.);
#3668=ADVANCED_FACE('',(#530),#351,.T.);
#3669=ADVANCED_FACE('',(#531),#352,.T.);
#3670=ADVANCED_FACE('',(#532),#353,.T.);
#3671=ADVANCED_FACE('',(#533),#354,.T.);
#3672=ADVANCED_FACE('',(#534),#3541,.T.);
#3673=ADVANCED_FACE('',(#535),#3542,.T.);
#3674=ADVANCED_FACE('',(#536),#3543,.T.);
#3675=ADVANCED_FACE('',(#537),#3544,.T.);
#3676=ADVANCED_FACE('',(#538,#15),#3545,.T.);
#3677=ADVANCED_FACE('',(#539,#16),#3546,.F.);
#3678=ADVANCED_FACE('',(#540),#3547,.T.);
#3679=ADVANCED_FACE('',(#541),#355,.T.);
#3680=ADVANCED_FACE('',(#542),#356,.T.);
#3681=ADVANCED_FACE('',(#543),#357,.T.);
#3682=ADVANCED_FACE('',(#544),#358,.T.);
#3683=ADVANCED_FACE('',(#545),#3548,.T.);
#3684=ADVANCED_FACE('',(#546),#359,.T.);
#3685=ADVANCED_FACE('',(#547),#360,.T.);
#3686=ADVANCED_FACE('',(#548),#361,.T.);
#3687=ADVANCED_FACE('',(#549),#362,.T.);
#3688=ADVANCED_FACE('',(#550),#363,.T.);
#3689=ADVANCED_FACE('',(#551),#364,.T.);
#3690=ADVANCED_FACE('',(#552),#365,.T.);
#3691=ADVANCED_FACE('',(#553),#366,.T.);
#3692=ADVANCED_FACE('',(#554),#367,.T.);
#3693=ADVANCED_FACE('',(#555),#3549,.T.);
#3694=ADVANCED_FACE('',(#556),#368,.T.);
#3695=ADVANCED_FACE('',(#557),#369,.T.);
#3696=ADVANCED_FACE('',(#558),#370,.T.);
#3697=ADVANCED_FACE('',(#559),#371,.T.);
#3698=ADVANCED_FACE('',(#560,#17),#3550,.T.);
#3699=ADVANCED_FACE('',(#561,#18),#3551,.F.);
#3700=ADVANCED_FACE('',(#562),#3552,.T.);
#3701=ADVANCED_FACE('',(#563),#3553,.T.);
#3702=ADVANCED_FACE('',(#564),#3554,.T.);
#3703=ADVANCED_FACE('',(#565),#3555,.T.);
#3704=ADVANCED_FACE('',(#566),#3556,.T.);
#3705=ADVANCED_FACE('',(#567),#3557,.F.);
#3706=ADVANCED_FACE('',(#568),#3558,.T.);
#3707=ADVANCED_FACE('',(#569),#3559,.T.);
#3708=ADVANCED_FACE('',(#570),#3560,.T.);
#3709=ADVANCED_FACE('',(#571),#3561,.T.);
#3710=ADVANCED_FACE('',(#572),#3562,.T.);
#3711=ADVANCED_FACE('',(#573),#3563,.T.);
#3712=ADVANCED_FACE('',(#574),#3564,.T.);
#3713=ADVANCED_FACE('',(#575),#3565,.T.);
#3714=ADVANCED_FACE('',(#576),#3566,.T.);
#3715=ADVANCED_FACE('',(#577),#3567,.T.);
#3716=ADVANCED_FACE('',(#578),#3568,.T.);
#3717=ADVANCED_FACE('',(#579),#3569,.T.);
#3718=ADVANCED_FACE('',(#580),#3570,.T.);
#3719=ADVANCED_FACE('',(#581),#3571,.F.);
#3720=ADVANCED_FACE('',(#582),#3572,.T.);
#3721=ADVANCED_FACE('',(#583),#372,.T.);
#3722=ADVANCED_FACE('',(#584),#373,.T.);
#3723=ADVANCED_FACE('',(#585),#374,.T.);
#3724=ADVANCED_FACE('',(#586),#375,.T.);
#3725=ADVANCED_FACE('',(#587),#3573,.T.);
#3726=ADVANCED_FACE('',(#588),#376,.T.);
#3727=ADVANCED_FACE('',(#589),#377,.T.);
#3728=ADVANCED_FACE('',(#590),#378,.T.);
#3729=ADVANCED_FACE('',(#591),#379,.T.);
#3730=ADVANCED_FACE('',(#592),#380,.T.);
#3731=ADVANCED_FACE('',(#593),#381,.T.);
#3732=ADVANCED_FACE('',(#594),#382,.T.);
#3733=ADVANCED_FACE('',(#595),#383,.T.);
#3734=ADVANCED_FACE('',(#596),#384,.T.);
#3735=ADVANCED_FACE('',(#597),#3574,.T.);
#3736=ADVANCED_FACE('',(#598),#385,.T.);
#3737=ADVANCED_FACE('',(#599),#386,.T.);
#3738=ADVANCED_FACE('',(#600),#387,.T.);
#3739=ADVANCED_FACE('',(#601),#388,.T.);
#3740=ADVANCED_FACE('',(#602,#19),#3575,.T.);
#3741=ADVANCED_FACE('',(#603,#20),#3576,.F.);
#3742=ADVANCED_FACE('',(#604),#389,.T.);
#3743=ADVANCED_FACE('',(#605),#390,.T.);
#3744=ADVANCED_FACE('',(#606),#391,.T.);
#3745=ADVANCED_FACE('',(#607),#392,.T.);
#3746=ADVANCED_FACE('',(#608),#393,.T.);
#3747=ADVANCED_FACE('',(#609),#394,.T.);
#3748=ADVANCED_FACE('',(#610),#395,.T.);
#3749=ADVANCED_FACE('',(#611),#396,.T.);
#3750=ADVANCED_FACE('',(#612),#397,.T.);
#3751=ADVANCED_FACE('',(#613),#3577,.T.);
#3752=ADVANCED_FACE('',(#614),#398,.T.);
#3753=ADVANCED_FACE('',(#615),#399,.T.);
#3754=ADVANCED_FACE('',(#616),#400,.T.);
#3755=ADVANCED_FACE('',(#617),#401,.T.);
#3756=ADVANCED_FACE('',(#618),#402,.T.);
#3757=ADVANCED_FACE('',(#619),#403,.T.);
#3758=ADVANCED_FACE('',(#620),#404,.T.);
#3759=ADVANCED_FACE('',(#621),#405,.T.);
#3760=ADVANCED_FACE('',(#622),#406,.T.);
#3761=ADVANCED_FACE('',(#623),#407,.T.);
#3762=ADVANCED_FACE('',(#624),#408,.T.);
#3763=ADVANCED_FACE('',(#625),#409,.T.);
#3764=ADVANCED_FACE('',(#626),#410,.T.);
#3765=ADVANCED_FACE('',(#627),#411,.T.);
#3766=ADVANCED_FACE('',(#628),#3578,.T.);
#3767=ADVANCED_FACE('',(#629),#412,.T.);
#3768=ADVANCED_FACE('',(#630),#413,.T.);
#3769=ADVANCED_FACE('',(#631),#414,.T.);
#3770=ADVANCED_FACE('',(#632),#415,.T.);
#3771=ADVANCED_FACE('',(#633),#416,.T.);
#3772=ADVANCED_FACE('',(#634),#417,.T.);
#3773=ADVANCED_FACE('',(#635),#418,.T.);
#3774=ADVANCED_FACE('',(#636),#3579,.T.);
#3775=ADVANCED_FACE('',(#637),#419,.T.);
#3776=ADVANCED_FACE('',(#638),#420,.T.);
#3777=ADVANCED_FACE('',(#639),#3580,.T.);
#3778=ADVANCED_FACE('',(#640),#421,.T.);
#3779=ADVANCED_FACE('',(#641,#21),#3581,.T.);
#3780=ADVANCED_FACE('',(#642,#22),#3582,.F.);
#3781=ADVANCED_FACE('',(#643),#3583,.T.);
#3782=ADVANCED_FACE('',(#644),#422,.T.);
#3783=ADVANCED_FACE('',(#645),#423,.T.);
#3784=ADVANCED_FACE('',(#646),#424,.T.);
#3785=ADVANCED_FACE('',(#647),#425,.T.);
#3786=ADVANCED_FACE('',(#648),#426,.T.);
#3787=ADVANCED_FACE('',(#649),#3584,.T.);
#3788=ADVANCED_FACE('',(#650),#3585,.T.);
#3789=ADVANCED_FACE('',(#651),#3586,.T.);
#3790=ADVANCED_FACE('',(#652),#3587,.T.);
#3791=ADVANCED_FACE('',(#653),#427,.T.);
#3792=ADVANCED_FACE('',(#654),#428,.T.);
#3793=ADVANCED_FACE('',(#655),#429,.T.);
#3794=ADVANCED_FACE('',(#656),#430,.T.);
#3795=ADVANCED_FACE('',(#657),#431,.T.);
#3796=ADVANCED_FACE('',(#658),#432,.T.);
#3797=ADVANCED_FACE('',(#659),#3588,.T.);
#3798=ADVANCED_FACE('',(#660),#3589,.T.);
#3799=ADVANCED_FACE('',(#661),#3590,.T.);
#3800=ADVANCED_FACE('',(#662,#23),#3591,.T.);
#3801=ADVANCED_FACE('',(#663,#24),#3592,.F.);
#3802=CLOSED_SHELL('',(#3593,#3594,#3595,#3596,#3597,#3598));
#3803=CLOSED_SHELL('',(#3599,#3600,#3601,#3602,#3603,#3604,#3605,#3606,
#3607,#3608,#3609,#3610,#3611,#3612,#3613,#3614,#3615,#3616,#3617,#3618,
#3619));
#3804=CLOSED_SHELL('',(#3620,#3621,#3622,#3623,#3624,#3625,#3626,#3627,
#3628,#3629,#3630,#3631,#3632,#3633,#3634));
#3805=CLOSED_SHELL('',(#3635,#3636,#3637,#3638,#3639,#3640,#3641,#3642,
#3643,#3644,#3645,#3646,#3647,#3648,#3649,#3650,#3651,#3652,#3653));
#3806=CLOSED_SHELL('',(#3654,#3655,#3656,#3657,#3658,#3659,#3660,#3661,
#3662,#3663,#3664,#3665,#3666,#3667,#3668,#3669,#3670,#3671,#3672,#3673,
#3674,#3675,#3676,#3677));
#3807=CLOSED_SHELL('',(#3678,#3679,#3680,#3681,#3682,#3683,#3684,#3685,
#3686,#3687,#3688,#3689,#3690,#3691,#3692,#3693,#3694,#3695,#3696,#3697,
#3698,#3699));
#3808=CLOSED_SHELL('',(#3700,#3701,#3702,#3703,#3704,#3705));
#3809=CLOSED_SHELL('',(#3706,#3707,#3708,#3709,#3710,#3711,#3712,#3713,
#3714,#3715,#3716,#3717,#3718,#3719));
#3810=CLOSED_SHELL('',(#3720,#3721,#3722,#3723,#3724,#3725,#3726,#3727,
#3728,#3729,#3730,#3731,#3732,#3733,#3734,#3735,#3736,#3737,#3738,#3739,
#3740,#3741));
#3811=CLOSED_SHELL('',(#3742,#3743,#3744,#3745,#3746,#3747,#3748,#3749,
#3750,#3751,#3752,#3753,#3754,#3755,#3756,#3757,#3758,#3759,#3760,#3761,
#3762,#3763,#3764,#3765,#3766,#3767,#3768,#3769,#3770,#3771,#3772,#3773,
#3774,#3775,#3776,#3777,#3778,#3779,#3780));
#3812=CLOSED_SHELL('',(#3781,#3782,#3783,#3784,#3785,#3786,#3787,#3788,
#3789,#3790,#3791,#3792,#3793,#3794,#3795,#3796,#3797,#3798,#3799,#3800,
#3801));
#3813=DERIVED_UNIT_ELEMENT(#3815,1.);
#3814=DERIVED_UNIT_ELEMENT(#7800,-3.);
#3815=(
MASS_UNIT()
NAMED_UNIT(*)
SI_UNIT(.KILO.,.GRAM.)
);
#3816=DERIVED_UNIT((#3813,#3814));
#3817=MEASURE_REPRESENTATION_ITEM('density measure',
POSITIVE_RATIO_MEASURE(7850.),#3816);
#3818=PROPERTY_DEFINITION_REPRESENTATION(#3823,#3820);
#3819=PROPERTY_DEFINITION_REPRESENTATION(#3824,#3821);
#3820=REPRESENTATION('material name',(#3822),#7795);
#3821=REPRESENTATION('density',(#3817),#7795);
#3822=DESCRIPTIVE_REPRESENTATION_ITEM('Steel','Steel');
#3823=PROPERTY_DEFINITION('material property','material name',#7808);
#3824=PROPERTY_DEFINITION('material property','density of part',#7808);
#3825=AXIS2_PLACEMENT_3D('',#4336,#3899,#3900);
#3826=AXIS2_PLACEMENT_3D('',#4337,#3901,#3902);
#3827=AXIS2_PLACEMENT_3D('',#4346,#3907,#3908);
#3828=AXIS2_PLACEMENT_3D('',#4352,#3912,#3913);
#3829=AXIS2_PLACEMENT_3D('',#4358,#3917,#3918);
#3830=AXIS2_PLACEMENT_3D('',#4361,#3921,#3922);
#3831=AXIS2_PLACEMENT_3D('',#4362,#3923,#3924);
#3832=AXIS2_PLACEMENT_3D('',#4363,#3925,#3926);
#3833=AXIS2_PLACEMENT_3D('',#4579,#3940,#3941);
#3834=AXIS2_PLACEMENT_3D('',#4766,#3952,#3953);
#3835=AXIS2_PLACEMENT_3D('',#4767,#3954,#3955);
#3836=AXIS2_PLACEMENT_3D('',#4768,#3956,#3957);
#3837=AXIS2_PLACEMENT_3D('',#4777,#3962,#3963);
#3838=AXIS2_PLACEMENT_3D('',#4783,#3967,#3968);
#3839=AXIS2_PLACEMENT_3D('',#4858,#3975,#3976);
#3840=AXIS2_PLACEMENT_3D('',#4956,#3984,#3985);
#3841=AXIS2_PLACEMENT_3D('',#4962,#3989,#3990);
#3842=AXIS2_PLACEMENT_3D('',#4965,#3993,#3994);
#3843=AXIS2_PLACEMENT_3D('',#4966,#3995,#3996);
#3844=AXIS2_PLACEMENT_3D('',#5358,#4014,#4015);
#3845=AXIS2_PLACEMENT_3D('',#5359,#4016,#4017);
#3846=AXIS2_PLACEMENT_3D('',#5544,#4026,#4027);
#3847=AXIS2_PLACEMENT_3D('',#5760,#4041,#4042);
#3848=AXIS2_PLACEMENT_3D('',#5766,#4046,#4047);
#3849=AXIS2_PLACEMENT_3D('',#5772,#4051,#4052);
#3850=AXIS2_PLACEMENT_3D('',#5778,#4056,#4057);
#3851=AXIS2_PLACEMENT_3D('',#5781,#4060,#4061);
#3852=AXIS2_PLACEMENT_3D('',#5782,#4062,#4063);
#3853=AXIS2_PLACEMENT_3D('',#5783,#4064,#4065);
#3854=AXIS2_PLACEMENT_3D('',#5881,#4073,#4074);
#3855=AXIS2_PLACEMENT_3D('',#6097,#4088,#4089);
#3856=AXIS2_PLACEMENT_3D('',#6192,#4096,#4097);
#3857=AXIS2_PLACEMENT_3D('',#6193,#4098,#4099);
#3858=AXIS2_PLACEMENT_3D('',#6194,#4100,#4101);
#3859=AXIS2_PLACEMENT_3D('',#6203,#4106,#4107);
#3860=AXIS2_PLACEMENT_3D('',#6209,#4111,#4112);
#3861=AXIS2_PLACEMENT_3D('',#6215,#4116,#4117);
#3862=AXIS2_PLACEMENT_3D('',#6218,#4120,#4121);
#3863=AXIS2_PLACEMENT_3D('',#6219,#4122,#4123);
#3864=AXIS2_PLACEMENT_3D('',#6220,#4124,#4125);
#3865=AXIS2_PLACEMENT_3D('',#6229,#4130,#4131);
#3866=AXIS2_PLACEMENT_3D('',#6235,#4135,#4136);
#3867=AXIS2_PLACEMENT_3D('',#6241,#4140,#4141);
#3868=AXIS2_PLACEMENT_3D('',#6247,#4145,#4146);
#3869=AXIS2_PLACEMENT_3D('',#6253,#4150,#4151);
#3870=AXIS2_PLACEMENT_3D('',#6259,#4155,#4156);
#3871=AXIS2_PLACEMENT_3D('',#6265,#4160,#4161);
#3872=AXIS2_PLACEMENT_3D('',#6271,#4165,#4166);
#3873=AXIS2_PLACEMENT_3D('',#6277,#4170,#4171);
#3874=AXIS2_PLACEMENT_3D('',#6283,#4175,#4176);
#3875=AXIS2_PLACEMENT_3D('',#6289,#4180,#4181);
#3876=AXIS2_PLACEMENT_3D('',#6292,#4184,#4185);
#3877=AXIS2_PLACEMENT_3D('',#6293,#4186,#4187);
#3878=AXIS2_PLACEMENT_3D('',#6294,#4188,#4189);
#3879=AXIS2_PLACEMENT_3D('',#6392,#4197,#4198);
#3880=AXIS2_PLACEMENT_3D('',#6608,#4212,#4213);
#3881=AXIS2_PLACEMENT_3D('',#6703,#4220,#4221);
#3882=AXIS2_PLACEMENT_3D('',#6704,#4222,#4223);
#3883=AXIS2_PLACEMENT_3D('',#6915,#4234,#4235);
#3884=AXIS2_PLACEMENT_3D('',#7243,#4253,#4254);
#3885=AXIS2_PLACEMENT_3D('',#7410,#4265,#4266);
#3886=AXIS2_PLACEMENT_3D('',#7462,#4272,#4273);
#3887=AXIS2_PLACEMENT_3D('',#7488,#4277,#4278);
#3888=AXIS2_PLACEMENT_3D('',#7489,#4279,#4280);
#3889=AXIS2_PLACEMENT_3D('',#7490,#4281,#4282);
#3890=AXIS2_PLACEMENT_3D('',#7614,#4292,#4293);
#3891=AXIS2_PLACEMENT_3D('',#7620,#4297,#4298);
#3892=AXIS2_PLACEMENT_3D('',#7623,#4301,#4302);
#3893=AXIS2_PLACEMENT_3D('',#7632,#4307,#4308);
#3894=AXIS2_PLACEMENT_3D('',#7776,#4318,#4319);
#3895=AXIS2_PLACEMENT_3D('',#7782,#4323,#4324);
#3896=AXIS2_PLACEMENT_3D('',#7788,#4328,#4329);
#3897=AXIS2_PLACEMENT_3D('',#7791,#4332,#4333);
#3898=AXIS2_PLACEMENT_3D('',#7792,#4334,#4335);
#3899=DIRECTION('axis',(0.,0.,1.));
#3900=DIRECTION('refdir',(1.,0.,0.));
#3901=DIRECTION('center_axis',(-1.,0.,0.));
#3902=DIRECTION('ref_axis',(0.,-1.,0.));
#3903=DIRECTION('',(0.,1.,0.));
#3904=DIRECTION('',(0.,0.,1.));
#3905=DIRECTION('',(0.,-1.,0.));
#3906=DIRECTION('',(0.,0.,1.));
#3907=DIRECTION('center_axis',(0.,1.,0.));
#3908=DIRECTION('ref_axis',(-1.,0.,0.));
#3909=DIRECTION('',(1.,0.,0.));
#3910=DIRECTION('',(-1.,0.,0.));
#3911=DIRECTION('',(0.,0.,1.));
#3912=DIRECTION('center_axis',(1.,0.,0.));
#3913=DIRECTION('ref_axis',(0.,1.,0.));
#3914=DIRECTION('',(0.,-1.,0.));
#3915=DIRECTION('',(0.,1.,0.));
#3916=DIRECTION('',(0.,0.,1.));
#3917=DIRECTION('center_axis',(0.,-1.,0.));
#3918=DIRECTION('ref_axis',(1.,0.,0.));
#3919=DIRECTION('',(-1.,0.,0.));
#3920=DIRECTION('',(1.,0.,0.));
#3921=DIRECTION('center_axis',(0.,0.,1.));
#3922=DIRECTION('ref_axis',(1.,0.,0.));
#3923=DIRECTION('center_axis',(0.,0.,1.));
#3924=DIRECTION('ref_axis',(1.,0.,0.));
#3925=DIRECTION('center_axis',(0.128859504469739,0.991662860103076,0.));
#3926=DIRECTION('ref_axis',(-0.991662860103076,0.128859504469739,0.));
#3927=DIRECTION('',(0.991662860103076,-0.128859504469739,0.));
#3928=DIRECTION('',(0.,0.,1.));
#3929=DIRECTION('',(-0.991662860103076,0.128859504469739,0.));
#3930=DIRECTION('',(0.,0.,1.));
#3931=DIRECTION('',(0.,0.,1.));
#3932=DIRECTION('',(0.,0.,1.));
#3933=DIRECTION('',(0.,0.,1.));
#3934=DIRECTION('',(0.,0.,1.));
#3935=DIRECTION('',(0.,0.,1.));
#3936=DIRECTION('',(0.,0.,1.));
#3937=DIRECTION('',(0.,0.,1.));
#3938=DIRECTION('',(0.,0.,1.));
#3939=DIRECTION('',(0.,0.,1.));
#3940=DIRECTION('center_axis',(0.152481513168985,-0.988306323030313,0.));
#3941=DIRECTION('ref_axis',(0.988306323030313,0.152481513168985,0.));
#3942=DIRECTION('',(-0.988306323030313,-0.152481513168985,0.));
#3943=DIRECTION('',(0.988306323030313,0.152481513168985,0.));
#3944=DIRECTION('',(0.,0.,1.));
#3945=DIRECTION('',(0.,0.,1.));
#3946=DIRECTION('',(0.,0.,1.));
#3947=DIRECTION('',(0.,0.,1.));
#3948=DIRECTION('',(0.,0.,1.));
#3949=DIRECTION('',(0.,0.,1.));
#3950=DIRECTION('',(0.,0.,1.));
#3951=DIRECTION('',(0.,0.,1.));
#3952=DIRECTION('center_axis',(0.,0.,1.));
#3953=DIRECTION('ref_axis',(1.,0.,0.));
#3954=DIRECTION('center_axis',(0.,0.,1.));
#3955=DIRECTION('ref_axis',(1.,0.,0.));
#3956=DIRECTION('center_axis',(-1.,0.,0.));
#3957=DIRECTION('ref_axis',(0.,-1.,0.));
#3958=DIRECTION('',(0.,1.,0.));
#3959=DIRECTION('',(0.,0.,1.));
#3960=DIRECTION('',(0.,-1.,0.));
#3961=DIRECTION('',(0.,0.,1.));
#3962=DIRECTION('center_axis',(0.,1.,0.));
#3963=DIRECTION('ref_axis',(-1.,0.,0.));
#3964=DIRECTION('',(1.,0.,0.));
#3965=DIRECTION('',(-1.,0.,0.));
#3966=DIRECTION('',(0.,0.,1.));
#3967=DIRECTION('center_axis',(1.,0.,0.));
#3968=DIRECTION('ref_axis',(0.,1.,0.));
#3969=DIRECTION('',(0.,-1.,0.));
#3970=DIRECTION('',(0.,1.,0.));
#3971=DIRECTION('',(0.,0.,1.));
#3972=DIRECTION('',(0.,0.,1.));
#3973=DIRECTION('',(0.,0.,1.));
#3974=DIRECTION('',(0.,0.,1.));
#3975=DIRECTION('center_axis',(0.937477681368854,-0.348045394934737,0.));
#3976=DIRECTION('ref_axis',(0.348045394934737,0.937477681368854,0.));
#3977=DIRECTION('',(-0.348045394934737,-0.937477681368854,0.));
#3978=DIRECTION('',(0.348045394934737,0.937477681368854,0.));
#3979=DIRECTION('',(0.,0.,1.));
#3980=DIRECTION('',(0.,0.,1.));
#3981=DIRECTION('',(0.,0.,1.));
#3982=DIRECTION('',(0.,0.,1.));
#3983=DIRECTION('',(0.,0.,1.));
#3984=DIRECTION('center_axis',(1.,0.,0.));
#3985=DIRECTION('ref_axis',(0.,1.,0.));
#3986=DIRECTION('',(0.,-1.,0.));
#3987=DIRECTION('',(0.,1.,0.));
#3988=DIRECTION('',(0.,0.,1.));
#3989=DIRECTION('center_axis',(0.,-1.,0.));
#3990=DIRECTION('ref_axis',(1.,0.,0.));
#3991=DIRECTION('',(-1.,0.,0.));
#3992=DIRECTION('',(1.,0.,0.));
#3993=DIRECTION('center_axis',(0.,0.,1.));
#3994=DIRECTION('ref_axis',(1.,0.,0.));
#3995=DIRECTION('center_axis',(0.,0.,1.));
#3996=DIRECTION('ref_axis',(1.,0.,0.));
#3997=DIRECTION('',(0.,0.,1.));
#3998=DIRECTION('',(0.,0.,1.));
#3999=DIRECTION('',(0.,0.,1.));
#4000=DIRECTION('',(0.,0.,1.));
#4001=DIRECTION('',(0.,0.,1.));
#4002=DIRECTION('',(0.,0.,1.));
#4003=DIRECTION('',(0.,0.,1.));
#4004=DIRECTION('',(0.,0.,1.));
#4005=DIRECTION('',(0.,0.,1.));
#4006=DIRECTION('',(0.,0.,1.));
#4007=DIRECTION('',(0.,0.,1.));
#4008=DIRECTION('',(0.,0.,1.));
#4009=DIRECTION('',(0.,0.,1.));
#4010=DIRECTION('',(0.,0.,1.));
#4011=DIRECTION('',(0.,0.,1.));
#4012=DIRECTION('',(0.,0.,1.));
#4013=DIRECTION('',(0.,0.,1.));
#4014=DIRECTION('center_axis',(0.,0.,1.));
#4015=DIRECTION('ref_axis',(1.,0.,0.));
#4016=DIRECTION('center_axis',(0.,0.,1.));
#4017=DIRECTION('ref_axis',(1.,0.,0.));
#4018=DIRECTION('',(0.,0.,1.));
#4019=DIRECTION('',(0.,0.,1.));
#4020=DIRECTION('',(0.,0.,1.));
#4021=DIRECTION('',(0.,0.,1.));
#4022=DIRECTION('',(0.,0.,1.));
#4023=DIRECTION('',(0.,0.,1.));
#4024=DIRECTION('',(0.,0.,1.));
#4025=DIRECTION('',(0.,0.,1.));
#4026=DIRECTION('center_axis',(-1.,0.,0.));
#4027=DIRECTION('ref_axis',(0.,-1.,0.));
#4028=DIRECTION('',(0.,1.,0.));
#4029=DIRECTION('',(0.,0.,1.));
#4030=DIRECTION('',(0.,-1.,0.));
#4031=DIRECTION('',(0.,0.,1.));
#4032=DIRECTION('',(0.,0.,1.));
#4033=DIRECTION('',(0.,0.,1.));
#4034=DIRECTION('',(0.,0.,1.));
#4035=DIRECTION('',(0.,0.,1.));
#4036=DIRECTION('',(0.,0.,1.));
#4037=DIRECTION('',(0.,0.,1.));
#4038=DIRECTION('',(0.,0.,1.));
#4039=DIRECTION('',(0.,0.,1.));
#4040=DIRECTION('',(0.,0.,1.));
#4041=DIRECTION('center_axis',(-1.,0.,0.));
#4042=DIRECTION('ref_axis',(0.,-1.,0.));
#4043=DIRECTION('',(0.,1.,0.));
#4044=DIRECTION('',(0.,-1.,0.));
#4045=DIRECTION('',(0.,0.,1.));
#4046=DIRECTION('center_axis',(0.,1.,0.));
#4047=DIRECTION('ref_axis',(-1.,0.,0.));
#4048=DIRECTION('',(1.,0.,0.));
#4049=DIRECTION('',(-1.,0.,0.));
#4050=DIRECTION('',(0.,0.,1.));
#4051=DIRECTION('center_axis',(1.,0.,0.));
#4052=DIRECTION('ref_axis',(0.,1.,0.));
#4053=DIRECTION('',(0.,-1.,0.));
#4054=DIRECTION('',(0.,1.,0.));
#4055=DIRECTION('',(0.,0.,1.));
#4056=DIRECTION('center_axis',(0.,-1.,0.));
#4057=DIRECTION('ref_axis',(1.,0.,0.));
#4058=DIRECTION('',(-1.,0.,0.));
#4059=DIRECTION('',(1.,0.,0.));
#4060=DIRECTION('center_axis',(0.,0.,1.));
#4061=DIRECTION('ref_axis',(1.,0.,0.));
#4062=DIRECTION('center_axis',(0.,0.,1.));
#4063=DIRECTION('ref_axis',(1.,0.,0.));
#4064=DIRECTION('center_axis',(0.,1.,0.));
#4065=DIRECTION('ref_axis',(-1.,0.,0.));
#4066=DIRECTION('',(1.,0.,0.));
#4067=DIRECTION('',(0.,0.,1.));
#4068=DIRECTION('',(-1.,0.,0.));
#4069=DIRECTION('',(0.,0.,1.));
#4070=DIRECTION('',(0.,0.,1.));
#4071=DIRECTION('',(0.,0.,1.));
#4072=DIRECTION('',(0.,0.,1.));
#4073=DIRECTION('center_axis',(0.122721784038546,0.992441113478476,0.));
#4074=DIRECTION('ref_axis',(-0.992441113478476,0.122721784038546,0.));
#4075=DIRECTION('',(0.992441113478476,-0.122721784038546,0.));
#4076=DIRECTION('',(0.,0.,1.));
#4077=DIRECTION('',(-0.992441113478476,0.122721784038546,0.));
#4078=DIRECTION('',(0.,0.,1.));
#4079=DIRECTION('',(0.,0.,1.));
#4080=DIRECTION('',(0.,0.,1.));
#4081=DIRECTION('',(0.,0.,1.));
#4082=DIRECTION('',(0.,0.,1.));
#4083=DIRECTION('',(0.,0.,1.));
#4084=DIRECTION('',(0.,0.,1.));
#4085=DIRECTION('',(0.,0.,1.));
#4086=DIRECTION('',(0.,0.,1.));
#4087=DIRECTION('',(0.,0.,1.));
#4088=DIRECTION('center_axis',(0.,-1.,0.));
#4089=DIRECTION('ref_axis',(1.,0.,0.));
#4090=DIRECTION('',(-1.,0.,0.));
#4091=DIRECTION('',(1.,0.,0.));
#4092=DIRECTION('',(0.,0.,1.));
#4093=DIRECTION('',(0.,0.,1.));
#4094=DIRECTION('',(0.,0.,1.));
#4095=DIRECTION('',(0.,0.,1.));
#4096=DIRECTION('center_axis',(0.,0.,1.));
#4097=DIRECTION('ref_axis',(1.,0.,0.));
#4098=DIRECTION('center_axis',(0.,0.,1.));
#4099=DIRECTION('ref_axis',(1.,0.,0.));
#4100=DIRECTION('center_axis',(-1.,0.,0.));
#4101=DIRECTION('ref_axis',(0.,-1.,0.));
#4102=DIRECTION('',(0.,1.,0.));
#4103=DIRECTION('',(0.,0.,1.));
#4104=DIRECTION('',(0.,-1.,0.));
#4105=DIRECTION('',(0.,0.,1.));
#4106=DIRECTION('center_axis',(0.,1.,0.));
#4107=DIRECTION('ref_axis',(-1.,0.,0.));
#4108=DIRECTION('',(1.,0.,0.));
#4109=DIRECTION('',(-1.,0.,0.));
#4110=DIRECTION('',(0.,0.,1.));
#4111=DIRECTION('center_axis',(1.,0.,0.));
#4112=DIRECTION('ref_axis',(0.,1.,0.));
#4113=DIRECTION('',(0.,-1.,0.));
#4114=DIRECTION('',(0.,1.,0.));
#4115=DIRECTION('',(0.,0.,1.));
#4116=DIRECTION('center_axis',(0.,-1.,0.));
#4117=DIRECTION('ref_axis',(1.,0.,0.));
#4118=DIRECTION('',(-1.,0.,0.));
#4119=DIRECTION('',(1.,0.,0.));
#4120=DIRECTION('center_axis',(0.,0.,1.));
#4121=DIRECTION('ref_axis',(1.,0.,0.));
#4122=DIRECTION('center_axis',(0.,0.,1.));
#4123=DIRECTION('ref_axis',(1.,0.,0.));
#4124=DIRECTION('center_axis',(-1.,0.,0.));
#4125=DIRECTION('ref_axis',(0.,-1.,0.));
#4126=DIRECTION('',(0.,1.,0.));
#4127=DIRECTION('',(0.,0.,1.));
#4128=DIRECTION('',(0.,-1.,0.));
#4129=DIRECTION('',(0.,0.,1.));
#4130=DIRECTION('center_axis',(0.,1.,0.));
#4131=DIRECTION('ref_axis',(-1.,0.,0.));
#4132=DIRECTION('',(1.,0.,0.));
#4133=DIRECTION('',(-1.,0.,0.));
#4134=DIRECTION('',(0.,0.,1.));
#4135=DIRECTION('center_axis',(1.,0.,0.));
#4136=DIRECTION('ref_axis',(0.,1.,0.));
#4137=DIRECTION('',(0.,-1.,0.));
#4138=DIRECTION('',(0.,1.,0.));
#4139=DIRECTION('',(0.,0.,1.));
#4140=DIRECTION('center_axis',(0.,1.,0.));
#4141=DIRECTION('ref_axis',(-1.,0.,0.));
#4142=DIRECTION('',(1.,0.,0.));
#4143=DIRECTION('',(-1.,0.,0.));
#4144=DIRECTION('',(0.,0.,1.));
#4145=DIRECTION('center_axis',(-1.,0.,0.));
#4146=DIRECTION('ref_axis',(0.,-1.,0.));
#4147=DIRECTION('',(0.,1.,0.));
#4148=DIRECTION('',(0.,-1.,0.));
#4149=DIRECTION('',(0.,0.,1.));
#4150=DIRECTION('center_axis',(0.,1.,0.));
#4151=DIRECTION('ref_axis',(-1.,0.,0.));
#4152=DIRECTION('',(1.,0.,0.));
#4153=DIRECTION('',(-1.,0.,0.));
#4154=DIRECTION('',(0.,0.,1.));
#4155=DIRECTION('center_axis',(1.,0.,0.));
#4156=DIRECTION('ref_axis',(0.,1.,0.));
#4157=DIRECTION('',(0.,-1.,0.));
#4158=DIRECTION('',(0.,1.,0.));
#4159=DIRECTION('',(0.,0.,1.));
#4160=DIRECTION('center_axis',(0.,-1.,0.));
#4161=DIRECTION('ref_axis',(1.,0.,0.));
#4162=DIRECTION('',(-1.,0.,0.));
#4163=DIRECTION('',(1.,0.,0.));
#4164=DIRECTION('',(0.,0.,1.));
#4165=DIRECTION('center_axis',(-1.,0.,0.));
#4166=DIRECTION('ref_axis',(0.,-1.,0.));
#4167=DIRECTION('',(0.,1.,0.));
#4168=DIRECTION('',(0.,-1.,0.));
#4169=DIRECTION('',(0.,0.,1.));
#4170=DIRECTION('center_axis',(0.,-1.,0.));
#4171=DIRECTION('ref_axis',(1.,0.,0.));
#4172=DIRECTION('',(-1.,0.,0.));
#4173=DIRECTION('',(1.,0.,0.));
#4174=DIRECTION('',(0.,0.,1.));
#4175=DIRECTION('center_axis',(1.,0.,0.));
#4176=DIRECTION('ref_axis',(0.,1.,0.));
#4177=DIRECTION('',(0.,-1.,0.));
#4178=DIRECTION('',(0.,1.,0.));
#4179=DIRECTION('',(0.,0.,1.));
#4180=DIRECTION('center_axis',(0.,-1.,0.));
#4181=DIRECTION('ref_axis',(1.,0.,0.));
#4182=DIRECTION('',(-1.,0.,0.));
#4183=DIRECTION('',(1.,0.,0.));
#4184=DIRECTION('center_axis',(0.,0.,1.));
#4185=DIRECTION('ref_axis',(1.,0.,0.));
#4186=DIRECTION('center_axis',(0.,0.,1.));
#4187=DIRECTION('ref_axis',(1.,0.,0.));
#4188=DIRECTION('center_axis',(0.,1.,0.));
#4189=DIRECTION('ref_axis',(-1.,0.,0.));
#4190=DIRECTION('',(1.,0.,0.));
#4191=DIRECTION('',(0.,0.,1.));
#4192=DIRECTION('',(-1.,0.,0.));
#4193=DIRECTION('',(0.,0.,1.));
#4194=DIRECTION('',(0.,0.,1.));
#4195=DIRECTION('',(0.,0.,1.));
#4196=DIRECTION('',(0.,0.,1.));
#4197=DIRECTION('center_axis',(0.122721557072019,0.992441141544333,0.));
#4198=DIRECTION('ref_axis',(-0.992441141544333,0.122721557072019,0.));
#4199=DIRECTION('',(0.992441141544333,-0.122721557072019,0.));
#4200=DIRECTION('',(0.,0.,1.));
#4201=DIRECTION('',(-0.992441141544333,0.122721557072019,0.));
#4202=DIRECTION('',(0.,0.,1.));
#4203=DIRECTION('',(0.,0.,1.));
#4204=DIRECTION('',(0.,0.,1.));
#4205=DIRECTION('',(0.,0.,1.));
#4206=DIRECTION('',(0.,0.,1.));
#4207=DIRECTION('',(0.,0.,1.));
#4208=DIRECTION('',(0.,0.,1.));
#4209=DIRECTION('',(0.,0.,1.));
#4210=DIRECTION('',(0.,0.,1.));
#4211=DIRECTION('',(0.,0.,1.));
#4212=DIRECTION('center_axis',(0.,-1.,0.));
#4213=DIRECTION('ref_axis',(1.,0.,0.));
#4214=DIRECTION('',(-1.,0.,0.));
#4215=DIRECTION('',(1.,0.,0.));
#4216=DIRECTION('',(0.,0.,1.));
#4217=DIRECTION('',(0.,0.,1.));
#4218=DIRECTION('',(0.,0.,1.));
#4219=DIRECTION('',(0.,0.,1.));
#4220=DIRECTION('center_axis',(0.,0.,1.));
#4221=DIRECTION('ref_axis',(1.,0.,0.));
#4222=DIRECTION('center_axis',(0.,0.,1.));
#4223=DIRECTION('ref_axis',(1.,0.,0.));
#4224=DIRECTION('',(0.,0.,1.));
#4225=DIRECTION('',(0.,0.,1.));
#4226=DIRECTION('',(0.,0.,1.));
#4227=DIRECTION('',(0.,0.,1.));
#4228=DIRECTION('',(0.,0.,1.));
#4229=DIRECTION('',(0.,0.,1.));
#4230=DIRECTION('',(0.,0.,1.));
#4231=DIRECTION('',(0.,0.,1.));
#4232=DIRECTION('',(0.,0.,1.));
#4233=DIRECTION('',(0.,0.,1.));
#4234=DIRECTION('center_axis',(-1.,0.,0.));
#4235=DIRECTION('ref_axis',(0.,-1.,0.));
#4236=DIRECTION('',(0.,1.,0.));
#4237=DIRECTION('',(0.,-1.,0.));
#4238=DIRECTION('',(0.,0.,1.));
#4239=DIRECTION('',(0.,0.,1.));
#4240=DIRECTION('',(0.,0.,1.));
#4241=DIRECTION('',(0.,0.,1.));
#4242=DIRECTION('',(0.,0.,1.));
#4243=DIRECTION('',(0.,0.,1.));
#4244=DIRECTION('',(0.,0.,1.));
#4245=DIRECTION('',(0.,0.,1.));
#4246=DIRECTION('',(0.,0.,1.));
#4247=DIRECTION('',(0.,0.,1.));
#4248=DIRECTION('',(0.,0.,1.));
#4249=DIRECTION('',(0.,0.,1.));
#4250=DIRECTION('',(0.,0.,1.));
#4251=DIRECTION('',(0.,0.,1.));
#4252=DIRECTION('',(0.,0.,1.));
#4253=DIRECTION('center_axis',(-0.135113292475102,-0.990830156079506,0.));
#4254=DIRECTION('ref_axis',(0.990830156079506,-0.135113292475102,0.));
#4255=DIRECTION('',(-0.990830156079506,0.135113292475102,0.));
#4256=DIRECTION('',(0.990830156079506,-0.135113292475102,0.));
#4257=DIRECTION('',(0.,0.,1.));
#4258=DIRECTION('',(0.,0.,1.));
#4259=DIRECTION('',(0.,0.,1.));
#4260=DIRECTION('',(0.,0.,1.));
#4261=DIRECTION('',(0.,0.,1.));
#4262=DIRECTION('',(0.,0.,1.));
#4263=DIRECTION('',(0.,0.,1.));
#4264=DIRECTION('',(0.,0.,1.));
#4265=DIRECTION('center_axis',(1.,0.,0.));
#4266=DIRECTION('ref_axis',(0.,1.,0.));
#4267=DIRECTION('',(0.,-1.,0.));
#4268=DIRECTION('',(0.,1.,0.));
#4269=DIRECTION('',(0.,0.,1.));
#4270=DIRECTION('',(0.,0.,1.));
#4271=DIRECTION('',(0.,0.,1.));
#4272=DIRECTION('center_axis',(0.,-1.,0.));
#4273=DIRECTION('ref_axis',(1.,0.,0.));
#4274=DIRECTION('',(-1.,0.,0.));
#4275=DIRECTION('',(1.,0.,0.));
#4276=DIRECTION('',(0.,0.,1.));
#4277=DIRECTION('center_axis',(0.,0.,1.));
#4278=DIRECTION('ref_axis',(1.,0.,0.));
#4279=DIRECTION('center_axis',(0.,0.,1.));
#4280=DIRECTION('ref_axis',(1.,0.,0.));
#4281=DIRECTION('center_axis',(0.,1.,0.));
#4282=DIRECTION('ref_axis',(-1.,0.,0.));
#4283=DIRECTION('',(1.,0.,0.));
#4284=DIRECTION('',(0.,0.,1.));
#4285=DIRECTION('',(-1.,0.,0.));
#4286=DIRECTION('',(0.,0.,1.));
#4287=DIRECTION('',(0.,0.,1.));
#4288=DIRECTION('',(0.,0.,1.));
#4289=DIRECTION('',(0.,0.,1.));
#4290=DIRECTION('',(0.,0.,1.));
#4291=DIRECTION('',(0.,0.,1.));
#4292=DIRECTION('center_axis',(0.,-1.,0.));
#4293=DIRECTION('ref_axis',(1.,0.,0.));
#4294=DIRECTION('',(-1.,0.,0.));
#4295=DIRECTION('',(1.,0.,0.));
#4296=DIRECTION('',(0.,0.,1.));
#4297=DIRECTION('center_axis',(1.,0.,0.));
#4298=DIRECTION('ref_axis',(0.,1.,0.));
#4299=DIRECTION('',(0.,-1.,0.));
#4300=DIRECTION('',(0.,1.,0.));
#4301=DIRECTION('center_axis',(-1.,0.,0.));
#4302=DIRECTION('ref_axis',(0.,-1.,0.));
#4303=DIRECTION('',(0.,1.,0.));
#4304=DIRECTION('',(0.,0.,1.));
#4305=DIRECTION('',(0.,-1.,0.));
#4306=DIRECTION('',(0.,0.,1.));
#4307=DIRECTION('center_axis',(0.,1.,0.));
#4308=DIRECTION('ref_axis',(-1.,0.,0.));
#4309=DIRECTION('',(1.,0.,0.));
#4310=DIRECTION('',(-1.,0.,0.));
#4311=DIRECTION('',(0.,0.,1.));
#4312=DIRECTION('',(0.,0.,1.));
#4313=DIRECTION('',(0.,0.,1.));
#4314=DIRECTION('',(0.,0.,1.));
#4315=DIRECTION('',(0.,0.,1.));
#4316=DIRECTION('',(0.,0.,1.));
#4317=DIRECTION('',(0.,0.,1.));
#4318=DIRECTION('center_axis',(0.,-1.,0.));
#4319=DIRECTION('ref_axis',(1.,0.,0.));
#4320=DIRECTION('',(-1.,0.,0.));
#4321=DIRECTION('',(1.,0.,0.));
#4322=DIRECTION('',(0.,0.,1.));
#4323=DIRECTION('center_axis',(1.,0.,0.));
#4324=DIRECTION('ref_axis',(0.,1.,0.));
#4325=DIRECTION('',(0.,-1.,0.));
#4326=DIRECTION('',(0.,1.,0.));
#4327=DIRECTION('',(0.,0.,1.));
#4328=DIRECTION('center_axis',(0.,-1.,0.));
#4329=DIRECTION('ref_axis',(1.,0.,0.));
#4330=DIRECTION('',(-1.,0.,0.));
#4331=DIRECTION('',(1.,0.,0.));
#4332=DIRECTION('center_axis',(0.,0.,1.));
#4333=DIRECTION('ref_axis',(1.,0.,0.));
#4334=DIRECTION('center_axis',(0.,0.,1.));
#4335=DIRECTION('ref_axis',(1.,0.,0.));
#4336=CARTESIAN_POINT('',(0.,0.,0.));
#4337=CARTESIAN_POINT('Origin',(-1.2731961276155,1.41921018604851,0.));
#4338=CARTESIAN_POINT('',(-1.2731961276155,1.02521020210328,0.));
#4339=CARTESIAN_POINT('',(-1.2731961276155,1.41921018604851,0.));
#4340=CARTESIAN_POINT('',(-1.2731961276155,1.02521020210328,0.));
#4341=CARTESIAN_POINT('',(-1.2731961276155,1.02521020210328,0.2));
#4342=CARTESIAN_POINT('',(-1.2731961276155,1.02521020210328,0.));
#4343=CARTESIAN_POINT('',(-1.2731961276155,1.41921018604851,0.2));
#4344=CARTESIAN_POINT('',(-1.2731961276155,1.02521020210328,0.2));
#4345=CARTESIAN_POINT('',(-1.2731961276155,1.41921018604851,0.));
#4346=CARTESIAN_POINT('Origin',(-1.22481958993206,1.41921018604851,0.));
#4347=CARTESIAN_POINT('',(-1.22481958993206,1.41921018604851,0.));
#4348=CARTESIAN_POINT('',(-1.2731961276155,1.41921018604851,0.));
#4349=CARTESIAN_POINT('',(-1.22481958993206,1.41921018604851,0.2));
#4350=CARTESIAN_POINT('',(-1.2731961276155,1.41921018604851,0.2));
#4351=CARTESIAN_POINT('',(-1.22481958993206,1.41921018604851,0.));
#4352=CARTESIAN_POINT('Origin',(-1.22481958993206,1.02521020210328,0.));
#4353=CARTESIAN_POINT('',(-1.22481958993206,1.02521020210328,0.));
#4354=CARTESIAN_POINT('',(-1.22481958993206,1.41921018604851,0.));
#4355=CARTESIAN_POINT('',(-1.22481958993206,1.02521020210328,0.2));
#4356=CARTESIAN_POINT('',(-1.22481958993206,1.41921018604851,0.2));
#4357=CARTESIAN_POINT('',(-1.22481958993206,1.02521020210328,0.));
#4358=CARTESIAN_POINT('Origin',(-1.2731961276155,1.02521020210328,0.));
#4359=CARTESIAN_POINT('',(-1.22481958993206,1.02521020210328,0.));
#4360=CARTESIAN_POINT('',(-1.22481958993206,1.02521020210328,0.2));
#4361=CARTESIAN_POINT('Origin',(-0.151397996323239,1.21898508999924,0.2));
#4362=CARTESIAN_POINT('Origin',(-0.151397996323239,1.21898508999924,0.));
#4363=CARTESIAN_POINT('Origin',(-0.609900011935496,1.12357584124169,0.));
#4364=CARTESIAN_POINT('',(-0.657470338132362,1.12975726530002,0.));
#4365=CARTESIAN_POINT('',(-0.609900011935496,1.12357584124169,0.));
#4366=CARTESIAN_POINT('',(-0.657470338132362,1.12975726530002,0.));
#4367=CARTESIAN_POINT('',(-0.657470338132362,1.12975726530002,0.2));
#4368=CARTESIAN_POINT('',(-0.657470338132362,1.12975726530002,0.));
#4369=CARTESIAN_POINT('',(-0.609900011935496,1.12357584124169,0.2));
#4370=CARTESIAN_POINT('',(-0.657470338132362,1.12975726530002,0.2));
#4371=CARTESIAN_POINT('',(-0.609900011935496,1.12357584124169,0.));
#4372=CARTESIAN_POINT('Ctrl Pts',(-0.649810718883604,1.04657649607803,0.));
#4373=CARTESIAN_POINT('Ctrl Pts',(-0.649810718883604,1.04657649607803,0.2));
#4374=CARTESIAN_POINT('Ctrl Pts',(-0.640070592903403,1.05706834213921,0.));
#4375=CARTESIAN_POINT('Ctrl Pts',(-0.640070592903403,1.05706834213921,0.2));
#4376=CARTESIAN_POINT('Ctrl Pts',(-0.619706386332509,1.07900421041588,0.));
#4377=CARTESIAN_POINT('Ctrl Pts',(-0.619706386332509,1.07900421041588,0.2));
#4378=CARTESIAN_POINT('Ctrl Pts',(-0.613262047124893,1.1082948224657,0.));
#4379=CARTESIAN_POINT('Ctrl Pts',(-0.613262047124893,1.1082948224657,0.2));
#4380=CARTESIAN_POINT('Ctrl Pts',(-0.609900011935496,1.12357584124169,0.));
#4381=CARTESIAN_POINT('Ctrl Pts',(-0.609900011935496,1.12357584124169,0.2));
#4382=CARTESIAN_POINT('',(-0.649810718883604,1.04657649607803,0.));
#4383=CARTESIAN_POINT('Ctrl Pts',(-0.609900011935496,1.12357584124169,0.));
#4384=CARTESIAN_POINT('Ctrl Pts',(-0.613262047124893,1.1082948224657,0.));
#4385=CARTESIAN_POINT('Ctrl Pts',(-0.619706386332509,1.07900421041588,0.));
#4386=CARTESIAN_POINT('Ctrl Pts',(-0.640070592903403,1.05706834213921,0.));
#4387=CARTESIAN_POINT('Ctrl Pts',(-0.649810718883604,1.04657649607803,0.));
#4388=CARTESIAN_POINT('',(-0.649810718883604,1.04657649607803,0.2));
#4389=CARTESIAN_POINT('Ctrl Pts',(-0.649810718883604,1.04657649607803,0.2));
#4390=CARTESIAN_POINT('Ctrl Pts',(-0.640070592903403,1.05706834213921,0.2));
#4391=CARTESIAN_POINT('Ctrl Pts',(-0.619706386332509,1.07900421041588,0.2));
#4392=CARTESIAN_POINT('Ctrl Pts',(-0.613262047124893,1.1082948224657,0.2));
#4393=CARTESIAN_POINT('Ctrl Pts',(-0.609900011935496,1.12357584124169,0.2));
#4394=CARTESIAN_POINT('',(-0.649810718883604,1.04657649607803,0.));
#4395=CARTESIAN_POINT('Ctrl Pts',(-0.728691318048191,1.01875999394997,0.));
#4396=CARTESIAN_POINT('Ctrl Pts',(-0.728691318048191,1.01875999394997,0.2));
#4397=CARTESIAN_POINT('Ctrl Pts',(-0.713863263564996,1.01979182781775,0.));
#4398=CARTESIAN_POINT('Ctrl Pts',(-0.713863263564996,1.01979182781775,0.2));
#4399=CARTESIAN_POINT('Ctrl Pts',(-0.684968907684046,1.0218024877475,0.));
#4400=CARTESIAN_POINT('Ctrl Pts',(-0.684968907684046,1.0218024877475,0.2));
#4401=CARTESIAN_POINT('Ctrl Pts',(-0.661322313714611,1.03846491934523,0.));
#4402=CARTESIAN_POINT('Ctrl Pts',(-0.661322313714611,1.03846491934523,0.2));
#4403=CARTESIAN_POINT('Ctrl Pts',(-0.649810718883604,1.04657649607803,0.));
#4404=CARTESIAN_POINT('Ctrl Pts',(-0.649810718883604,1.04657649607803,0.2));
#4405=CARTESIAN_POINT('',(-0.728691318048191,1.01875999394997,0.));
#4406=CARTESIAN_POINT('Ctrl Pts',(-0.649810718883604,1.04657649607803,0.));
#4407=CARTESIAN_POINT('Ctrl Pts',(-0.661322313714611,1.03846491934523,0.));
#4408=CARTESIAN_POINT('Ctrl Pts',(-0.684968907684046,1.0218024877475,0.));
#4409=CARTESIAN_POINT('Ctrl Pts',(-0.713863263564996,1.01979182781775,0.));
#4410=CARTESIAN_POINT('Ctrl Pts',(-0.728691318048191,1.01875999394997,0.));
#4411=CARTESIAN_POINT('',(-0.728691318048191,1.01875999394997,0.2));
#4412=CARTESIAN_POINT('Ctrl Pts',(-0.728691318048191,1.01875999394997,0.2));
#4413=CARTESIAN_POINT('Ctrl Pts',(-0.713863263564996,1.01979182781775,0.2));
#4414=CARTESIAN_POINT('Ctrl Pts',(-0.684968907684046,1.0218024877475,0.2));
#4415=CARTESIAN_POINT('Ctrl Pts',(-0.661322313714611,1.03846491934523,0.2));
#4416=CARTESIAN_POINT('Ctrl Pts',(-0.649810718883604,1.04657649607803,0.2));
#4417=CARTESIAN_POINT('',(-0.728691318048191,1.01875999394997,0.));
#4418=CARTESIAN_POINT('Ctrl Pts',(-0.822891155710295,1.05705809019376,0.));
#4419=CARTESIAN_POINT('Ctrl Pts',(-0.822891155710295,1.05705809019376,0.2));
#4420=CARTESIAN_POINT('Ctrl Pts',(-0.809766615874365,1.04589102327632,0.));
#4421=CARTESIAN_POINT('Ctrl Pts',(-0.809766615874365,1.04589102327632,0.2));
#4422=CARTESIAN_POINT('Ctrl Pts',(-0.782643436894173,1.02281315856855,0.));
#4423=CARTESIAN_POINT('Ctrl Pts',(-0.782643436894173,1.02281315856855,0.2));
#4424=CARTESIAN_POINT('Ctrl Pts',(-0.747057632507039,1.02013976730328,0.));
#4425=CARTESIAN_POINT('Ctrl Pts',(-0.747057632507039,1.02013976730328,0.2));
#4426=CARTESIAN_POINT('Ctrl Pts',(-0.728691318048191,1.01875999394997,0.));
#4427=CARTESIAN_POINT('Ctrl Pts',(-0.728691318048191,1.01875999394997,0.2));
#4428=CARTESIAN_POINT('',(-0.822891155710295,1.05705809019376,0.));
#4429=CARTESIAN_POINT('Ctrl Pts',(-0.728691318048191,1.01875999394997,0.));
#4430=CARTESIAN_POINT('Ctrl Pts',(-0.747057632507039,1.02013976730328,0.));
#4431=CARTESIAN_POINT('Ctrl Pts',(-0.782643436894173,1.02281315856855,0.));
#4432=CARTESIAN_POINT('Ctrl Pts',(-0.809766615874365,1.04589102327632,0.));
#4433=CARTESIAN_POINT('Ctrl Pts',(-0.822891155710295,1.05705809019376,0.));
#4434=CARTESIAN_POINT('',(-0.822891155710295,1.05705809019376,0.2));
#4435=CARTESIAN_POINT('Ctrl Pts',(-0.822891155710295,1.05705809019376,0.2));
#4436=CARTESIAN_POINT('Ctrl Pts',(-0.809766615874365,1.04589102327632,0.2));
#4437=CARTESIAN_POINT('Ctrl Pts',(-0.782643436894173,1.02281315856855,0.2));
#4438=CARTESIAN_POINT('Ctrl Pts',(-0.747057632507039,1.02013976730328,0.2));
#4439=CARTESIAN_POINT('Ctrl Pts',(-0.728691318048191,1.01875999394997,0.2));
#4440=CARTESIAN_POINT('',(-0.822891155710295,1.05705809019376,0.));
#4441=CARTESIAN_POINT('Ctrl Pts',(-0.858501692601001,1.16684595044836,0.));
#4442=CARTESIAN_POINT('Ctrl Pts',(-0.858501692601001,1.16684595044836,0.2));
#4443=CARTESIAN_POINT('Ctrl Pts',(-0.857600482084267,1.14507375503889,0.));
#4444=CARTESIAN_POINT('Ctrl Pts',(-0.857600482084267,1.14507375503889,0.2));
#4445=CARTESIAN_POINT('Ctrl Pts',(-0.855940810100157,1.10497801482867,0.));
#4446=CARTESIAN_POINT('Ctrl Pts',(-0.855940810100157,1.10497801482867,0.2));
#4447=CARTESIAN_POINT('Ctrl Pts',(-0.833257369927877,1.07208845021496,0.));
#4448=CARTESIAN_POINT('Ctrl Pts',(-0.833257369927877,1.07208845021496,0.2));
#4449=CARTESIAN_POINT('Ctrl Pts',(-0.822891155710295,1.05705809019376,0.));
#4450=CARTESIAN_POINT('Ctrl Pts',(-0.822891155710295,1.05705809019376,0.2));
#4451=CARTESIAN_POINT('',(-0.858501692601001,1.16684595044836,0.));
#4452=CARTESIAN_POINT('Ctrl Pts',(-0.822891155710295,1.05705809019376,0.));
#4453=CARTESIAN_POINT('Ctrl Pts',(-0.833257369927877,1.07208845021496,0.));
#4454=CARTESIAN_POINT('Ctrl Pts',(-0.855940810100157,1.10497801482867,0.));
#4455=CARTESIAN_POINT('Ctrl Pts',(-0.857600482084267,1.14507375503889,0.));
#4456=CARTESIAN_POINT('Ctrl Pts',(-0.858501692601001,1.16684595044836,0.));
#4457=CARTESIAN_POINT('',(-0.858501692601001,1.16684595044836,0.2));
#4458=CARTESIAN_POINT('Ctrl Pts',(-0.858501692601001,1.16684595044836,0.2));
#4459=CARTESIAN_POINT('Ctrl Pts',(-0.857600482084267,1.14507375503889,0.2));
#4460=CARTESIAN_POINT('Ctrl Pts',(-0.855940810100157,1.10497801482867,0.2));
#4461=CARTESIAN_POINT('Ctrl Pts',(-0.833257369927877,1.07208845021496,0.2));
#4462=CARTESIAN_POINT('Ctrl Pts',(-0.822891155710295,1.05705809019376,0.2));
#4463=CARTESIAN_POINT('',(-0.858501692601001,1.16684595044836,0.));
#4464=CARTESIAN_POINT('Ctrl Pts',(-0.843182454103484,1.24774224259416,0.));
#4465=CARTESIAN_POINT('Ctrl Pts',(-0.843182454103484,1.24774224259416,0.2));
#4466=CARTESIAN_POINT('Ctrl Pts',(-0.847647395473854,1.23534637452969,0.));
#4467=CARTESIAN_POINT('Ctrl Pts',(-0.847647395473854,1.23534637452969,0.2));
#4468=CARTESIAN_POINT('Ctrl Pts',(-0.857058040847749,1.20921991310953,0.));
#4469=CARTESIAN_POINT('Ctrl Pts',(-0.857058040847749,1.20921991310953,0.2));
#4470=CARTESIAN_POINT('Ctrl Pts',(-0.858004360440292,1.18144360833959,0.));
#4471=CARTESIAN_POINT('Ctrl Pts',(-0.858004360440292,1.18144360833959,0.2));
#4472=CARTESIAN_POINT('Ctrl Pts',(-0.858501692601001,1.16684595044836,0.));
#4473=CARTESIAN_POINT('Ctrl Pts',(-0.858501692601001,1.16684595044836,0.2));
#4474=CARTESIAN_POINT('',(-0.843182454103484,1.24774224259416,0.));
#4475=CARTESIAN_POINT('Ctrl Pts',(-0.858501692601001,1.16684595044836,0.));
#4476=CARTESIAN_POINT('Ctrl Pts',(-0.858004360440292,1.18144360833959,0.));
#4477=CARTESIAN_POINT('Ctrl Pts',(-0.857058040847749,1.20921991310953,0.));
#4478=CARTESIAN_POINT('Ctrl Pts',(-0.847647395473854,1.23534637452969,0.));
#4479=CARTESIAN_POINT('Ctrl Pts',(-0.843182454103484,1.24774224259416,0.));
#4480=CARTESIAN_POINT('',(-0.843182454103484,1.24774224259416,0.2));
#4481=CARTESIAN_POINT('Ctrl Pts',(-0.843182454103484,1.24774224259416,0.2));
#4482=CARTESIAN_POINT('Ctrl Pts',(-0.847647395473854,1.23534637452969,0.2));
#4483=CARTESIAN_POINT('Ctrl Pts',(-0.857058040847749,1.20921991310953,0.2));
#4484=CARTESIAN_POINT('Ctrl Pts',(-0.858004360440292,1.18144360833959,0.2));
#4485=CARTESIAN_POINT('Ctrl Pts',(-0.858501692601001,1.16684595044836,0.2));
#4486=CARTESIAN_POINT('',(-0.843182454103484,1.24774224259416,0.));
#4487=CARTESIAN_POINT('Ctrl Pts',(-0.796552848772664,1.29974703703034,0.));
#4488=CARTESIAN_POINT('Ctrl Pts',(-0.796552848772664,1.29974703703034,0.2));
#4489=CARTESIAN_POINT('Ctrl Pts',(-0.806361489397358,1.29315909714052,0.));
#4490=CARTESIAN_POINT('Ctrl Pts',(-0.806361489397358,1.29315909714052,0.2));
#4491=CARTESIAN_POINT('Ctrl Pts',(-0.826288262061804,1.27977534851168,0.));
#4492=CARTESIAN_POINT('Ctrl Pts',(-0.826288262061804,1.27977534851168,0.2));
#4493=CARTESIAN_POINT('Ctrl Pts',(-0.837493047947412,1.25852993516659,0.));
#4494=CARTESIAN_POINT('Ctrl Pts',(-0.837493047947412,1.25852993516659,0.2));
#4495=CARTESIAN_POINT('Ctrl Pts',(-0.843182454103484,1.24774224259416,0.));
#4496=CARTESIAN_POINT('Ctrl Pts',(-0.843182454103484,1.24774224259416,0.2));
#4497=CARTESIAN_POINT('',(-0.796552848772664,1.29974703703034,0.));
#4498=CARTESIAN_POINT('Ctrl Pts',(-0.843182454103484,1.24774224259416,0.));
#4499=CARTESIAN_POINT('Ctrl Pts',(-0.837493047947412,1.25852993516659,0.));
#4500=CARTESIAN_POINT('Ctrl Pts',(-0.826288262061804,1.27977534851168,0.));
#4501=CARTESIAN_POINT('Ctrl Pts',(-0.806361489397358,1.29315909714052,0.));
#4502=CARTESIAN_POINT('Ctrl Pts',(-0.796552848772664,1.29974703703034,0.));
#4503=CARTESIAN_POINT('',(-0.796552848772664,1.29974703703034,0.2));
#4504=CARTESIAN_POINT('Ctrl Pts',(-0.796552848772664,1.29974703703034,0.2));
#4505=CARTESIAN_POINT('Ctrl Pts',(-0.806361489397358,1.29315909714052,0.2));
#4506=CARTESIAN_POINT('Ctrl Pts',(-0.826288262061804,1.27977534851168,0.2));
#4507=CARTESIAN_POINT('Ctrl Pts',(-0.837493047947412,1.25852993516659,0.2));
#4508=CARTESIAN_POINT('Ctrl Pts',(-0.843182454103484,1.24774224259416,0.2));
#4509=CARTESIAN_POINT('',(-0.796552848772664,1.29974703703034,0.));
#4510=CARTESIAN_POINT('Ctrl Pts',(-0.728422580885999,1.31708194504267,0.));
#4511=CARTESIAN_POINT('Ctrl Pts',(-0.728422580885999,1.31708194504267,0.2));
#4512=CARTESIAN_POINT('Ctrl Pts',(-0.740426831267938,1.31638142356777,0.));
#4513=CARTESIAN_POINT('Ctrl Pts',(-0.740426831267938,1.31638142356777,0.2));
#4514=CARTESIAN_POINT('Ctrl Pts',(-0.76425779263281,1.31499074112843,0.));
#4515=CARTESIAN_POINT('Ctrl Pts',(-0.76425779263281,1.31499074112843,0.2));
#4516=CARTESIAN_POINT('Ctrl Pts',(-0.785841429041781,1.30480297228374,0.));
#4517=CARTESIAN_POINT('Ctrl Pts',(-0.785841429041781,1.30480297228374,0.2));
#4518=CARTESIAN_POINT('Ctrl Pts',(-0.796552848772664,1.29974703703034,0.));
#4519=CARTESIAN_POINT('Ctrl Pts',(-0.796552848772664,1.29974703703034,0.2));
#4520=CARTESIAN_POINT('',(-0.728422580885999,1.31708194504267,0.));
#4521=CARTESIAN_POINT('Ctrl Pts',(-0.796552848772664,1.29974703703034,0.));
#4522=CARTESIAN_POINT('Ctrl Pts',(-0.785841429041781,1.30480297228374,0.));
#4523=CARTESIAN_POINT('Ctrl Pts',(-0.76425779263281,1.31499074112843,0.));
#4524=CARTESIAN_POINT('Ctrl Pts',(-0.740426831267938,1.31638142356777,0.));
#4525=CARTESIAN_POINT('Ctrl Pts',(-0.728422580885999,1.31708194504267,0.));
#4526=CARTESIAN_POINT('',(-0.728422580885999,1.31708194504267,0.2));
#4527=CARTESIAN_POINT('Ctrl Pts',(-0.728422580885999,1.31708194504267,0.2));
#4528=CARTESIAN_POINT('Ctrl Pts',(-0.740426831267938,1.31638142356777,0.2));
#4529=CARTESIAN_POINT('Ctrl Pts',(-0.76425779263281,1.31499074112843,0.2));
#4530=CARTESIAN_POINT('Ctrl Pts',(-0.785841429041781,1.30480297228374,0.2));
#4531=CARTESIAN_POINT('Ctrl Pts',(-0.796552848772664,1.29974703703034,0.2));
#4532=CARTESIAN_POINT('',(-0.728422580885999,1.31708194504267,0.));
#4533=CARTESIAN_POINT('Ctrl Pts',(-0.652363862722802,1.29356558950561,0.));
#4534=CARTESIAN_POINT('Ctrl Pts',(-0.652363862722802,1.29356558950561,0.2));
#4535=CARTESIAN_POINT('Ctrl Pts',(-0.663317793692815,1.3004186518532,0.));
#4536=CARTESIAN_POINT('Ctrl Pts',(-0.663317793692815,1.3004186518532,0.2));
#4537=CARTESIAN_POINT('Ctrl Pts',(-0.686532284171812,1.31494223713555,0.));
#4538=CARTESIAN_POINT('Ctrl Pts',(-0.686532284171812,1.31494223713555,0.2));
#4539=CARTESIAN_POINT('Ctrl Pts',(-0.713944842986058,1.31634243893525,0.));
#4540=CARTESIAN_POINT('Ctrl Pts',(-0.713944842986058,1.31634243893525,0.2));
#4541=CARTESIAN_POINT('Ctrl Pts',(-0.728422580885999,1.31708194504267,0.));
#4542=CARTESIAN_POINT('Ctrl Pts',(-0.728422580885999,1.31708194504267,0.2));
#4543=CARTESIAN_POINT('',(-0.652363862722802,1.29356558950561,0.));
#4544=CARTESIAN_POINT('Ctrl Pts',(-0.728422580885999,1.31708194504267,0.));
#4545=CARTESIAN_POINT('Ctrl Pts',(-0.713944842986058,1.31634243893525,0.));
#4546=CARTESIAN_POINT('Ctrl Pts',(-0.686532284171812,1.31494223713555,0.));
#4547=CARTESIAN_POINT('Ctrl Pts',(-0.663317793692815,1.3004186518532,0.));
#4548=CARTESIAN_POINT('Ctrl Pts',(-0.652363862722802,1.29356558950561,0.));
#4549=CARTESIAN_POINT('',(-0.652363862722802,1.29356558950561,0.2));
#4550=CARTESIAN_POINT('Ctrl Pts',(-0.652363862722802,1.29356558950561,0.2));
#4551=CARTESIAN_POINT('Ctrl Pts',(-0.663317793692815,1.3004186518532,0.2));
#4552=CARTESIAN_POINT('Ctrl Pts',(-0.686532284171812,1.31494223713555,0.2));
#4553=CARTESIAN_POINT('Ctrl Pts',(-0.713944842986058,1.31634243893525,0.2));
#4554=CARTESIAN_POINT('Ctrl Pts',(-0.728422580885999,1.31708194504267,0.2));
#4555=CARTESIAN_POINT('',(-0.652363862722802,1.29356558950561,0.));
#4556=CARTESIAN_POINT('Ctrl Pts',(-0.614469013020672,1.22677907782909,0.));
#4557=CARTESIAN_POINT('Ctrl Pts',(-0.614469013020672,1.22677907782909,0.2));
#4558=CARTESIAN_POINT('Ctrl Pts',(-0.617907758191102,1.24019626829889,0.));
#4559=CARTESIAN_POINT('Ctrl Pts',(-0.617907758191102,1.24019626829889,0.2));
#4560=CARTESIAN_POINT('Ctrl Pts',(-0.624506659960025,1.26594366089037,0.));
#4561=CARTESIAN_POINT('Ctrl Pts',(-0.624506659960025,1.26594366089037,0.2));
#4562=CARTESIAN_POINT('Ctrl Pts',(-0.643343205215487,1.28462111795003,0.));
#4563=CARTESIAN_POINT('Ctrl Pts',(-0.643343205215487,1.28462111795003,0.2));
#4564=CARTESIAN_POINT('Ctrl Pts',(-0.652363862722802,1.29356558950561,0.));
#4565=CARTESIAN_POINT('Ctrl Pts',(-0.652363862722802,1.29356558950561,0.2));
#4566=CARTESIAN_POINT('',(-0.614469013020672,1.22677907782909,0.));
#4567=CARTESIAN_POINT('Ctrl Pts',(-0.652363862722802,1.29356558950561,0.));
#4568=CARTESIAN_POINT('Ctrl Pts',(-0.643343205215487,1.28462111795003,0.));
#4569=CARTESIAN_POINT('Ctrl Pts',(-0.624506659960025,1.26594366089037,0.));
#4570=CARTESIAN_POINT('Ctrl Pts',(-0.617907758191102,1.24019626829889,0.));
#4571=CARTESIAN_POINT('Ctrl Pts',(-0.614469013020672,1.22677907782909,0.));
#4572=CARTESIAN_POINT('',(-0.614469013020672,1.22677907782909,0.2));
#4573=CARTESIAN_POINT('Ctrl Pts',(-0.614469013020672,1.22677907782909,0.2));
#4574=CARTESIAN_POINT('Ctrl Pts',(-0.617907758191102,1.24019626829889,0.2));
#4575=CARTESIAN_POINT('Ctrl Pts',(-0.624506659960025,1.26594366089037,0.2));
#4576=CARTESIAN_POINT('Ctrl Pts',(-0.643343205215487,1.28462111795003,0.2));
#4577=CARTESIAN_POINT('Ctrl Pts',(-0.652363862722802,1.29356558950561,0.2));
#4578=CARTESIAN_POINT('',(-0.614469013020672,1.22677907782909,0.));
#4579=CARTESIAN_POINT('Origin',(-0.661501677161989,1.21952261125641,0.));
#4580=CARTESIAN_POINT('',(-0.661501677161989,1.21952261125641,0.));
#4581=CARTESIAN_POINT('',(-0.614469013020672,1.22677907782909,0.));
#4582=CARTESIAN_POINT('',(-0.661501677161989,1.21952261125641,0.2));
#4583=CARTESIAN_POINT('',(-0.614469013020672,1.22677907782909,0.2));
#4584=CARTESIAN_POINT('',(-0.661501677161989,1.21952261125641,0.));
#4585=CARTESIAN_POINT('Ctrl Pts',(-0.685286840260422,1.26279272046309,0.));
#4586=CARTESIAN_POINT('Ctrl Pts',(-0.685286840260422,1.26279272046309,0.2));
#4587=CARTESIAN_POINT('Ctrl Pts',(-0.679962223576165,1.25704973113444,0.));
#4588=CARTESIAN_POINT('Ctrl Pts',(-0.679962223576165,1.25704973113444,0.2));
#4589=CARTESIAN_POINT('Ctrl Pts',(-0.668462039685184,1.24464593997355,0.));
#4590=CARTESIAN_POINT('Ctrl Pts',(-0.668462039685184,1.24464593997355,0.2));
#4591=CARTESIAN_POINT('Ctrl Pts',(-0.663933493852978,1.22830021873073,0.));
#4592=CARTESIAN_POINT('Ctrl Pts',(-0.663933493852978,1.22830021873073,0.2));
#4593=CARTESIAN_POINT('Ctrl Pts',(-0.661501677161989,1.21952261125641,0.));
#4594=CARTESIAN_POINT('Ctrl Pts',(-0.661501677161989,1.21952261125641,0.2));
#4595=CARTESIAN_POINT('',(-0.685286840260422,1.26279272046309,0.));
#4596=CARTESIAN_POINT('Ctrl Pts',(-0.661501677161989,1.21952261125641,0.));
#4597=CARTESIAN_POINT('Ctrl Pts',(-0.663933493852978,1.22830021873073,0.));
#4598=CARTESIAN_POINT('Ctrl Pts',(-0.668462039685184,1.24464593997355,0.));
#4599=CARTESIAN_POINT('Ctrl Pts',(-0.679962223576165,1.25704973113444,0.));
#4600=CARTESIAN_POINT('Ctrl Pts',(-0.685286840260422,1.26279272046309,0.));
#4601=CARTESIAN_POINT('',(-0.685286840260422,1.26279272046309,0.2));
#4602=CARTESIAN_POINT('Ctrl Pts',(-0.685286840260422,1.26279272046309,0.2));
#4603=CARTESIAN_POINT('Ctrl Pts',(-0.679962223576165,1.25704973113444,0.2));
#4604=CARTESIAN_POINT('Ctrl Pts',(-0.668462039685184,1.24464593997355,0.2));
#4605=CARTESIAN_POINT('Ctrl Pts',(-0.663933493852978,1.22830021873073,0.2));
#4606=CARTESIAN_POINT('Ctrl Pts',(-0.661501677161989,1.21952261125641,0.2));
#4607=CARTESIAN_POINT('',(-0.685286840260422,1.26279272046309,0.));
#4608=CARTESIAN_POINT('Ctrl Pts',(-0.72654123301949,1.27730570054124,0.));
#4609=CARTESIAN_POINT('Ctrl Pts',(-0.72654123301949,1.27730570054124,0.2));
#4610=CARTESIAN_POINT('Ctrl Pts',(-0.718837936271331,1.27675352663393,0.));
#4611=CARTESIAN_POINT('Ctrl Pts',(-0.718837936271331,1.27675352663393,0.2));
#4612=CARTESIAN_POINT('Ctrl Pts',(-0.703748787912615,1.27567193335256,0.));
#4613=CARTESIAN_POINT('Ctrl Pts',(-0.703748787912615,1.27567193335256,0.2));
#4614=CARTESIAN_POINT('Ctrl Pts',(-0.691353901705912,1.26702515451837,0.));
#4615=CARTESIAN_POINT('Ctrl Pts',(-0.691353901705912,1.26702515451837,0.2));
#4616=CARTESIAN_POINT('Ctrl Pts',(-0.685286840260422,1.26279272046309,0.));
#4617=CARTESIAN_POINT('Ctrl Pts',(-0.685286840260422,1.26279272046309,0.2));
#4618=CARTESIAN_POINT('',(-0.72654123301949,1.27730570054124,0.));
#4619=CARTESIAN_POINT('Ctrl Pts',(-0.685286840260422,1.26279272046309,0.));
#4620=CARTESIAN_POINT('Ctrl Pts',(-0.691353901705912,1.26702515451837,0.));
#4621=CARTESIAN_POINT('Ctrl Pts',(-0.703748787912615,1.27567193335256,0.));
#4622=CARTESIAN_POINT('Ctrl Pts',(-0.718837936271331,1.27675352663393,0.));
#4623=CARTESIAN_POINT('Ctrl Pts',(-0.72654123301949,1.27730570054124,0.));
#4624=CARTESIAN_POINT('',(-0.72654123301949,1.27730570054124,0.2));
#4625=CARTESIAN_POINT('Ctrl Pts',(-0.72654123301949,1.27730570054124,0.2));
#4626=CARTESIAN_POINT('Ctrl Pts',(-0.718837936271331,1.27675352663393,0.2));
#4627=CARTESIAN_POINT('Ctrl Pts',(-0.703748787912615,1.27567193335256,0.2));
#4628=CARTESIAN_POINT('Ctrl Pts',(-0.691353901705912,1.26702515451837,0.2));
#4629=CARTESIAN_POINT('Ctrl Pts',(-0.685286840260422,1.26279272046309,0.2));
#4630=CARTESIAN_POINT('',(-0.72654123301949,1.27730570054124,0.));
#4631=CARTESIAN_POINT('Ctrl Pts',(-0.785936933008629,1.25110173871831,0.));
#4632=CARTESIAN_POINT('Ctrl Pts',(-0.785936933008629,1.25110173871831,0.2));
#4633=CARTESIAN_POINT('Ctrl Pts',(-0.777665629735765,1.25874411288279,0.));
#4634=CARTESIAN_POINT('Ctrl Pts',(-0.777665629735765,1.25874411288279,0.2));
#4635=CARTESIAN_POINT('Ctrl Pts',(-0.760881674846559,1.27425185803391,0.));
#4636=CARTESIAN_POINT('Ctrl Pts',(-0.760881674846559,1.27425185803391,0.2));
#4637=CARTESIAN_POINT('Ctrl Pts',(-0.738097258036561,1.27627804106642,0.));
#4638=CARTESIAN_POINT('Ctrl Pts',(-0.738097258036561,1.27627804106642,0.2));
#4639=CARTESIAN_POINT('Ctrl Pts',(-0.72654123301949,1.27730570054124,0.));
#4640=CARTESIAN_POINT('Ctrl Pts',(-0.72654123301949,1.27730570054124,0.2));
#4641=CARTESIAN_POINT('',(-0.785936933008629,1.25110173871831,0.));
#4642=CARTESIAN_POINT('Ctrl Pts',(-0.72654123301949,1.27730570054124,0.));
#4643=CARTESIAN_POINT('Ctrl Pts',(-0.738097258036561,1.27627804106642,0.));
#4644=CARTESIAN_POINT('Ctrl Pts',(-0.760881674846559,1.27425185803391,0.));
#4645=CARTESIAN_POINT('Ctrl Pts',(-0.777665629735765,1.25874411288279,0.));
#4646=CARTESIAN_POINT('Ctrl Pts',(-0.785936933008629,1.25110173871831,0.));
#4647=CARTESIAN_POINT('',(-0.785936933008629,1.25110173871831,0.2));
#4648=CARTESIAN_POINT('Ctrl Pts',(-0.785936933008629,1.25110173871831,0.2));
#4649=CARTESIAN_POINT('Ctrl Pts',(-0.777665629735765,1.25874411288279,0.2));
#4650=CARTESIAN_POINT('Ctrl Pts',(-0.760881674846559,1.27425185803391,0.2));
#4651=CARTESIAN_POINT('Ctrl Pts',(-0.738097258036561,1.27627804106642,0.2));
#4652=CARTESIAN_POINT('Ctrl Pts',(-0.72654123301949,1.27730570054124,0.2));
#4653=CARTESIAN_POINT('',(-0.785936933008629,1.25110173871831,0.));
#4654=CARTESIAN_POINT('Ctrl Pts',(-0.808781375241016,1.1681897301249,0.));
#4655=CARTESIAN_POINT('Ctrl Pts',(-0.808781375241016,1.1681897301249,0.2));
#4656=CARTESIAN_POINT('Ctrl Pts',(-0.808444418964348,1.18502189723353,0.));
#4657=CARTESIAN_POINT('Ctrl Pts',(-0.808444418964348,1.18502189723353,0.2));
#4658=CARTESIAN_POINT('Ctrl Pts',(-0.807848871786449,1.2147716016123,0.));
#4659=CARTESIAN_POINT('Ctrl Pts',(-0.807848871786449,1.2147716016123,0.2));
#4660=CARTESIAN_POINT('Ctrl Pts',(-0.792570787808819,1.24010276428359,0.));
#4661=CARTESIAN_POINT('Ctrl Pts',(-0.792570787808819,1.24010276428359,0.2));
#4662=CARTESIAN_POINT('Ctrl Pts',(-0.785936933008629,1.25110173871831,0.));
#4663=CARTESIAN_POINT('Ctrl Pts',(-0.785936933008629,1.25110173871831,0.2));
#4664=CARTESIAN_POINT('',(-0.808781375241016,1.1681897301249,0.));
#4665=CARTESIAN_POINT('Ctrl Pts',(-0.785936933008629,1.25110173871831,0.));
#4666=CARTESIAN_POINT('Ctrl Pts',(-0.792570787808819,1.24010276428359,0.));
#4667=CARTESIAN_POINT('Ctrl Pts',(-0.807848871786449,1.2147716016123,0.));
#4668=CARTESIAN_POINT('Ctrl Pts',(-0.808444418964348,1.18502189723353,0.));
#4669=CARTESIAN_POINT('Ctrl Pts',(-0.808781375241016,1.1681897301249,0.));
#4670=CARTESIAN_POINT('',(-0.808781375241016,1.1681897301249,0.2));
#4671=CARTESIAN_POINT('Ctrl Pts',(-0.808781375241016,1.1681897301249,0.2));
#4672=CARTESIAN_POINT('Ctrl Pts',(-0.808444418964348,1.18502189723353,0.2));
#4673=CARTESIAN_POINT('Ctrl Pts',(-0.807848871786449,1.2147716016123,0.2));
#4674=CARTESIAN_POINT('Ctrl Pts',(-0.792570787808819,1.24010276428359,0.2));
#4675=CARTESIAN_POINT('Ctrl Pts',(-0.785936933008629,1.25110173871831,0.2));
#4676=CARTESIAN_POINT('',(-0.808781375241016,1.1681897301249,0.));
#4677=CARTESIAN_POINT('Ctrl Pts',(-0.786743144495205,1.08460585515963,0.));
#4678=CARTESIAN_POINT('Ctrl Pts',(-0.786743144495205,1.08460585515963,0.2));
#4679=CARTESIAN_POINT('Ctrl Pts',(-0.793139655903751,1.09565922725441,0.));
#4680=CARTESIAN_POINT('Ctrl Pts',(-0.793139655903751,1.09565922725441,0.2));
#4681=CARTESIAN_POINT('Ctrl Pts',(-0.808002922954121,1.12134341833276,0.));
#4682=CARTESIAN_POINT('Ctrl Pts',(-0.808002922954121,1.12134341833276,0.2));
#4683=CARTESIAN_POINT('Ctrl Pts',(-0.808498865216104,1.15118862044328,0.));
#4684=CARTESIAN_POINT('Ctrl Pts',(-0.808498865216104,1.15118862044328,0.2));
#4685=CARTESIAN_POINT('Ctrl Pts',(-0.808781375241016,1.1681897301249,0.));
#4686=CARTESIAN_POINT('Ctrl Pts',(-0.808781375241016,1.1681897301249,0.2));
#4687=CARTESIAN_POINT('',(-0.786743144495205,1.08460585515963,0.));
#4688=CARTESIAN_POINT('Ctrl Pts',(-0.808781375241016,1.1681897301249,0.));
#4689=CARTESIAN_POINT('Ctrl Pts',(-0.808498865216104,1.15118862044328,0.));
#4690=CARTESIAN_POINT('Ctrl Pts',(-0.808002922954121,1.12134341833276,0.));
#4691=CARTESIAN_POINT('Ctrl Pts',(-0.793139655903751,1.09565922725441,0.));
#4692=CARTESIAN_POINT('Ctrl Pts',(-0.786743144495205,1.08460585515963,0.));
#4693=CARTESIAN_POINT('',(-0.786743144495205,1.08460585515963,0.2));
#4694=CARTESIAN_POINT('Ctrl Pts',(-0.786743144495205,1.08460585515963,0.2));
#4695=CARTESIAN_POINT('Ctrl Pts',(-0.793139655903751,1.09565922725441,0.2));
#4696=CARTESIAN_POINT('Ctrl Pts',(-0.808002922954121,1.12134341833276,0.2));
#4697=CARTESIAN_POINT('Ctrl Pts',(-0.808498865216104,1.15118862044328,0.2));
#4698=CARTESIAN_POINT('Ctrl Pts',(-0.808781375241016,1.1681897301249,0.2));
#4699=CARTESIAN_POINT('',(-0.786743144495205,1.08460585515963,0.));
#4700=CARTESIAN_POINT('Ctrl Pts',(-0.729228886238158,1.0585362384514,0.));
#4701=CARTESIAN_POINT('Ctrl Pts',(-0.729228886238158,1.0585362384514,0.2));
#4702=CARTESIAN_POINT('Ctrl Pts',(-0.740452552734401,1.05957344969662,0.));
#4703=CARTESIAN_POINT('Ctrl Pts',(-0.740452552734401,1.05957344969662,0.2));
#4704=CARTESIAN_POINT('Ctrl Pts',(-0.762653514941666,1.06162510435545,0.));
#4705=CARTESIAN_POINT('Ctrl Pts',(-0.762653514941666,1.06162510435545,0.2));
#4706=CARTESIAN_POINT('Ctrl Pts',(-0.778772895188281,1.07700248738004,0.));
#4707=CARTESIAN_POINT('Ctrl Pts',(-0.778772895188281,1.07700248738004,0.2));
#4708=CARTESIAN_POINT('Ctrl Pts',(-0.786743144495205,1.08460585515963,0.));
#4709=CARTESIAN_POINT('Ctrl Pts',(-0.786743144495205,1.08460585515963,0.2));
#4710=CARTESIAN_POINT('',(-0.729228886238158,1.0585362384514,0.));
#4711=CARTESIAN_POINT('Ctrl Pts',(-0.786743144495205,1.08460585515963,0.));
#4712=CARTESIAN_POINT('Ctrl Pts',(-0.778772895188281,1.07700248738004,0.));
#4713=CARTESIAN_POINT('Ctrl Pts',(-0.762653514941666,1.06162510435545,0.));
#4714=CARTESIAN_POINT('Ctrl Pts',(-0.740452552734401,1.05957344969662,0.));
#4715=CARTESIAN_POINT('Ctrl Pts',(-0.729228886238158,1.0585362384514,0.));
#4716=CARTESIAN_POINT('',(-0.729228886238158,1.0585362384514,0.2));
#4717=CARTESIAN_POINT('Ctrl Pts',(-0.729228886238158,1.0585362384514,0.2));
#4718=CARTESIAN_POINT('Ctrl Pts',(-0.740452552734401,1.05957344969662,0.2));
#4719=CARTESIAN_POINT('Ctrl Pts',(-0.762653514941666,1.06162510435545,0.2));
#4720=CARTESIAN_POINT('Ctrl Pts',(-0.778772895188281,1.07700248738004,0.2));
#4721=CARTESIAN_POINT('Ctrl Pts',(-0.786743144495205,1.08460585515963,0.2));
#4722=CARTESIAN_POINT('',(-0.729228886238158,1.0585362384514,0.));
#4723=CARTESIAN_POINT('Ctrl Pts',(-0.681658560041292,1.07600556197761,0.));
#4724=CARTESIAN_POINT('Ctrl Pts',(-0.681658560041292,1.07600556197761,0.2));
#4725=CARTESIAN_POINT('Ctrl Pts',(-0.688531832619939,1.07091135368312,0.));
#4726=CARTESIAN_POINT('Ctrl Pts',(-0.688531832619939,1.07091135368312,0.2));
#4727=CARTESIAN_POINT('Ctrl Pts',(-0.702655527170141,1.06044340830437,0.));
#4728=CARTESIAN_POINT('Ctrl Pts',(-0.702655527170141,1.06044340830437,0.2));
#4729=CARTESIAN_POINT('Ctrl Pts',(-0.720214802954357,1.05918317916548,0.));
#4730=CARTESIAN_POINT('Ctrl Pts',(-0.720214802954357,1.05918317916548,0.2));
#4731=CARTESIAN_POINT('Ctrl Pts',(-0.729228886238158,1.0585362384514,0.));
#4732=CARTESIAN_POINT('Ctrl Pts',(-0.729228886238158,1.0585362384514,0.2));
#4733=CARTESIAN_POINT('',(-0.681658560041292,1.07600556197761,0.));
#4734=CARTESIAN_POINT('Ctrl Pts',(-0.729228886238158,1.0585362384514,0.));
#4735=CARTESIAN_POINT('Ctrl Pts',(-0.720214802954357,1.05918317916548,0.));
#4736=CARTESIAN_POINT('Ctrl Pts',(-0.702655527170141,1.06044340830437,0.));
#4737=CARTESIAN_POINT('Ctrl Pts',(-0.688531832619939,1.07091135368312,0.));
#4738=CARTESIAN_POINT('Ctrl Pts',(-0.681658560041292,1.07600556197761,0.));
#4739=CARTESIAN_POINT('',(-0.681658560041292,1.07600556197761,0.2));
#4740=CARTESIAN_POINT('Ctrl Pts',(-0.681658560041292,1.07600556197761,0.2));
#4741=CARTESIAN_POINT('Ctrl Pts',(-0.688531832619939,1.07091135368312,0.2));
#4742=CARTESIAN_POINT('Ctrl Pts',(-0.702655527170141,1.06044340830437,0.2));
#4743=CARTESIAN_POINT('Ctrl Pts',(-0.720214802954357,1.05918317916548,0.2));
#4744=CARTESIAN_POINT('Ctrl Pts',(-0.729228886238158,1.0585362384514,0.2));
#4745=CARTESIAN_POINT('',(-0.681658560041292,1.07600556197761,0.));
#4746=CARTESIAN_POINT('Ctrl Pts',(-0.657470338132362,1.12975726530002,0.));
#4747=CARTESIAN_POINT('Ctrl Pts',(-0.657470338132362,1.12975726530002,0.2));
#4748=CARTESIAN_POINT('Ctrl Pts',(-0.659405059386774,1.11879288682723,0.));
#4749=CARTESIAN_POINT('Ctrl Pts',(-0.659405059386774,1.11879288682723,0.2));
#4750=CARTESIAN_POINT('Ctrl Pts',(-0.662941957543214,1.09874871254709,0.));
#4751=CARTESIAN_POINT('Ctrl Pts',(-0.662941957543214,1.09874871254709,0.2));
#4752=CARTESIAN_POINT('Ctrl Pts',(-0.675823403351481,1.08309605007269,0.));
#4753=CARTESIAN_POINT('Ctrl Pts',(-0.675823403351481,1.08309605007269,0.2));
#4754=CARTESIAN_POINT('Ctrl Pts',(-0.681658560041292,1.07600556197761,0.));
#4755=CARTESIAN_POINT('Ctrl Pts',(-0.681658560041292,1.07600556197761,0.2));
#4756=CARTESIAN_POINT('Ctrl Pts',(-0.681658560041292,1.07600556197761,0.));
#4757=CARTESIAN_POINT('Ctrl Pts',(-0.675823403351481,1.08309605007269,0.));
#4758=CARTESIAN_POINT('Ctrl Pts',(-0.662941957543214,1.09874871254709,0.));
#4759=CARTESIAN_POINT('Ctrl Pts',(-0.659405059386774,1.11879288682723,0.));
#4760=CARTESIAN_POINT('Ctrl Pts',(-0.657470338132362,1.12975726530002,0.));
#4761=CARTESIAN_POINT('Ctrl Pts',(-0.657470338132362,1.12975726530002,0.2));
#4762=CARTESIAN_POINT('Ctrl Pts',(-0.659405059386774,1.11879288682723,0.2));
#4763=CARTESIAN_POINT('Ctrl Pts',(-0.662941957543214,1.09874871254709,0.2));
#4764=CARTESIAN_POINT('Ctrl Pts',(-0.675823403351481,1.08309605007269,0.2));
#4765=CARTESIAN_POINT('Ctrl Pts',(-0.681658560041292,1.07600556197761,0.2));
#4766=CARTESIAN_POINT('Origin',(-0.151397996323239,1.21898508999924,0.2));
#4767=CARTESIAN_POINT('Origin',(-0.151397996323239,1.21898508999924,0.));
#4768=CARTESIAN_POINT('Origin',(1.17519414410449,1.31063176035575,0.));
#4769=CARTESIAN_POINT('',(1.17519414410449,1.02521020210328,0.));
#4770=CARTESIAN_POINT('',(1.17519414410449,1.31063176035575,0.));
#4771=CARTESIAN_POINT('',(1.17519414410449,1.02521020210328,0.));
#4772=CARTESIAN_POINT('',(1.17519414410449,1.02521020210328,0.2));
#4773=CARTESIAN_POINT('',(1.17519414410449,1.02521020210328,0.));
#4774=CARTESIAN_POINT('',(1.17519414410449,1.31063176035575,0.2));
#4775=CARTESIAN_POINT('',(1.17519414410449,1.02521020210328,0.2));
#4776=CARTESIAN_POINT('',(1.17519414410449,1.31063176035575,0.));
#4777=CARTESIAN_POINT('Origin',(1.21873294354056,1.31063176035575,0.));
#4778=CARTESIAN_POINT('',(1.21873294354056,1.31063176035575,0.));
#4779=CARTESIAN_POINT('',(1.17519414410449,1.31063176035575,0.));
#4780=CARTESIAN_POINT('',(1.21873294354056,1.31063176035575,0.2));
#4781=CARTESIAN_POINT('',(1.17519414410449,1.31063176035575,0.2));
#4782=CARTESIAN_POINT('',(1.21873294354056,1.31063176035575,0.));
#4783=CARTESIAN_POINT('Origin',(1.21873294354056,1.26736162768268,0.));
#4784=CARTESIAN_POINT('',(1.21873294354056,1.26736162768268,0.));
#4785=CARTESIAN_POINT('',(1.21873294354056,1.31063176035575,0.));
#4786=CARTESIAN_POINT('',(1.21873294354056,1.26736162768268,0.2));
#4787=CARTESIAN_POINT('',(1.21873294354056,1.31063176035575,0.2));
#4788=CARTESIAN_POINT('',(1.21873294354056,1.26736162768268,0.));
#4789=CARTESIAN_POINT('Ctrl Pts',(1.24950583604948,1.30740665627909,0.));
#4790=CARTESIAN_POINT('Ctrl Pts',(1.24950583604948,1.30740665627909,0.2));
#4791=CARTESIAN_POINT('Ctrl Pts',(1.24434825758577,1.30265003318227,0.));
#4792=CARTESIAN_POINT('Ctrl Pts',(1.24434825758577,1.30265003318227,0.2));
#4793=CARTESIAN_POINT('Ctrl Pts',(1.23183194520046,1.29110675158258,0.));
#4794=CARTESIAN_POINT('Ctrl Pts',(1.23183194520046,1.29110675158258,0.2));
#4795=CARTESIAN_POINT('Ctrl Pts',(1.22358284760445,1.2761532574488,0.));
#4796=CARTESIAN_POINT('Ctrl Pts',(1.22358284760445,1.2761532574488,0.2));
#4797=CARTESIAN_POINT('Ctrl Pts',(1.21873294354056,1.26736162768268,0.));
#4798=CARTESIAN_POINT('Ctrl Pts',(1.21873294354056,1.26736162768268,0.2));
#4799=CARTESIAN_POINT('',(1.24950583604948,1.30740665627909,0.));
#4800=CARTESIAN_POINT('Ctrl Pts',(1.21873294354056,1.26736162768268,0.));
#4801=CARTESIAN_POINT('Ctrl Pts',(1.22358284760445,1.2761532574488,0.));
#4802=CARTESIAN_POINT('Ctrl Pts',(1.23183194520046,1.29110675158258,0.));
#4803=CARTESIAN_POINT('Ctrl Pts',(1.24434825758577,1.30265003318227,0.));
#4804=CARTESIAN_POINT('Ctrl Pts',(1.24950583604948,1.30740665627909,0.));
#4805=CARTESIAN_POINT('',(1.24950583604948,1.30740665627909,0.2));
#4806=CARTESIAN_POINT('Ctrl Pts',(1.24950583604948,1.30740665627909,0.2));
#4807=CARTESIAN_POINT('Ctrl Pts',(1.24434825758577,1.30265003318227,0.2));
#4808=CARTESIAN_POINT('Ctrl Pts',(1.23183194520046,1.29110675158258,0.2));
#4809=CARTESIAN_POINT('Ctrl Pts',(1.22358284760445,1.2761532574488,0.2));
#4810=CARTESIAN_POINT('Ctrl Pts',(1.21873294354056,1.26736162768268,0.2));
#4811=CARTESIAN_POINT('',(1.24950583604948,1.30740665627909,0.));
#4812=CARTESIAN_POINT('Ctrl Pts',(1.28054755958617,1.31708194504267,0.));
#4813=CARTESIAN_POINT('Ctrl Pts',(1.28054755958617,1.31708194504267,0.2));
#4814=CARTESIAN_POINT('Ctrl Pts',(1.27501470005721,1.31667434888315,0.));
#4815=CARTESIAN_POINT('Ctrl Pts',(1.27501470005721,1.31667434888315,0.2));
#4816=CARTESIAN_POINT('Ctrl Pts',(1.26391816812843,1.3158568866334,0.));
#4817=CARTESIAN_POINT('Ctrl Pts',(1.26391816812843,1.3158568866334,0.2));
#4818=CARTESIAN_POINT('Ctrl Pts',(1.25431883189414,1.31022860926761,0.));
#4819=CARTESIAN_POINT('Ctrl Pts',(1.25431883189414,1.31022860926761,0.2));
#4820=CARTESIAN_POINT('Ctrl Pts',(1.24950583604948,1.30740665627909,0.));
#4821=CARTESIAN_POINT('Ctrl Pts',(1.24950583604948,1.30740665627909,0.2));
#4822=CARTESIAN_POINT('',(1.28054755958617,1.31708194504267,0.));
#4823=CARTESIAN_POINT('Ctrl Pts',(1.24950583604948,1.30740665627909,0.));
#4824=CARTESIAN_POINT('Ctrl Pts',(1.25431883189414,1.31022860926761,0.));
#4825=CARTESIAN_POINT('Ctrl Pts',(1.26391816812843,1.3158568866334,0.));
#4826=CARTESIAN_POINT('Ctrl Pts',(1.27501470005721,1.31667434888315,0.));
#4827=CARTESIAN_POINT('Ctrl Pts',(1.28054755958617,1.31708194504267,0.));
#4828=CARTESIAN_POINT('',(1.28054755958617,1.31708194504267,0.2));
#4829=CARTESIAN_POINT('Ctrl Pts',(1.28054755958617,1.31708194504267,0.2));
#4830=CARTESIAN_POINT('Ctrl Pts',(1.27501470005721,1.31667434888315,0.2));
#4831=CARTESIAN_POINT('Ctrl Pts',(1.26391816812843,1.3158568866334,0.2));
#4832=CARTESIAN_POINT('Ctrl Pts',(1.25431883189414,1.31022860926761,0.2));
#4833=CARTESIAN_POINT('Ctrl Pts',(1.24950583604948,1.30740665627909,0.2));
#4834=CARTESIAN_POINT('',(1.28054755958617,1.31708194504267,0.));
#4835=CARTESIAN_POINT('Ctrl Pts',(1.33026778308057,1.30149396938296,0.));
#4836=CARTESIAN_POINT('Ctrl Pts',(1.33026778308057,1.30149396938296,0.2));
#4837=CARTESIAN_POINT('Ctrl Pts',(1.32211128235491,1.30603688463136,0.));
#4838=CARTESIAN_POINT('Ctrl Pts',(1.32211128235491,1.30603688463136,0.2));
#4839=CARTESIAN_POINT('Ctrl Pts',(1.30659166107867,1.31468082723821,0.));
#4840=CARTESIAN_POINT('Ctrl Pts',(1.30659166107867,1.31468082723821,0.2));
#4841=CARTESIAN_POINT('Ctrl Pts',(1.28892793027654,1.31630932260152,0.));
#4842=CARTESIAN_POINT('Ctrl Pts',(1.28892793027654,1.31630932260152,0.2));
#4843=CARTESIAN_POINT('Ctrl Pts',(1.28054755958617,1.31708194504267,0.));
#4844=CARTESIAN_POINT('Ctrl Pts',(1.28054755958617,1.31708194504267,0.2));
#4845=CARTESIAN_POINT('',(1.33026778308057,1.30149396938296,0.));
#4846=CARTESIAN_POINT('Ctrl Pts',(1.28054755958617,1.31708194504267,0.));
#4847=CARTESIAN_POINT('Ctrl Pts',(1.28892793027654,1.31630932260152,0.));
#4848=CARTESIAN_POINT('Ctrl Pts',(1.30659166107867,1.31468082723821,0.));
#4849=CARTESIAN_POINT('Ctrl Pts',(1.32211128235491,1.30603688463136,0.));
#4850=CARTESIAN_POINT('Ctrl Pts',(1.33026778308057,1.30149396938296,0.));
#4851=CARTESIAN_POINT('',(1.33026778308057,1.30149396938296,0.2));
#4852=CARTESIAN_POINT('Ctrl Pts',(1.33026778308057,1.30149396938296,0.2));
#4853=CARTESIAN_POINT('Ctrl Pts',(1.32211128235491,1.30603688463136,0.2));
#4854=CARTESIAN_POINT('Ctrl Pts',(1.30659166107867,1.31468082723821,0.2));
#4855=CARTESIAN_POINT('Ctrl Pts',(1.28892793027654,1.31630932260152,0.2));
#4856=CARTESIAN_POINT('Ctrl Pts',(1.28054755958617,1.31708194504267,0.2));
#4857=CARTESIAN_POINT('',(1.33026778308057,1.30149396938296,0.));
#4858=CARTESIAN_POINT('Origin',(1.31360476490652,1.25661129640476,0.));
#4859=CARTESIAN_POINT('',(1.31360476490652,1.25661129640476,0.));
#4860=CARTESIAN_POINT('',(1.33026778308057,1.30149396938296,0.));
#4861=CARTESIAN_POINT('',(1.31360476490652,1.25661129640476,0.2));
#4862=CARTESIAN_POINT('',(1.33026778308057,1.30149396938296,0.2));
#4863=CARTESIAN_POINT('',(1.31360476490652,1.25661129640476,0.));
#4864=CARTESIAN_POINT('Ctrl Pts',(1.2781286435297,1.26709286705409,0.));
#4865=CARTESIAN_POINT('Ctrl Pts',(1.2781286435297,1.26709286705409,0.2));
#4866=CARTESIAN_POINT('Ctrl Pts',(1.28414904766501,1.26659120297864,0.));
#4867=CARTESIAN_POINT('Ctrl Pts',(1.28414904766501,1.26659120297864,0.2));
#4868=CARTESIAN_POINT('Ctrl Pts',(1.29668383748256,1.26554671267474,0.));
#4869=CARTESIAN_POINT('Ctrl Pts',(1.29668383748256,1.26554671267474,0.2));
#4870=CARTESIAN_POINT('Ctrl Pts',(1.30781819176365,1.25966700597154,0.));
#4871=CARTESIAN_POINT('Ctrl Pts',(1.30781819176365,1.25966700597154,0.2));
#4872=CARTESIAN_POINT('Ctrl Pts',(1.31360476490652,1.25661129640476,0.));
#4873=CARTESIAN_POINT('Ctrl Pts',(1.31360476490652,1.25661129640476,0.2));
#4874=CARTESIAN_POINT('',(1.2781286435297,1.26709286705409,0.));
#4875=CARTESIAN_POINT('Ctrl Pts',(1.31360476490652,1.25661129640476,0.));
#4876=CARTESIAN_POINT('Ctrl Pts',(1.30781819176365,1.25966700597154,0.));
#4877=CARTESIAN_POINT('Ctrl Pts',(1.29668383748256,1.26554671267474,0.));
#4878=CARTESIAN_POINT('Ctrl Pts',(1.28414904766501,1.26659120297864,0.));
#4879=CARTESIAN_POINT('Ctrl Pts',(1.2781286435297,1.26709286705409,0.));
#4880=CARTESIAN_POINT('',(1.2781286435297,1.26709286705409,0.2));
#4881=CARTESIAN_POINT('Ctrl Pts',(1.2781286435297,1.26709286705409,0.2));
#4882=CARTESIAN_POINT('Ctrl Pts',(1.28414904766501,1.26659120297864,0.2));
#4883=CARTESIAN_POINT('Ctrl Pts',(1.29668383748256,1.26554671267474,0.2));
#4884=CARTESIAN_POINT('Ctrl Pts',(1.30781819176365,1.25966700597154,0.2));
#4885=CARTESIAN_POINT('Ctrl Pts',(1.31360476490652,1.25661129640476,0.2));
#4886=CARTESIAN_POINT('',(1.2781286435297,1.26709286705409,0.));
#4887=CARTESIAN_POINT('Ctrl Pts',(1.24964025156337,1.25755194687162,0.));
#4888=CARTESIAN_POINT('Ctrl Pts',(1.24964025156337,1.25755194687162,0.2));
#4889=CARTESIAN_POINT('Ctrl Pts',(1.25398634559905,1.26033470922142,0.));
#4890=CARTESIAN_POINT('Ctrl Pts',(1.25398634559905,1.26033470922142,0.2));
#4891=CARTESIAN_POINT('Ctrl Pts',(1.26268257901445,1.26590282411605,0.));
#4892=CARTESIAN_POINT('Ctrl Pts',(1.26268257901445,1.26590282411605,0.2));
#4893=CARTESIAN_POINT('Ctrl Pts',(1.27297835888241,1.26669606307419,0.));
#4894=CARTESIAN_POINT('Ctrl Pts',(1.27297835888241,1.26669606307419,0.2));
#4895=CARTESIAN_POINT('Ctrl Pts',(1.2781286435297,1.26709286705409,0.));
#4896=CARTESIAN_POINT('Ctrl Pts',(1.2781286435297,1.26709286705409,0.2));
#4897=CARTESIAN_POINT('',(1.24964025156337,1.25755194687162,0.));
#4898=CARTESIAN_POINT('Ctrl Pts',(1.2781286435297,1.26709286705409,0.));
#4899=CARTESIAN_POINT('Ctrl Pts',(1.27297835888241,1.26669606307419,0.));
#4900=CARTESIAN_POINT('Ctrl Pts',(1.26268257901445,1.26590282411605,0.));
#4901=CARTESIAN_POINT('Ctrl Pts',(1.25398634559905,1.26033470922142,0.));
#4902=CARTESIAN_POINT('Ctrl Pts',(1.24964025156337,1.25755194687162,0.));
#4903=CARTESIAN_POINT('',(1.24964025156337,1.25755194687162,0.2));
#4904=CARTESIAN_POINT('Ctrl Pts',(1.24964025156337,1.25755194687162,0.2));
#4905=CARTESIAN_POINT('Ctrl Pts',(1.25398634559905,1.26033470922142,0.2));
#4906=CARTESIAN_POINT('Ctrl Pts',(1.26268257901445,1.26590282411605,0.2));
#4907=CARTESIAN_POINT('Ctrl Pts',(1.27297835888241,1.26669606307419,0.2));
#4908=CARTESIAN_POINT('Ctrl Pts',(1.2781286435297,1.26709286705409,0.2));
#4909=CARTESIAN_POINT('',(1.24964025156337,1.25755194687162,0.));
#4910=CARTESIAN_POINT('Ctrl Pts',(1.23163345371276,1.2310792244201,0.));
#4911=CARTESIAN_POINT('Ctrl Pts',(1.23163345371276,1.2310792244201,0.2));
#4912=CARTESIAN_POINT('Ctrl Pts',(1.23365890008003,1.23636228306341,0.));
#4913=CARTESIAN_POINT('Ctrl Pts',(1.23365890008003,1.23636228306341,0.2));
#4914=CARTESIAN_POINT('Ctrl Pts',(1.23758827653506,1.24661144422561,0.));
#4915=CARTESIAN_POINT('Ctrl Pts',(1.23758827653506,1.24661144422561,0.2));
#4916=CARTESIAN_POINT('Ctrl Pts',(1.24570661329063,1.25398108152961,0.));
#4917=CARTESIAN_POINT('Ctrl Pts',(1.24570661329063,1.25398108152961,0.2));
#4918=CARTESIAN_POINT('Ctrl Pts',(1.24964025156337,1.25755194687162,0.));
#4919=CARTESIAN_POINT('Ctrl Pts',(1.24964025156337,1.25755194687162,0.2));
#4920=CARTESIAN_POINT('',(1.23163345371276,1.2310792244201,0.));
#4921=CARTESIAN_POINT('Ctrl Pts',(1.24964025156337,1.25755194687162,0.));
#4922=CARTESIAN_POINT('Ctrl Pts',(1.24570661329063,1.25398108152961,0.));
#4923=CARTESIAN_POINT('Ctrl Pts',(1.23758827653506,1.24661144422561,0.));
#4924=CARTESIAN_POINT('Ctrl Pts',(1.23365890008003,1.23636228306341,0.));
#4925=CARTESIAN_POINT('Ctrl Pts',(1.23163345371276,1.2310792244201,0.));
#4926=CARTESIAN_POINT('',(1.23163345371276,1.2310792244201,0.2));
#4927=CARTESIAN_POINT('Ctrl Pts',(1.23163345371276,1.2310792244201,0.2));
#4928=CARTESIAN_POINT('Ctrl Pts',(1.23365890008003,1.23636228306341,0.2));
#4929=CARTESIAN_POINT('Ctrl Pts',(1.23758827653506,1.24661144422561,0.2));
#4930=CARTESIAN_POINT('Ctrl Pts',(1.24570661329063,1.25398108152961,0.2));
#4931=CARTESIAN_POINT('Ctrl Pts',(1.24964025156337,1.25755194687162,0.2));
#4932=CARTESIAN_POINT('',(1.23163345371276,1.2310792244201,0.));
#4933=CARTESIAN_POINT('Ctrl Pts',(1.22357058792234,1.17463993827822,0.));
#4934=CARTESIAN_POINT('Ctrl Pts',(1.22357058792234,1.17463993827822,0.2));
#4935=CARTESIAN_POINT('Ctrl Pts',(1.22386174926259,1.18450496719213,0.));
#4936=CARTESIAN_POINT('Ctrl Pts',(1.22386174926259,1.18450496719213,0.2));
#4937=CARTESIAN_POINT('Ctrl Pts',(1.22442611561412,1.20362663482524,0.));
#4938=CARTESIAN_POINT('Ctrl Pts',(1.22442611561412,1.20362663482524,0.2));
#4939=CARTESIAN_POINT('Ctrl Pts',(1.22928251267781,1.22212454260678,0.));
#4940=CARTESIAN_POINT('Ctrl Pts',(1.22928251267781,1.22212454260678,0.2));
#4941=CARTESIAN_POINT('Ctrl Pts',(1.23163345371276,1.2310792244201,0.));
#4942=CARTESIAN_POINT('Ctrl Pts',(1.23163345371276,1.2310792244201,0.2));
#4943=CARTESIAN_POINT('',(1.22357058792234,1.17463993827822,0.));
#4944=CARTESIAN_POINT('Ctrl Pts',(1.23163345371276,1.2310792244201,0.));
#4945=CARTESIAN_POINT('Ctrl Pts',(1.22928251267781,1.22212454260678,0.));
#4946=CARTESIAN_POINT('Ctrl Pts',(1.22442611561412,1.20362663482524,0.));
#4947=CARTESIAN_POINT('Ctrl Pts',(1.22386174926259,1.18450496719213,0.));
#4948=CARTESIAN_POINT('Ctrl Pts',(1.22357058792234,1.17463993827822,0.));
#4949=CARTESIAN_POINT('',(1.22357058792234,1.17463993827822,0.2));
#4950=CARTESIAN_POINT('Ctrl Pts',(1.22357058792234,1.17463993827822,0.2));
#4951=CARTESIAN_POINT('Ctrl Pts',(1.22386174926259,1.18450496719213,0.2));
#4952=CARTESIAN_POINT('Ctrl Pts',(1.22442611561412,1.20362663482524,0.2));
#4953=CARTESIAN_POINT('Ctrl Pts',(1.22928251267781,1.22212454260678,0.2));
#4954=CARTESIAN_POINT('Ctrl Pts',(1.23163345371276,1.2310792244201,0.2));
#4955=CARTESIAN_POINT('',(1.22357058792234,1.17463993827822,0.));
#4956=CARTESIAN_POINT('Origin',(1.22357058792234,1.02521020210328,0.));
#4957=CARTESIAN_POINT('',(1.22357058792234,1.02521020210328,0.));
#4958=CARTESIAN_POINT('',(1.22357058792234,1.17463993827822,0.));
#4959=CARTESIAN_POINT('',(1.22357058792234,1.02521020210328,0.2));
#4960=CARTESIAN_POINT('',(1.22357058792234,1.17463993827822,0.2));
#4961=CARTESIAN_POINT('',(1.22357058792234,1.02521020210328,0.));
#4962=CARTESIAN_POINT('Origin',(1.17519414410449,1.02521020210328,0.));
#4963=CARTESIAN_POINT('',(1.22357058792234,1.02521020210328,0.));
#4964=CARTESIAN_POINT('',(1.22357058792234,1.02521020210328,0.2));
#4965=CARTESIAN_POINT('Origin',(-0.151397996323239,1.21898508999924,0.2));
#4966=CARTESIAN_POINT('Origin',(-0.151397996323239,1.21898508999924,0.));
#4967=CARTESIAN_POINT('Ctrl Pts',(0.190731541233814,1.08581526625507,0.));
#4968=CARTESIAN_POINT('Ctrl Pts',(0.190731541233814,1.08581526625507,0.2));
#4969=CARTESIAN_POINT('Ctrl Pts',(0.183777467494222,1.09689849600614,0.));
#4970=CARTESIAN_POINT('Ctrl Pts',(0.183777467494222,1.09689849600614,0.2));
#4971=CARTESIAN_POINT('Ctrl Pts',(0.168117370257234,1.12185716945441,0.));
#4972=CARTESIAN_POINT('Ctrl Pts',(0.168117370257234,1.12185716945441,0.2));
#4973=CARTESIAN_POINT('Ctrl Pts',(0.167278505883043,1.15146235756068,0.));
#4974=CARTESIAN_POINT('Ctrl Pts',(0.167278505883043,1.15146235756068,0.2));
#4975=CARTESIAN_POINT('Ctrl Pts',(0.166812150352659,1.16792096949632,0.));
#4976=CARTESIAN_POINT('Ctrl Pts',(0.166812150352659,1.16792096949632,0.2));
#4977=CARTESIAN_POINT('',(0.166812150352659,1.16792096949632,0.));
#4978=CARTESIAN_POINT('',(0.190731541233814,1.08581526625507,0.));
#4979=CARTESIAN_POINT('Ctrl Pts',(0.166812150352659,1.16792096949632,0.));
#4980=CARTESIAN_POINT('Ctrl Pts',(0.167278505883043,1.15146235756068,0.));
#4981=CARTESIAN_POINT('Ctrl Pts',(0.168117370257234,1.12185716945441,0.));
#4982=CARTESIAN_POINT('Ctrl Pts',(0.183777467494222,1.09689849600614,0.));
#4983=CARTESIAN_POINT('Ctrl Pts',(0.190731541233814,1.08581526625507,0.));
#4984=CARTESIAN_POINT('',(0.166812150352659,1.16792096949632,0.2));
#4985=CARTESIAN_POINT('',(0.166812150352659,1.16792096949632,0.));
#4986=CARTESIAN_POINT('',(0.190731541233814,1.08581526625507,0.2));
#4987=CARTESIAN_POINT('Ctrl Pts',(0.190731541233814,1.08581526625507,0.2));
#4988=CARTESIAN_POINT('Ctrl Pts',(0.183777467494222,1.09689849600614,0.2));
#4989=CARTESIAN_POINT('Ctrl Pts',(0.168117370257234,1.12185716945441,0.2));
#4990=CARTESIAN_POINT('Ctrl Pts',(0.167278505883043,1.15146235756068,0.2));
#4991=CARTESIAN_POINT('Ctrl Pts',(0.166812150352659,1.16792096949632,0.2));
#4992=CARTESIAN_POINT('',(0.190731541233814,1.08581526625507,0.));
#4993=CARTESIAN_POINT('Ctrl Pts',(0.250933546575111,1.0585362384514,0.));
#4994=CARTESIAN_POINT('Ctrl Pts',(0.250933546575111,1.0585362384514,0.2));
#4995=CARTESIAN_POINT('Ctrl Pts',(0.239354613464074,1.05967281496969,0.));
#4996=CARTESIAN_POINT('Ctrl Pts',(0.239354613464074,1.05967281496969,0.2));
#4997=CARTESIAN_POINT('Ctrl Pts',(0.216197000080083,1.06194594318795,0.));
#4998=CARTESIAN_POINT('Ctrl Pts',(0.216197000080083,1.06194594318795,0.2));
#4999=CARTESIAN_POINT('Ctrl Pts',(0.199219965730019,1.07785888314594,0.));
#5000=CARTESIAN_POINT('Ctrl Pts',(0.199219965730019,1.07785888314594,0.2));
#5001=CARTESIAN_POINT('Ctrl Pts',(0.190731541233814,1.08581526625507,0.));
#5002=CARTESIAN_POINT('Ctrl Pts',(0.190731541233814,1.08581526625507,0.2));
#5003=CARTESIAN_POINT('',(0.250933546575111,1.0585362384514,0.));
#5004=CARTESIAN_POINT('Ctrl Pts',(0.190731541233814,1.08581526625507,0.));
#5005=CARTESIAN_POINT('Ctrl Pts',(0.199219965730019,1.07785888314594,0.));
#5006=CARTESIAN_POINT('Ctrl Pts',(0.216197000080083,1.06194594318795,0.));
#5007=CARTESIAN_POINT('Ctrl Pts',(0.239354613464074,1.05967281496969,0.));
#5008=CARTESIAN_POINT('Ctrl Pts',(0.250933546575111,1.0585362384514,0.));
#5009=CARTESIAN_POINT('',(0.250933546575111,1.0585362384514,0.2));
#5010=CARTESIAN_POINT('Ctrl Pts',(0.250933546575111,1.0585362384514,0.2));
#5011=CARTESIAN_POINT('Ctrl Pts',(0.239354613464074,1.05967281496969,0.2));
#5012=CARTESIAN_POINT('Ctrl Pts',(0.216197000080083,1.06194594318795,0.2));
#5013=CARTESIAN_POINT('Ctrl Pts',(0.199219965730019,1.07785888314594,0.2));
#5014=CARTESIAN_POINT('Ctrl Pts',(0.190731541233814,1.08581526625507,0.2));
#5015=CARTESIAN_POINT('',(0.250933546575111,1.0585362384514,0.));
#5016=CARTESIAN_POINT('Ctrl Pts',(0.310866720888634,1.08594963483617,0.));
#5017=CARTESIAN_POINT('Ctrl Pts',(0.310866720888634,1.08594963483617,0.2));
#5018=CARTESIAN_POINT('Ctrl Pts',(0.302407188436709,1.07795408631305,0.));
#5019=CARTESIAN_POINT('Ctrl Pts',(0.302407188436709,1.07795408631305,0.2));
#5020=CARTESIAN_POINT('Ctrl Pts',(0.285537394921472,1.06200955824455,0.));
#5021=CARTESIAN_POINT('Ctrl Pts',(0.285537394921472,1.06200955824455,0.2));
#5022=CARTESIAN_POINT('Ctrl Pts',(0.262445681467222,1.05969175518994,0.));
#5023=CARTESIAN_POINT('Ctrl Pts',(0.262445681467222,1.05969175518994,0.2));
#5024=CARTESIAN_POINT('Ctrl Pts',(0.250933546575111,1.0585362384514,0.));
#5025=CARTESIAN_POINT('Ctrl Pts',(0.250933546575111,1.0585362384514,0.2));
#5026=CARTESIAN_POINT('',(0.310866720888634,1.08594963483617,0.));
#5027=CARTESIAN_POINT('Ctrl Pts',(0.250933546575111,1.0585362384514,0.));
#5028=CARTESIAN_POINT('Ctrl Pts',(0.262445681467222,1.05969175518994,0.));
#5029=CARTESIAN_POINT('Ctrl Pts',(0.285537394921472,1.06200955824455,0.));
#5030=CARTESIAN_POINT('Ctrl Pts',(0.302407188436709,1.07795408631305,0.));
#5031=CARTESIAN_POINT('Ctrl Pts',(0.310866720888634,1.08594963483617,0.));
#5032=CARTESIAN_POINT('',(0.310866720888634,1.08594963483617,0.2));
#5033=CARTESIAN_POINT('Ctrl Pts',(0.310866720888634,1.08594963483617,0.2));
#5034=CARTESIAN_POINT('Ctrl Pts',(0.302407188436709,1.07795408631305,0.2));
#5035=CARTESIAN_POINT('Ctrl Pts',(0.285537394921472,1.06200955824455,0.2));
#5036=CARTESIAN_POINT('Ctrl Pts',(0.262445681467222,1.05969175518994,0.2));
#5037=CARTESIAN_POINT('Ctrl Pts',(0.250933546575111,1.0585362384514,0.2));
#5038=CARTESIAN_POINT('',(0.310866720888634,1.08594963483617,0.));
#5039=CARTESIAN_POINT('Ctrl Pts',(0.334786111769789,1.16953350980145,0.));
#5040=CARTESIAN_POINT('Ctrl Pts',(0.334786111769789,1.16953350980145,0.2));
#5041=CARTESIAN_POINT('Ctrl Pts',(0.33435086094533,1.15272467581225,0.));
#5042=CARTESIAN_POINT('Ctrl Pts',(0.33435086094533,1.15272467581225,0.2));
#5043=CARTESIAN_POINT('Ctrl Pts',(0.333571813973431,1.12263887129555,0.));
#5044=CARTESIAN_POINT('Ctrl Pts',(0.333571813973431,1.12263887129555,0.2));
#5045=CARTESIAN_POINT('Ctrl Pts',(0.317818648005933,1.09718327730143,0.));
#5046=CARTESIAN_POINT('Ctrl Pts',(0.317818648005933,1.09718327730143,0.2));
#5047=CARTESIAN_POINT('Ctrl Pts',(0.310866720888634,1.08594963483617,0.));
#5048=CARTESIAN_POINT('Ctrl Pts',(0.310866720888634,1.08594963483617,0.2));
#5049=CARTESIAN_POINT('',(0.334786111769789,1.16953350980145,0.));
#5050=CARTESIAN_POINT('Ctrl Pts',(0.310866720888634,1.08594963483617,0.));
#5051=CARTESIAN_POINT('Ctrl Pts',(0.317818648005933,1.09718327730143,0.));
#5052=CARTESIAN_POINT('Ctrl Pts',(0.333571813973431,1.12263887129555,0.));
#5053=CARTESIAN_POINT('Ctrl Pts',(0.33435086094533,1.15272467581225,0.));
#5054=CARTESIAN_POINT('Ctrl Pts',(0.334786111769789,1.16953350980145,0.));
#5055=CARTESIAN_POINT('',(0.334786111769789,1.16953350980145,0.2));
#5056=CARTESIAN_POINT('Ctrl Pts',(0.334786111769789,1.16953350980145,0.2));
#5057=CARTESIAN_POINT('Ctrl Pts',(0.33435086094533,1.15272467581225,0.2));
#5058=CARTESIAN_POINT('Ctrl Pts',(0.333571813973431,1.12263887129555,0.2));
#5059=CARTESIAN_POINT('Ctrl Pts',(0.317818648005933,1.09718327730143,0.2));
#5060=CARTESIAN_POINT('Ctrl Pts',(0.310866720888634,1.08594963483617,0.2));
#5061=CARTESIAN_POINT('',(0.334786111769789,1.16953350980145,0.));
#5062=CARTESIAN_POINT('Ctrl Pts',(0.310732305374747,1.24975793557537,0.));
#5063=CARTESIAN_POINT('Ctrl Pts',(0.310732305374747,1.24975793557537,0.2));
#5064=CARTESIAN_POINT('Ctrl Pts',(0.317728963037828,1.23884108430356,0.));
#5065=CARTESIAN_POINT('Ctrl Pts',(0.317728963037828,1.23884108430356,0.2));
#5066=CARTESIAN_POINT('Ctrl Pts',(0.333313947402913,1.21452390822034,0.));
#5067=CARTESIAN_POINT('Ctrl Pts',(0.333313947402913,1.21452390822034,0.2));
#5068=CARTESIAN_POINT('Ctrl Pts',(0.334263079219276,1.18551775949742,0.));
#5069=CARTESIAN_POINT('Ctrl Pts',(0.334263079219276,1.18551775949742,0.2));
#5070=CARTESIAN_POINT('Ctrl Pts',(0.334786111769789,1.16953350980145,0.));
#5071=CARTESIAN_POINT('Ctrl Pts',(0.334786111769789,1.16953350980145,0.2));
#5072=CARTESIAN_POINT('',(0.310732305374747,1.24975793557537,0.));
#5073=CARTESIAN_POINT('Ctrl Pts',(0.334786111769789,1.16953350980145,0.));
#5074=CARTESIAN_POINT('Ctrl Pts',(0.334263079219276,1.18551775949742,0.));
#5075=CARTESIAN_POINT('Ctrl Pts',(0.333313947402913,1.21452390822034,0.));
#5076=CARTESIAN_POINT('Ctrl Pts',(0.317728963037828,1.23884108430356,0.));
#5077=CARTESIAN_POINT('Ctrl Pts',(0.310732305374747,1.24975793557537,0.));
#5078=CARTESIAN_POINT('',(0.310732305374747,1.24975793557537,0.2));
#5079=CARTESIAN_POINT('Ctrl Pts',(0.310732305374747,1.24975793557537,0.2));
#5080=CARTESIAN_POINT('Ctrl Pts',(0.317728963037828,1.23884108430356,0.2));
#5081=CARTESIAN_POINT('Ctrl Pts',(0.333313947402913,1.21452390822034,0.2));
#5082=CARTESIAN_POINT('Ctrl Pts',(0.334263079219276,1.18551775949742,0.2));
#5083=CARTESIAN_POINT('Ctrl Pts',(0.334786111769789,1.16953350980145,0.2));
#5084=CARTESIAN_POINT('',(0.310732305374747,1.24975793557537,0.));
#5085=CARTESIAN_POINT('Ctrl Pts',(0.250933546575111,1.27703693991265,0.));
#5086=CARTESIAN_POINT('Ctrl Pts',(0.250933546575111,1.27703693991265,0.2));
#5087=CARTESIAN_POINT('Ctrl Pts',(0.26238105936597,1.27587793338022,0.));
#5088=CARTESIAN_POINT('Ctrl Pts',(0.26238105936597,1.27587793338022,0.2));
#5089=CARTESIAN_POINT('Ctrl Pts',(0.285390183147641,1.27354836841221,0.));
#5090=CARTESIAN_POINT('Ctrl Pts',(0.285390183147641,1.27354836841221,0.2));
#5091=CARTESIAN_POINT('Ctrl Pts',(0.302257051354268,1.2577142527197,0.));
#5092=CARTESIAN_POINT('Ctrl Pts',(0.302257051354268,1.2577142527197,0.2));
#5093=CARTESIAN_POINT('Ctrl Pts',(0.310732305374747,1.24975793557537,0.));
#5094=CARTESIAN_POINT('Ctrl Pts',(0.310732305374747,1.24975793557537,0.2));
#5095=CARTESIAN_POINT('',(0.250933546575111,1.27703693991265,0.));
#5096=CARTESIAN_POINT('Ctrl Pts',(0.310732305374747,1.24975793557537,0.));
#5097=CARTESIAN_POINT('Ctrl Pts',(0.302257051354268,1.2577142527197,0.));
#5098=CARTESIAN_POINT('Ctrl Pts',(0.285390183147641,1.27354836841221,0.));
#5099=CARTESIAN_POINT('Ctrl Pts',(0.26238105936597,1.27587793338022,0.));
#5100=CARTESIAN_POINT('Ctrl Pts',(0.250933546575111,1.27703693991265,0.));
#5101=CARTESIAN_POINT('',(0.250933546575111,1.27703693991265,0.2));
#5102=CARTESIAN_POINT('Ctrl Pts',(0.250933546575111,1.27703693991265,0.2));
#5103=CARTESIAN_POINT('Ctrl Pts',(0.26238105936597,1.27587793338022,0.2));
#5104=CARTESIAN_POINT('Ctrl Pts',(0.285390183147641,1.27354836841221,0.2));
#5105=CARTESIAN_POINT('Ctrl Pts',(0.302257051354268,1.2577142527197,0.2));
#5106=CARTESIAN_POINT('Ctrl Pts',(0.310732305374747,1.24975793557537,0.2));
#5107=CARTESIAN_POINT('',(0.250933546575111,1.27703693991265,0.));
#5108=CARTESIAN_POINT('Ctrl Pts',(0.190731541233814,1.24989232762286,0.));
#5109=CARTESIAN_POINT('Ctrl Pts',(0.190731541233814,1.24989232762286,0.2));
#5110=CARTESIAN_POINT('Ctrl Pts',(0.199224784217942,1.2578095047283,0.));
#5111=CARTESIAN_POINT('Ctrl Pts',(0.199224784217942,1.2578095047283,0.2));
#5112=CARTESIAN_POINT('Ctrl Pts',(0.216225022502197,1.27365667848544,0.));
#5113=CARTESIAN_POINT('Ctrl Pts',(0.216225022502197,1.27365667848544,0.2));
#5114=CARTESIAN_POINT('Ctrl Pts',(0.239357800809273,1.27590957861024,0.));
#5115=CARTESIAN_POINT('Ctrl Pts',(0.239357800809273,1.27590957861024,0.2));
#5116=CARTESIAN_POINT('Ctrl Pts',(0.250933546575111,1.27703693991265,0.));
#5117=CARTESIAN_POINT('Ctrl Pts',(0.250933546575111,1.27703693991265,0.2));
#5118=CARTESIAN_POINT('',(0.190731541233814,1.24989232762286,0.));
#5119=CARTESIAN_POINT('Ctrl Pts',(0.250933546575111,1.27703693991265,0.));
#5120=CARTESIAN_POINT('Ctrl Pts',(0.239357800809273,1.27590957861024,0.));
#5121=CARTESIAN_POINT('Ctrl Pts',(0.216225022502197,1.27365667848544,0.));
#5122=CARTESIAN_POINT('Ctrl Pts',(0.199224784217942,1.2578095047283,0.));
#5123=CARTESIAN_POINT('Ctrl Pts',(0.190731541233814,1.24989232762286,0.));
#5124=CARTESIAN_POINT('',(0.190731541233814,1.24989232762286,0.2));
#5125=CARTESIAN_POINT('Ctrl Pts',(0.190731541233814,1.24989232762286,0.2));
#5126=CARTESIAN_POINT('Ctrl Pts',(0.199224784217942,1.2578095047283,0.2));
#5127=CARTESIAN_POINT('Ctrl Pts',(0.216225022502197,1.27365667848544,0.2));
#5128=CARTESIAN_POINT('Ctrl Pts',(0.239357800809273,1.27590957861024,0.2));
#5129=CARTESIAN_POINT('Ctrl Pts',(0.250933546575111,1.27703693991265,0.2));
#5130=CARTESIAN_POINT('',(0.190731541233814,1.24989232762286,0.));
#5131=CARTESIAN_POINT('Ctrl Pts',(0.166812150352659,1.16792096949632,0.));
#5132=CARTESIAN_POINT('Ctrl Pts',(0.166812150352659,1.16792096949632,0.2));
#5133=CARTESIAN_POINT('Ctrl Pts',(0.167274014919812,1.18437090775173,0.));
#5134=CARTESIAN_POINT('Ctrl Pts',(0.167274014919812,1.18437090775173,0.2));
#5135=CARTESIAN_POINT('Ctrl Pts',(0.168104201764223,1.21393914766929,0.));
#5136=CARTESIAN_POINT('Ctrl Pts',(0.168104201764223,1.21393914766929,0.2));
#5137=CARTESIAN_POINT('Ctrl Pts',(0.183777774215241,1.23884330273375,0.));
#5138=CARTESIAN_POINT('Ctrl Pts',(0.183777774215241,1.23884330273375,0.2));
#5139=CARTESIAN_POINT('Ctrl Pts',(0.190731541233814,1.24989232762286,0.));
#5140=CARTESIAN_POINT('Ctrl Pts',(0.190731541233814,1.24989232762286,0.2));
#5141=CARTESIAN_POINT('Ctrl Pts',(0.190731541233814,1.24989232762286,0.));
#5142=CARTESIAN_POINT('Ctrl Pts',(0.183777774215241,1.23884330273375,0.));
#5143=CARTESIAN_POINT('Ctrl Pts',(0.168104201764223,1.21393914766929,0.));
#5144=CARTESIAN_POINT('Ctrl Pts',(0.167274014919812,1.18437090775173,0.));
#5145=CARTESIAN_POINT('Ctrl Pts',(0.166812150352659,1.16792096949632,0.));
#5146=CARTESIAN_POINT('Ctrl Pts',(0.166812150352659,1.16792096949632,0.2));
#5147=CARTESIAN_POINT('Ctrl Pts',(0.167274014919812,1.18437090775173,0.2));
#5148=CARTESIAN_POINT('Ctrl Pts',(0.168104201764223,1.21393914766929,0.2));
#5149=CARTESIAN_POINT('Ctrl Pts',(0.183777774215241,1.23884330273375,0.2));
#5150=CARTESIAN_POINT('Ctrl Pts',(0.190731541233814,1.24989232762286,0.2));
#5151=CARTESIAN_POINT('Ctrl Pts',(0.161168200618714,1.28536844899968,0.));
#5152=CARTESIAN_POINT('Ctrl Pts',(0.161168200618714,1.28536844899968,0.2));
#5153=CARTESIAN_POINT('Ctrl Pts',(0.148338332359208,1.26994079179797,0.));
#5154=CARTESIAN_POINT('Ctrl Pts',(0.148338332359208,1.26994079179797,0.2));
#5155=CARTESIAN_POINT('Ctrl Pts',(0.12022190392766,1.23613135503646,0.));
#5156=CARTESIAN_POINT('Ctrl Pts',(0.12022190392766,1.23613135503646,0.2));
#5157=CARTESIAN_POINT('Ctrl Pts',(0.118194185159307,1.19194471063637,0.));
#5158=CARTESIAN_POINT('Ctrl Pts',(0.118194185159307,1.19194471063637,0.2));
#5159=CARTESIAN_POINT('Ctrl Pts',(0.117091739127092,1.16792096949632,0.));
#5160=CARTESIAN_POINT('Ctrl Pts',(0.117091739127092,1.16792096949632,0.2));
#5161=CARTESIAN_POINT('',(0.117091739127092,1.16792096949632,0.));
#5162=CARTESIAN_POINT('',(0.161168200618714,1.28536844899968,0.));
#5163=CARTESIAN_POINT('Ctrl Pts',(0.117091739127092,1.16792096949632,0.));
#5164=CARTESIAN_POINT('Ctrl Pts',(0.118194185159307,1.19194471063637,0.));
#5165=CARTESIAN_POINT('Ctrl Pts',(0.12022190392766,1.23613135503646,0.));
#5166=CARTESIAN_POINT('Ctrl Pts',(0.148338332359208,1.26994079179797,0.));
#5167=CARTESIAN_POINT('Ctrl Pts',(0.161168200618714,1.28536844899968,0.));
#5168=CARTESIAN_POINT('',(0.117091739127092,1.16792096949632,0.2));
#5169=CARTESIAN_POINT('',(0.117091739127092,1.16792096949632,0.));
#5170=CARTESIAN_POINT('',(0.161168200618714,1.28536844899968,0.2));
#5171=CARTESIAN_POINT('Ctrl Pts',(0.161168200618714,1.28536844899968,0.2));
#5172=CARTESIAN_POINT('Ctrl Pts',(0.148338332359208,1.26994079179797,0.2));
#5173=CARTESIAN_POINT('Ctrl Pts',(0.12022190392766,1.23613135503646,0.2));
#5174=CARTESIAN_POINT('Ctrl Pts',(0.118194185159307,1.19194471063637,0.2));
#5175=CARTESIAN_POINT('Ctrl Pts',(0.117091739127092,1.16792096949632,0.2));
#5176=CARTESIAN_POINT('',(0.161168200618714,1.28536844899968,0.));
#5177=CARTESIAN_POINT('Ctrl Pts',(0.250933546575111,1.31708194504267,0.));
#5178=CARTESIAN_POINT('Ctrl Pts',(0.250933546575111,1.31708194504267,0.2));
#5179=CARTESIAN_POINT('Ctrl Pts',(0.234109275791416,1.31588959565858,0.));
#5180=CARTESIAN_POINT('Ctrl Pts',(0.234109275791416,1.31588959565858,0.2));
#5181=CARTESIAN_POINT('Ctrl Pts',(0.201235325170752,1.31355979276376,0.));
#5182=CARTESIAN_POINT('Ctrl Pts',(0.201235325170752,1.31355979276376,0.2));
#5183=CARTESIAN_POINT('Ctrl Pts',(0.174312452487043,1.29461678231744,0.));
#5184=CARTESIAN_POINT('Ctrl Pts',(0.174312452487043,1.29461678231744,0.2));
#5185=CARTESIAN_POINT('Ctrl Pts',(0.161168200618714,1.28536844899968,0.));
#5186=CARTESIAN_POINT('Ctrl Pts',(0.161168200618714,1.28536844899968,0.2));
#5187=CARTESIAN_POINT('',(0.250933546575111,1.31708194504267,0.));
#5188=CARTESIAN_POINT('Ctrl Pts',(0.161168200618714,1.28536844899968,0.));
#5189=CARTESIAN_POINT('Ctrl Pts',(0.174312452487043,1.29461678231744,0.));
#5190=CARTESIAN_POINT('Ctrl Pts',(0.201235325170752,1.31355979276376,0.));
#5191=CARTESIAN_POINT('Ctrl Pts',(0.234109275791416,1.31588959565858,0.));
#5192=CARTESIAN_POINT('Ctrl Pts',(0.250933546575111,1.31708194504267,0.));
#5193=CARTESIAN_POINT('',(0.250933546575111,1.31708194504267,0.2));
#5194=CARTESIAN_POINT('Ctrl Pts',(0.250933546575111,1.31708194504267,0.2));
#5195=CARTESIAN_POINT('Ctrl Pts',(0.234109275791416,1.31588959565858,0.2));
#5196=CARTESIAN_POINT('Ctrl Pts',(0.201235325170752,1.31355979276376,0.2));
#5197=CARTESIAN_POINT('Ctrl Pts',(0.174312452487043,1.29461678231744,0.2));
#5198=CARTESIAN_POINT('Ctrl Pts',(0.161168200618714,1.28536844899968,0.2));
#5199=CARTESIAN_POINT('',(0.250933546575111,1.31708194504267,0.));
#5200=CARTESIAN_POINT('Ctrl Pts',(0.347148959886446,1.27851511163668,0.));
#5201=CARTESIAN_POINT('Ctrl Pts',(0.347148959886446,1.27851511163668,0.2));
#5202=CARTESIAN_POINT('Ctrl Pts',(0.33355830052636,1.28976167079688,0.));
#5203=CARTESIAN_POINT('Ctrl Pts',(0.33355830052636,1.28976167079688,0.2));
#5204=CARTESIAN_POINT('Ctrl Pts',(0.30565442939782,1.31285271657551,0.));
#5205=CARTESIAN_POINT('Ctrl Pts',(0.30565442939782,1.31285271657551,0.2));
#5206=CARTESIAN_POINT('Ctrl Pts',(0.269486026525211,1.31564807423697,0.));
#5207=CARTESIAN_POINT('Ctrl Pts',(0.269486026525211,1.31564807423697,0.2));
#5208=CARTESIAN_POINT('Ctrl Pts',(0.250933546575111,1.31708194504267,0.));
#5209=CARTESIAN_POINT('Ctrl Pts',(0.250933546575111,1.31708194504267,0.2));
#5210=CARTESIAN_POINT('',(0.347148959886446,1.27851511163668,0.));
#5211=CARTESIAN_POINT('Ctrl Pts',(0.250933546575111,1.31708194504267,0.));
#5212=CARTESIAN_POINT('Ctrl Pts',(0.269486026525211,1.31564807423697,0.));
#5213=CARTESIAN_POINT('Ctrl Pts',(0.30565442939782,1.31285271657551,0.));
#5214=CARTESIAN_POINT('Ctrl Pts',(0.33355830052636,1.28976167079688,0.));
#5215=CARTESIAN_POINT('Ctrl Pts',(0.347148959886446,1.27851511163668,0.));
#5216=CARTESIAN_POINT('',(0.347148959886446,1.27851511163668,0.2));
#5217=CARTESIAN_POINT('Ctrl Pts',(0.347148959886446,1.27851511163668,0.2));
#5218=CARTESIAN_POINT('Ctrl Pts',(0.33355830052636,1.28976167079688,0.2));
#5219=CARTESIAN_POINT('Ctrl Pts',(0.30565442939782,1.31285271657551,0.2));
#5220=CARTESIAN_POINT('Ctrl Pts',(0.269486026525211,1.31564807423697,0.2));
#5221=CARTESIAN_POINT('Ctrl Pts',(0.250933546575111,1.31708194504267,0.2));
#5222=CARTESIAN_POINT('',(0.347148959886446,1.27851511163668,0.));
#5223=CARTESIAN_POINT('Ctrl Pts',(0.384506522995356,1.17195235545874,0.));
#5224=CARTESIAN_POINT('Ctrl Pts',(0.384506522995356,1.17195235545874,0.2));
#5225=CARTESIAN_POINT('Ctrl Pts',(0.383401621366399,1.1928990171806,0.));
#5226=CARTESIAN_POINT('Ctrl Pts',(0.383401621366399,1.1928990171806,0.2));
#5227=CARTESIAN_POINT('Ctrl Pts',(0.381327916836198,1.23221218874886,0.));
#5228=CARTESIAN_POINT('Ctrl Pts',(0.381327916836198,1.23221218874886,0.2));
#5229=CARTESIAN_POINT('Ctrl Pts',(0.358032309689378,1.26377121797641,0.));
#5230=CARTESIAN_POINT('Ctrl Pts',(0.358032309689378,1.26377121797641,0.2));
#5231=CARTESIAN_POINT('Ctrl Pts',(0.347148959886446,1.27851511163668,0.));
#5232=CARTESIAN_POINT('Ctrl Pts',(0.347148959886446,1.27851511163668,0.2));
#5233=CARTESIAN_POINT('',(0.384506522995356,1.17195235545874,0.));
#5234=CARTESIAN_POINT('Ctrl Pts',(0.347148959886446,1.27851511163668,0.));
#5235=CARTESIAN_POINT('Ctrl Pts',(0.358032309689378,1.26377121797641,0.));
#5236=CARTESIAN_POINT('Ctrl Pts',(0.381327916836198,1.23221218874886,0.));
#5237=CARTESIAN_POINT('Ctrl Pts',(0.383401621366399,1.1928990171806,0.));
#5238=CARTESIAN_POINT('Ctrl Pts',(0.384506522995356,1.17195235545874,0.));
#5239=CARTESIAN_POINT('',(0.384506522995356,1.17195235545874,0.2));
#5240=CARTESIAN_POINT('Ctrl Pts',(0.384506522995356,1.17195235545874,0.2));
#5241=CARTESIAN_POINT('Ctrl Pts',(0.383401621366399,1.1928990171806,0.2));
#5242=CARTESIAN_POINT('Ctrl Pts',(0.381327916836198,1.23221218874886,0.2));
#5243=CARTESIAN_POINT('Ctrl Pts',(0.358032309689378,1.26377121797641,0.2));
#5244=CARTESIAN_POINT('Ctrl Pts',(0.347148959886446,1.27851511163668,0.2));
#5245=CARTESIAN_POINT('',(0.384506522995356,1.17195235545874,0.));
#5246=CARTESIAN_POINT('Ctrl Pts',(0.367977920335185,1.0852777449979,0.));
#5247=CARTESIAN_POINT('Ctrl Pts',(0.367977920335185,1.0852777449979,0.2));
#5248=CARTESIAN_POINT('Ctrl Pts',(0.372783276332451,1.09762616459711,0.));
#5249=CARTESIAN_POINT('Ctrl Pts',(0.372783276332451,1.09762616459711,0.2));
#5250=CARTESIAN_POINT('Ctrl Pts',(0.383603779063591,1.12543182729402,0.));
#5251=CARTESIAN_POINT('Ctrl Pts',(0.383603779063591,1.12543182729402,0.2));
#5252=CARTESIAN_POINT('Ctrl Pts',(0.384183984965328,1.15533120855083,0.));
#5253=CARTESIAN_POINT('Ctrl Pts',(0.384183984965328,1.15533120855083,0.2));
#5254=CARTESIAN_POINT('Ctrl Pts',(0.384506522995356,1.17195235545874,0.));
#5255=CARTESIAN_POINT('Ctrl Pts',(0.384506522995356,1.17195235545874,0.2));
#5256=CARTESIAN_POINT('',(0.367977920335185,1.0852777449979,0.));
#5257=CARTESIAN_POINT('Ctrl Pts',(0.384506522995356,1.17195235545874,0.));
#5258=CARTESIAN_POINT('Ctrl Pts',(0.384183984965328,1.15533120855083,0.));
#5259=CARTESIAN_POINT('Ctrl Pts',(0.383603779063591,1.12543182729402,0.));
#5260=CARTESIAN_POINT('Ctrl Pts',(0.372783276332451,1.09762616459711,0.));
#5261=CARTESIAN_POINT('Ctrl Pts',(0.367977920335185,1.0852777449979,0.));
#5262=CARTESIAN_POINT('',(0.367977920335185,1.0852777449979,0.2));
#5263=CARTESIAN_POINT('Ctrl Pts',(0.367977920335185,1.0852777449979,0.2));
#5264=CARTESIAN_POINT('Ctrl Pts',(0.372783276332451,1.09762616459711,0.2));
#5265=CARTESIAN_POINT('Ctrl Pts',(0.383603779063591,1.12543182729402,0.2));
#5266=CARTESIAN_POINT('Ctrl Pts',(0.384183984965328,1.15533120855083,0.2));
#5267=CARTESIAN_POINT('Ctrl Pts',(0.384506522995356,1.17195235545874,0.2));
#5268=CARTESIAN_POINT('',(0.367977920335185,1.0852777449979,0.));
#5269=CARTESIAN_POINT('Ctrl Pts',(0.319870119813935,1.03622931747619,0.));
#5270=CARTESIAN_POINT('Ctrl Pts',(0.319870119813935,1.03622931747619,0.2));
#5271=CARTESIAN_POINT('Ctrl Pts',(0.329760187942933,1.04262278407371,0.));
#5272=CARTESIAN_POINT('Ctrl Pts',(0.329760187942933,1.04262278407371,0.2));
#5273=CARTESIAN_POINT('Ctrl Pts',(0.349475019685146,1.05536750095286,0.));
#5274=CARTESIAN_POINT('Ctrl Pts',(0.349475019685146,1.05536750095286,0.2));
#5275=CARTESIAN_POINT('Ctrl Pts',(0.361823921850841,1.07532970495807,0.));
#5276=CARTESIAN_POINT('Ctrl Pts',(0.361823921850841,1.07532970495807,0.2));
#5277=CARTESIAN_POINT('Ctrl Pts',(0.367977920335185,1.0852777449979,0.));
#5278=CARTESIAN_POINT('Ctrl Pts',(0.367977920335185,1.0852777449979,0.2));
#5279=CARTESIAN_POINT('',(0.319870119813935,1.03622931747619,0.));
#5280=CARTESIAN_POINT('Ctrl Pts',(0.367977920335185,1.0852777449979,0.));
#5281=CARTESIAN_POINT('Ctrl Pts',(0.361823921850841,1.07532970495807,0.));
#5282=CARTESIAN_POINT('Ctrl Pts',(0.349475019685146,1.05536750095286,0.));
#5283=CARTESIAN_POINT('Ctrl Pts',(0.329760187942933,1.04262278407371,0.));
#5284=CARTESIAN_POINT('Ctrl Pts',(0.319870119813935,1.03622931747619,0.));
#5285=CARTESIAN_POINT('',(0.319870119813935,1.03622931747619,0.2));
#5286=CARTESIAN_POINT('Ctrl Pts',(0.319870119813935,1.03622931747619,0.2));
#5287=CARTESIAN_POINT('Ctrl Pts',(0.329760187942933,1.04262278407371,0.2));
#5288=CARTESIAN_POINT('Ctrl Pts',(0.349475019685146,1.05536750095286,0.2));
#5289=CARTESIAN_POINT('Ctrl Pts',(0.361823921850841,1.07532970495807,0.2));
#5290=CARTESIAN_POINT('Ctrl Pts',(0.367977920335185,1.0852777449979,0.2));
#5291=CARTESIAN_POINT('',(0.319870119813935,1.03622931747619,0.));
#5292=CARTESIAN_POINT('Ctrl Pts',(0.250933546575111,1.01875999394997,0.));
#5293=CARTESIAN_POINT('Ctrl Pts',(0.250933546575111,1.01875999394997,0.2));
#5294=CARTESIAN_POINT('Ctrl Pts',(0.26309664307329,1.01946115045294,0.));
#5295=CARTESIAN_POINT('Ctrl Pts',(0.26309664307329,1.01946115045294,0.2));
#5296=CARTESIAN_POINT('Ctrl Pts',(0.287204487213706,1.02085087647329,0.));
#5297=CARTESIAN_POINT('Ctrl Pts',(0.287204487213706,1.02085087647329,0.2));
#5298=CARTESIAN_POINT('Ctrl Pts',(0.30904752097455,1.03113421646325,0.));
#5299=CARTESIAN_POINT('Ctrl Pts',(0.30904752097455,1.03113421646325,0.2));
#5300=CARTESIAN_POINT('Ctrl Pts',(0.319870119813935,1.03622931747619,0.));
#5301=CARTESIAN_POINT('Ctrl Pts',(0.319870119813935,1.03622931747619,0.2));
#5302=CARTESIAN_POINT('',(0.250933546575111,1.01875999394997,0.));
#5303=CARTESIAN_POINT('Ctrl Pts',(0.319870119813935,1.03622931747619,0.));
#5304=CARTESIAN_POINT('Ctrl Pts',(0.30904752097455,1.03113421646325,0.));
#5305=CARTESIAN_POINT('Ctrl Pts',(0.287204487213706,1.02085087647329,0.));
#5306=CARTESIAN_POINT('Ctrl Pts',(0.26309664307329,1.01946115045294,0.));
#5307=CARTESIAN_POINT('Ctrl Pts',(0.250933546575111,1.01875999394997,0.));
#5308=CARTESIAN_POINT('',(0.250933546575111,1.01875999394997,0.2));
#5309=CARTESIAN_POINT('Ctrl Pts',(0.250933546575111,1.01875999394997,0.2));
#5310=CARTESIAN_POINT('Ctrl Pts',(0.26309664307329,1.01946115045294,0.2));
#5311=CARTESIAN_POINT('Ctrl Pts',(0.287204487213706,1.02085087647329,0.2));
#5312=CARTESIAN_POINT('Ctrl Pts',(0.30904752097455,1.03113421646325,0.2));
#5313=CARTESIAN_POINT('Ctrl Pts',(0.319870119813935,1.03622931747619,0.2));
#5314=CARTESIAN_POINT('',(0.250933546575111,1.01875999394997,0.));
#5315=CARTESIAN_POINT('Ctrl Pts',(0.15404605569434,1.05719245877485,0.));
#5316=CARTESIAN_POINT('Ctrl Pts',(0.15404605569434,1.05719245877485,0.2));
#5317=CARTESIAN_POINT('Ctrl Pts',(0.167632221404015,1.04598637180881,0.));
#5318=CARTESIAN_POINT('Ctrl Pts',(0.167632221404015,1.04598637180881,0.2));
#5319=CARTESIAN_POINT('Ctrl Pts',(0.195731821798705,1.02280937158206,0.));
#5320=CARTESIAN_POINT('Ctrl Pts',(0.195731821798705,1.02280937158206,0.2));
#5321=CARTESIAN_POINT('Ctrl Pts',(0.232132571109646,1.02013915827535,0.));
#5322=CARTESIAN_POINT('Ctrl Pts',(0.232132571109646,1.02013915827535,0.2));
#5323=CARTESIAN_POINT('Ctrl Pts',(0.250933546575111,1.01875999394997,0.));
#5324=CARTESIAN_POINT('Ctrl Pts',(0.250933546575111,1.01875999394997,0.2));
#5325=CARTESIAN_POINT('',(0.15404605569434,1.05719245877485,0.));
#5326=CARTESIAN_POINT('Ctrl Pts',(0.250933546575111,1.01875999394997,0.));
#5327=CARTESIAN_POINT('Ctrl Pts',(0.232132571109646,1.02013915827535,0.));
#5328=CARTESIAN_POINT('Ctrl Pts',(0.195731821798705,1.02280937158206,0.));
#5329=CARTESIAN_POINT('Ctrl Pts',(0.167632221404015,1.04598637180881,0.));
#5330=CARTESIAN_POINT('Ctrl Pts',(0.15404605569434,1.05719245877485,0.));
#5331=CARTESIAN_POINT('',(0.15404605569434,1.05719245877485,0.2));
#5332=CARTESIAN_POINT('Ctrl Pts',(0.15404605569434,1.05719245877485,0.2));
#5333=CARTESIAN_POINT('Ctrl Pts',(0.167632221404015,1.04598637180881,0.2));
#5334=CARTESIAN_POINT('Ctrl Pts',(0.195731821798705,1.02280937158206,0.2));
#5335=CARTESIAN_POINT('Ctrl Pts',(0.232132571109646,1.02013915827535,0.2));
#5336=CARTESIAN_POINT('Ctrl Pts',(0.250933546575111,1.01875999394997,0.2));
#5337=CARTESIAN_POINT('',(0.15404605569434,1.05719245877485,0.));
#5338=CARTESIAN_POINT('Ctrl Pts',(0.117091739127092,1.16792096949632,0.));
#5339=CARTESIAN_POINT('Ctrl Pts',(0.117091739127092,1.16792096949632,0.2));
#5340=CARTESIAN_POINT('Ctrl Pts',(0.118041273829841,1.14589378427455,0.));
#5341=CARTESIAN_POINT('Ctrl Pts',(0.118041273829841,1.14589378427455,0.2));
#5342=CARTESIAN_POINT('Ctrl Pts',(0.119792831012379,1.1052613836108,0.));
#5343=CARTESIAN_POINT('Ctrl Pts',(0.119792831012379,1.1052613836108,0.2));
#5344=CARTESIAN_POINT('Ctrl Pts',(0.143287880962035,1.07228983712042,0.));
#5345=CARTESIAN_POINT('Ctrl Pts',(0.143287880962035,1.07228983712042,0.2));
#5346=CARTESIAN_POINT('Ctrl Pts',(0.15404605569434,1.05719245877485,0.));
#5347=CARTESIAN_POINT('Ctrl Pts',(0.15404605569434,1.05719245877485,0.2));
#5348=CARTESIAN_POINT('Ctrl Pts',(0.15404605569434,1.05719245877485,0.));
#5349=CARTESIAN_POINT('Ctrl Pts',(0.143287880962035,1.07228983712042,0.));
#5350=CARTESIAN_POINT('Ctrl Pts',(0.119792831012379,1.1052613836108,0.));
#5351=CARTESIAN_POINT('Ctrl Pts',(0.118041273829841,1.14589378427455,0.));
#5352=CARTESIAN_POINT('Ctrl Pts',(0.117091739127092,1.16792096949632,0.));
#5353=CARTESIAN_POINT('Ctrl Pts',(0.117091739127092,1.16792096949632,0.2));
#5354=CARTESIAN_POINT('Ctrl Pts',(0.118041273829841,1.14589378427455,0.2));
#5355=CARTESIAN_POINT('Ctrl Pts',(0.119792831012379,1.1052613836108,0.2));
#5356=CARTESIAN_POINT('Ctrl Pts',(0.143287880962035,1.07228983712042,0.2));
#5357=CARTESIAN_POINT('Ctrl Pts',(0.15404605569434,1.05719245877485,0.2));
#5358=CARTESIAN_POINT('Origin',(-0.151397996323239,1.21898508999924,0.2));
#5359=CARTESIAN_POINT('Origin',(-0.151397996323239,1.21898508999924,0.));
#5360=CARTESIAN_POINT('Ctrl Pts',(0.618863726080948,1.08568085074119,0.));
#5361=CARTESIAN_POINT('Ctrl Pts',(0.618863726080948,1.08568085074119,0.2));
#5362=CARTESIAN_POINT('Ctrl Pts',(0.61214567771944,1.09674993096965,0.));
#5363=CARTESIAN_POINT('Ctrl Pts',(0.61214567771944,1.09674993096965,0.2));
#5364=CARTESIAN_POINT('Ctrl Pts',(0.596946426706551,1.1217931756474,0.));
#5365=CARTESIAN_POINT('Ctrl Pts',(0.596946426706551,1.1217931756474,0.2));
#5366=CARTESIAN_POINT('Ctrl Pts',(0.596178913795727,1.15122770283198,0.));
#5367=CARTESIAN_POINT('Ctrl Pts',(0.596178913795727,1.15122770283198,0.2));
#5368=CARTESIAN_POINT('Ctrl Pts',(0.595750640551951,1.16765220886773,0.));
#5369=CARTESIAN_POINT('Ctrl Pts',(0.595750640551951,1.16765220886773,0.2));
#5370=CARTESIAN_POINT('',(0.595750640551951,1.16765220886773,0.));
#5371=CARTESIAN_POINT('',(0.618863726080948,1.08568085074119,0.));
#5372=CARTESIAN_POINT('Ctrl Pts',(0.595750640551951,1.16765220886773,0.));
#5373=CARTESIAN_POINT('Ctrl Pts',(0.596178913795727,1.15122770283198,0.));
#5374=CARTESIAN_POINT('Ctrl Pts',(0.596946426706551,1.1217931756474,0.));
#5375=CARTESIAN_POINT('Ctrl Pts',(0.61214567771944,1.09674993096965,0.));
#5376=CARTESIAN_POINT('Ctrl Pts',(0.618863726080948,1.08568085074119,0.));
#5377=CARTESIAN_POINT('',(0.595750640551951,1.16765220886773,0.2));
#5378=CARTESIAN_POINT('',(0.595750640551951,1.16765220886773,0.));
#5379=CARTESIAN_POINT('',(0.618863726080948,1.08568085074119,0.2));
#5380=CARTESIAN_POINT('Ctrl Pts',(0.618863726080948,1.08568085074119,0.2));
#5381=CARTESIAN_POINT('Ctrl Pts',(0.61214567771944,1.09674993096965,0.2));
#5382=CARTESIAN_POINT('Ctrl Pts',(0.596946426706551,1.1217931756474,0.2));
#5383=CARTESIAN_POINT('Ctrl Pts',(0.596178913795727,1.15122770283198,0.2));
#5384=CARTESIAN_POINT('Ctrl Pts',(0.595750640551951,1.16765220886773,0.2));
#5385=CARTESIAN_POINT('',(0.618863726080948,1.08568085074119,0.));
#5386=CARTESIAN_POINT('Ctrl Pts',(0.6734217816883,1.0585362384514,0.));
#5387=CARTESIAN_POINT('Ctrl Pts',(0.6734217816883,1.0585362384514,0.2));
#5388=CARTESIAN_POINT('Ctrl Pts',(0.663158838773964,1.0598220410729,0.));
#5389=CARTESIAN_POINT('Ctrl Pts',(0.663158838773964,1.0598220410729,0.2));
#5390=CARTESIAN_POINT('Ctrl Pts',(0.64186425698711,1.06248995312444,0.));
#5391=CARTESIAN_POINT('Ctrl Pts',(0.64186425698711,1.06248995312444,0.2));
#5392=CARTESIAN_POINT('Ctrl Pts',(0.626712882142419,1.0777667301784,0.));
#5393=CARTESIAN_POINT('Ctrl Pts',(0.626712882142419,1.0777667301784,0.2));
#5394=CARTESIAN_POINT('Ctrl Pts',(0.618863726080948,1.08568085074119,0.));
#5395=CARTESIAN_POINT('Ctrl Pts',(0.618863726080948,1.08568085074119,0.2));
#5396=CARTESIAN_POINT('',(0.6734217816883,1.0585362384514,0.));
#5397=CARTESIAN_POINT('Ctrl Pts',(0.618863726080948,1.08568085074119,0.));
#5398=CARTESIAN_POINT('Ctrl Pts',(0.626712882142419,1.0777667301784,0.));
#5399=CARTESIAN_POINT('Ctrl Pts',(0.64186425698711,1.06248995312444,0.));
#5400=CARTESIAN_POINT('Ctrl Pts',(0.663158838773964,1.0598220410729,0.));
#5401=CARTESIAN_POINT('Ctrl Pts',(0.6734217816883,1.0585362384514,0.));
#5402=CARTESIAN_POINT('',(0.6734217816883,1.0585362384514,0.2));
#5403=CARTESIAN_POINT('Ctrl Pts',(0.6734217816883,1.0585362384514,0.2));
#5404=CARTESIAN_POINT('Ctrl Pts',(0.663158838773964,1.0598220410729,0.2));
#5405=CARTESIAN_POINT('Ctrl Pts',(0.64186425698711,1.06248995312444,0.2));
#5406=CARTESIAN_POINT('Ctrl Pts',(0.626712882142419,1.0777667301784,0.2));
#5407=CARTESIAN_POINT('Ctrl Pts',(0.618863726080948,1.08568085074119,0.2));
#5408=CARTESIAN_POINT('',(0.6734217816883,1.0585362384514,0.));
#5409=CARTESIAN_POINT('Ctrl Pts',(0.727307759726217,1.08447143964574,0.));
#5410=CARTESIAN_POINT('Ctrl Pts',(0.727307759726217,1.08447143964574,0.2));
#5411=CARTESIAN_POINT('Ctrl Pts',(0.719635013847104,1.07690799021408,0.));
#5412=CARTESIAN_POINT('Ctrl Pts',(0.719635013847104,1.07690799021408,0.2));
#5413=CARTESIAN_POINT('Ctrl Pts',(0.704605892194682,1.06209295483935,0.));
#5414=CARTESIAN_POINT('Ctrl Pts',(0.704605892194682,1.06209295483935,0.2));
#5415=CARTESIAN_POINT('Ctrl Pts',(0.683669578763278,1.05970505510851,0.));
#5416=CARTESIAN_POINT('Ctrl Pts',(0.683669578763278,1.05970505510851,0.2));
#5417=CARTESIAN_POINT('Ctrl Pts',(0.6734217816883,1.0585362384514,0.));
#5418=CARTESIAN_POINT('Ctrl Pts',(0.6734217816883,1.0585362384514,0.2));
#5419=CARTESIAN_POINT('',(0.727307759726217,1.08447143964574,0.));
#5420=CARTESIAN_POINT('Ctrl Pts',(0.6734217816883,1.0585362384514,0.));
#5421=CARTESIAN_POINT('Ctrl Pts',(0.683669578763278,1.05970505510851,0.));
#5422=CARTESIAN_POINT('Ctrl Pts',(0.704605892194682,1.06209295483935,0.));
#5423=CARTESIAN_POINT('Ctrl Pts',(0.719635013847104,1.07690799021408,0.));
#5424=CARTESIAN_POINT('Ctrl Pts',(0.727307759726217,1.08447143964574,0.));
#5425=CARTESIAN_POINT('',(0.727307759726217,1.08447143964574,0.2));
#5426=CARTESIAN_POINT('Ctrl Pts',(0.727307759726217,1.08447143964574,0.2));
#5427=CARTESIAN_POINT('Ctrl Pts',(0.719635013847104,1.07690799021408,0.2));
#5428=CARTESIAN_POINT('Ctrl Pts',(0.704605892194682,1.06209295483935,0.2));
#5429=CARTESIAN_POINT('Ctrl Pts',(0.683669578763278,1.05970505510851,0.2));
#5430=CARTESIAN_POINT('Ctrl Pts',(0.6734217816883,1.0585362384514,0.2));
#5431=CARTESIAN_POINT('',(0.727307759726217,1.08447143964574,0.));
#5432=CARTESIAN_POINT('Ctrl Pts',(0.749480499851498,1.16362082290531,0.));
#5433=CARTESIAN_POINT('Ctrl Pts',(0.749480499851498,1.16362082290531,0.2));
#5434=CARTESIAN_POINT('Ctrl Pts',(0.749089214574113,1.14771448831984,0.));
#5435=CARTESIAN_POINT('Ctrl Pts',(0.749089214574113,1.14771448831984,0.2));
#5436=CARTESIAN_POINT('Ctrl Pts',(0.748390301796772,1.11930263352996,0.));
#5437=CARTESIAN_POINT('Ctrl Pts',(0.748390301796772,1.11930263352996,0.2));
#5438=CARTESIAN_POINT('Ctrl Pts',(0.733751187630877,1.09511684881296,0.));
#5439=CARTESIAN_POINT('Ctrl Pts',(0.733751187630877,1.09511684881296,0.2));
#5440=CARTESIAN_POINT('Ctrl Pts',(0.727307759726217,1.08447143964574,0.));
#5441=CARTESIAN_POINT('Ctrl Pts',(0.727307759726217,1.08447143964574,0.2));
#5442=CARTESIAN_POINT('',(0.749480499851498,1.16362082290531,0.));
#5443=CARTESIAN_POINT('Ctrl Pts',(0.727307759726217,1.08447143964574,0.));
#5444=CARTESIAN_POINT('Ctrl Pts',(0.733751187630877,1.09511684881296,0.));
#5445=CARTESIAN_POINT('Ctrl Pts',(0.748390301796772,1.11930263352996,0.));
#5446=CARTESIAN_POINT('Ctrl Pts',(0.749089214574113,1.14771448831984,0.));
#5447=CARTESIAN_POINT('Ctrl Pts',(0.749480499851498,1.16362082290531,0.));
#5448=CARTESIAN_POINT('',(0.749480499851498,1.16362082290531,0.2));
#5449=CARTESIAN_POINT('Ctrl Pts',(0.749480499851498,1.16362082290531,0.2));
#5450=CARTESIAN_POINT('Ctrl Pts',(0.749089214574113,1.14771448831984,0.2));
#5451=CARTESIAN_POINT('Ctrl Pts',(0.748390301796772,1.11930263352996,0.2));
#5452=CARTESIAN_POINT('Ctrl Pts',(0.733751187630877,1.09511684881296,0.2));
#5453=CARTESIAN_POINT('Ctrl Pts',(0.727307759726217,1.08447143964574,0.2));
#5454=CARTESIAN_POINT('',(0.749480499851498,1.16362082290531,0.));
#5455=CARTESIAN_POINT('Ctrl Pts',(0.72690470091572,1.24962356699427,0.));
#5456=CARTESIAN_POINT('Ctrl Pts',(0.72690470091572,1.24962356699427,0.2));
#5457=CARTESIAN_POINT('Ctrl Pts',(0.733459717542221,1.23814923034928,0.));
#5458=CARTESIAN_POINT('Ctrl Pts',(0.733459717542221,1.23814923034928,0.2));
#5459=CARTESIAN_POINT('Ctrl Pts',(0.748590052232536,1.21166408718638,0.));
#5460=CARTESIAN_POINT('Ctrl Pts',(0.748590052232536,1.21166408718638,0.2));
#5461=CARTESIAN_POINT('Ctrl Pts',(0.749158388006236,1.18100006473877,0.));
#5462=CARTESIAN_POINT('Ctrl Pts',(0.749158388006236,1.18100006473877,0.2));
#5463=CARTESIAN_POINT('Ctrl Pts',(0.749480499851498,1.16362082290531,0.));
#5464=CARTESIAN_POINT('Ctrl Pts',(0.749480499851498,1.16362082290531,0.2));
#5465=CARTESIAN_POINT('',(0.72690470091572,1.24962356699427,0.));
#5466=CARTESIAN_POINT('Ctrl Pts',(0.749480499851498,1.16362082290531,0.));
#5467=CARTESIAN_POINT('Ctrl Pts',(0.749158388006236,1.18100006473877,0.));
#5468=CARTESIAN_POINT('Ctrl Pts',(0.748590052232536,1.21166408718638,0.));
#5469=CARTESIAN_POINT('Ctrl Pts',(0.733459717542221,1.23814923034928,0.));
#5470=CARTESIAN_POINT('Ctrl Pts',(0.72690470091572,1.24962356699427,0.));
#5471=CARTESIAN_POINT('',(0.72690470091572,1.24962356699427,0.2));
#5472=CARTESIAN_POINT('Ctrl Pts',(0.72690470091572,1.24962356699427,0.2));
#5473=CARTESIAN_POINT('Ctrl Pts',(0.733459717542221,1.23814923034928,0.2));
#5474=CARTESIAN_POINT('Ctrl Pts',(0.748590052232536,1.21166408718638,0.2));
#5475=CARTESIAN_POINT('Ctrl Pts',(0.749158388006236,1.18100006473877,0.2));
#5476=CARTESIAN_POINT('Ctrl Pts',(0.749480499851498,1.16362082290531,0.2));
#5477=CARTESIAN_POINT('',(0.72690470091572,1.24962356699427,0.));
#5478=CARTESIAN_POINT('Ctrl Pts',(0.671271696659599,1.27703693991265,0.));
#5479=CARTESIAN_POINT('Ctrl Pts',(0.671271696659599,1.27703693991265,0.2));
#5480=CARTESIAN_POINT('Ctrl Pts',(0.68192859890622,1.27580288726773,0.));
#5481=CARTESIAN_POINT('Ctrl Pts',(0.68192859890622,1.27580288726773,0.2));
#5482=CARTESIAN_POINT('Ctrl Pts',(0.703693611156328,1.27328253282399,0.));
#5483=CARTESIAN_POINT('Ctrl Pts',(0.703693611156328,1.27328253282399,0.2));
#5484=CARTESIAN_POINT('Ctrl Pts',(0.719061474575394,1.25761813450075,0.));
#5485=CARTESIAN_POINT('Ctrl Pts',(0.719061474575394,1.25761813450075,0.2));
#5486=CARTESIAN_POINT('Ctrl Pts',(0.72690470091572,1.24962356699427,0.));
#5487=CARTESIAN_POINT('Ctrl Pts',(0.72690470091572,1.24962356699427,0.2));
#5488=CARTESIAN_POINT('',(0.671271696659599,1.27703693991265,0.));
#5489=CARTESIAN_POINT('Ctrl Pts',(0.72690470091572,1.24962356699427,0.));
#5490=CARTESIAN_POINT('Ctrl Pts',(0.719061474575394,1.25761813450075,0.));
#5491=CARTESIAN_POINT('Ctrl Pts',(0.703693611156328,1.27328253282399,0.));
#5492=CARTESIAN_POINT('Ctrl Pts',(0.68192859890622,1.27580288726773,0.));
#5493=CARTESIAN_POINT('Ctrl Pts',(0.671271696659599,1.27703693991265,0.));
#5494=CARTESIAN_POINT('',(0.671271696659599,1.27703693991265,0.2));
#5495=CARTESIAN_POINT('Ctrl Pts',(0.671271696659599,1.27703693991265,0.2));
#5496=CARTESIAN_POINT('Ctrl Pts',(0.68192859890622,1.27580288726773,0.2));
#5497=CARTESIAN_POINT('Ctrl Pts',(0.703693611156328,1.27328253282399,0.2));
#5498=CARTESIAN_POINT('Ctrl Pts',(0.719061474575394,1.25761813450075,0.2));
#5499=CARTESIAN_POINT('Ctrl Pts',(0.72690470091572,1.24962356699427,0.2));
#5500=CARTESIAN_POINT('',(0.671271696659599,1.27703693991265,0.));
#5501=CARTESIAN_POINT('Ctrl Pts',(0.617385530890518,1.25069858604223,0.));
#5502=CARTESIAN_POINT('Ctrl Pts',(0.617385530890518,1.25069858604223,0.2));
#5503=CARTESIAN_POINT('Ctrl Pts',(0.624950884402497,1.2583800398245,0.));
#5504=CARTESIAN_POINT('Ctrl Pts',(0.624950884402497,1.2583800398245,0.2));
#5505=CARTESIAN_POINT('Ctrl Pts',(0.639843107822405,1.27350080394136,0.));
#5506=CARTESIAN_POINT('Ctrl Pts',(0.639843107822405,1.27350080394136,0.2));
#5507=CARTESIAN_POINT('Ctrl Pts',(0.660907944259702,1.27587087936031,0.));
#5508=CARTESIAN_POINT('Ctrl Pts',(0.660907944259702,1.27587087936031,0.2));
#5509=CARTESIAN_POINT('Ctrl Pts',(0.671271696659599,1.27703693991265,0.));
#5510=CARTESIAN_POINT('Ctrl Pts',(0.671271696659599,1.27703693991265,0.2));
#5511=CARTESIAN_POINT('',(0.617385530890518,1.25069858604223,0.));
#5512=CARTESIAN_POINT('Ctrl Pts',(0.671271696659599,1.27703693991265,0.));
#5513=CARTESIAN_POINT('Ctrl Pts',(0.660907944259702,1.27587087936031,0.));
#5514=CARTESIAN_POINT('Ctrl Pts',(0.639843107822405,1.27350080394136,0.));
#5515=CARTESIAN_POINT('Ctrl Pts',(0.624950884402497,1.2583800398245,0.));
#5516=CARTESIAN_POINT('Ctrl Pts',(0.617385530890518,1.25069858604223,0.));
#5517=CARTESIAN_POINT('',(0.617385530890518,1.25069858604223,0.2));
#5518=CARTESIAN_POINT('Ctrl Pts',(0.617385530890518,1.25069858604223,0.2));
#5519=CARTESIAN_POINT('Ctrl Pts',(0.624950884402497,1.2583800398245,0.2));
#5520=CARTESIAN_POINT('Ctrl Pts',(0.639843107822405,1.27350080394136,0.2));
#5521=CARTESIAN_POINT('Ctrl Pts',(0.660907944259702,1.27587087936031,0.2));
#5522=CARTESIAN_POINT('Ctrl Pts',(0.671271696659599,1.27703693991265,0.2));
#5523=CARTESIAN_POINT('',(0.617385530890518,1.25069858604223,0.));
#5524=CARTESIAN_POINT('Ctrl Pts',(0.595750640551951,1.16765220886773,0.));
#5525=CARTESIAN_POINT('Ctrl Pts',(0.595750640551951,1.16765220886773,0.2));
#5526=CARTESIAN_POINT('Ctrl Pts',(0.596048016929858,1.18445354595443,0.));
#5527=CARTESIAN_POINT('Ctrl Pts',(0.596048016929858,1.18445354595443,0.2));
#5528=CARTESIAN_POINT('Ctrl Pts',(0.59657174489913,1.2140434219742,0.));
#5529=CARTESIAN_POINT('Ctrl Pts',(0.59657174489913,1.2140434219742,0.2));
#5530=CARTESIAN_POINT('Ctrl Pts',(0.61110455240674,1.23963715315703,0.));
#5531=CARTESIAN_POINT('Ctrl Pts',(0.61110455240674,1.23963715315703,0.2));
#5532=CARTESIAN_POINT('Ctrl Pts',(0.617385530890518,1.25069858604223,0.));
#5533=CARTESIAN_POINT('Ctrl Pts',(0.617385530890518,1.25069858604223,0.2));
#5534=CARTESIAN_POINT('Ctrl Pts',(0.617385530890518,1.25069858604223,0.));
#5535=CARTESIAN_POINT('Ctrl Pts',(0.61110455240674,1.23963715315703,0.));
#5536=CARTESIAN_POINT('Ctrl Pts',(0.59657174489913,1.2140434219742,0.));
#5537=CARTESIAN_POINT('Ctrl Pts',(0.596048016929858,1.18445354595443,0.));
#5538=CARTESIAN_POINT('Ctrl Pts',(0.595750640551951,1.16765220886773,0.));
#5539=CARTESIAN_POINT('Ctrl Pts',(0.595750640551951,1.16765220886773,0.2));
#5540=CARTESIAN_POINT('Ctrl Pts',(0.596048016929858,1.18445354595443,0.2));
#5541=CARTESIAN_POINT('Ctrl Pts',(0.59657174489913,1.2140434219742,0.2));
#5542=CARTESIAN_POINT('Ctrl Pts',(0.61110455240674,1.23963715315703,0.2));
#5543=CARTESIAN_POINT('Ctrl Pts',(0.617385530890518,1.25069858604223,0.2));
#5544=CARTESIAN_POINT('Origin',(0.748674194499339,1.06122384473727,0.));
#5545=CARTESIAN_POINT('',(0.748674194499339,1.02521020210328,0.));
#5546=CARTESIAN_POINT('',(0.748674194499339,1.06122384473727,0.));
#5547=CARTESIAN_POINT('',(0.748674194499339,1.02521020210328,0.));
#5548=CARTESIAN_POINT('',(0.748674194499339,1.02521020210328,0.2));
#5549=CARTESIAN_POINT('',(0.748674194499339,1.02521020210328,0.));
#5550=CARTESIAN_POINT('',(0.748674194499339,1.06122384473727,0.2));
#5551=CARTESIAN_POINT('',(0.748674194499339,1.02521020210328,0.2));
#5552=CARTESIAN_POINT('',(0.748674194499339,1.06122384473727,0.));
#5553=CARTESIAN_POINT('Ctrl Pts',(0.668852780603124,1.01875999394997,0.));
#5554=CARTESIAN_POINT('Ctrl Pts',(0.668852780603124,1.01875999394997,0.2));
#5555=CARTESIAN_POINT('Ctrl Pts',(0.685285395007865,1.02043282568588,0.));
#5556=CARTESIAN_POINT('Ctrl Pts',(0.685285395007865,1.02043282568588,0.2));
#5557=CARTESIAN_POINT('Ctrl Pts',(0.717717237363254,1.02373437063848,0.));
#5558=CARTESIAN_POINT('Ctrl Pts',(0.717717237363254,1.02373437063848,0.2));
#5559=CARTESIAN_POINT('Ctrl Pts',(0.738447548448592,1.04883917848756,0.));
#5560=CARTESIAN_POINT('Ctrl Pts',(0.738447548448592,1.04883917848756,0.2));
#5561=CARTESIAN_POINT('Ctrl Pts',(0.748674194499339,1.06122384473727,0.));
#5562=CARTESIAN_POINT('Ctrl Pts',(0.748674194499339,1.06122384473727,0.2));
#5563=CARTESIAN_POINT('',(0.668852780603124,1.01875999394997,0.));
#5564=CARTESIAN_POINT('Ctrl Pts',(0.748674194499339,1.06122384473727,0.));
#5565=CARTESIAN_POINT('Ctrl Pts',(0.738447548448592,1.04883917848756,0.));
#5566=CARTESIAN_POINT('Ctrl Pts',(0.717717237363254,1.02373437063848,0.));
#5567=CARTESIAN_POINT('Ctrl Pts',(0.685285395007865,1.02043282568588,0.));
#5568=CARTESIAN_POINT('Ctrl Pts',(0.668852780603124,1.01875999394997,0.));
#5569=CARTESIAN_POINT('',(0.668852780603124,1.01875999394997,0.2));
#5570=CARTESIAN_POINT('Ctrl Pts',(0.668852780603124,1.01875999394997,0.2));
#5571=CARTESIAN_POINT('Ctrl Pts',(0.685285395007865,1.02043282568588,0.2));
#5572=CARTESIAN_POINT('Ctrl Pts',(0.717717237363254,1.02373437063848,0.2));
#5573=CARTESIAN_POINT('Ctrl Pts',(0.738447548448592,1.04883917848756,0.2));
#5574=CARTESIAN_POINT('Ctrl Pts',(0.748674194499339,1.06122384473727,0.2));
#5575=CARTESIAN_POINT('',(0.668852780603124,1.01875999394997,0.));
#5576=CARTESIAN_POINT('Ctrl Pts',(0.606097819153794,1.03757309715273,0.));
#5577=CARTESIAN_POINT('Ctrl Pts',(0.606097819153794,1.03757309715273,0.2));
#5578=CARTESIAN_POINT('Ctrl Pts',(0.615863006148728,1.03208594342375,0.));
#5579=CARTESIAN_POINT('Ctrl Pts',(0.615863006148728,1.03208594342375,0.2));
#5580=CARTESIAN_POINT('Ctrl Pts',(0.635375136517962,1.02112188723399,0.));
#5581=CARTESIAN_POINT('Ctrl Pts',(0.635375136517962,1.02112188723399,0.2));
#5582=CARTESIAN_POINT('Ctrl Pts',(0.65770052390275,1.01954680081533,0.));
#5583=CARTESIAN_POINT('Ctrl Pts',(0.65770052390275,1.01954680081533,0.2));
#5584=CARTESIAN_POINT('Ctrl Pts',(0.668852780603124,1.01875999394997,0.));
#5585=CARTESIAN_POINT('Ctrl Pts',(0.668852780603124,1.01875999394997,0.2));
#5586=CARTESIAN_POINT('',(0.606097819153794,1.03757309715273,0.));
#5587=CARTESIAN_POINT('Ctrl Pts',(0.668852780603124,1.01875999394997,0.));
#5588=CARTESIAN_POINT('Ctrl Pts',(0.65770052390275,1.01954680081533,0.));
#5589=CARTESIAN_POINT('Ctrl Pts',(0.635375136517962,1.02112188723399,0.));
#5590=CARTESIAN_POINT('Ctrl Pts',(0.615863006148728,1.03208594342375,0.));
#5591=CARTESIAN_POINT('Ctrl Pts',(0.606097819153794,1.03757309715273,0.));
#5592=CARTESIAN_POINT('',(0.606097819153794,1.03757309715273,0.2));
#5593=CARTESIAN_POINT('Ctrl Pts',(0.606097819153794,1.03757309715273,0.2));
#5594=CARTESIAN_POINT('Ctrl Pts',(0.615863006148728,1.03208594342375,0.2));
#5595=CARTESIAN_POINT('Ctrl Pts',(0.635375136517962,1.02112188723399,0.2));
#5596=CARTESIAN_POINT('Ctrl Pts',(0.65770052390275,1.01954680081533,0.2));
#5597=CARTESIAN_POINT('Ctrl Pts',(0.668852780603124,1.01875999394997,0.2));
#5598=CARTESIAN_POINT('',(0.606097819153794,1.03757309715273,0.));
#5599=CARTESIAN_POINT('Ctrl Pts',(0.561752526634397,1.09011538937968,0.));
#5600=CARTESIAN_POINT('Ctrl Pts',(0.561752526634397,1.09011538937968,0.2));
#5601=CARTESIAN_POINT('Ctrl Pts',(0.567421987402219,1.07956635112249,0.));
#5602=CARTESIAN_POINT('Ctrl Pts',(0.567421987402219,1.07956635112249,0.2));
#5603=CARTESIAN_POINT('Ctrl Pts',(0.578517418072219,1.05892133259053,0.));
#5604=CARTESIAN_POINT('Ctrl Pts',(0.578517418072219,1.05892133259053,0.2));
#5605=CARTESIAN_POINT('Ctrl Pts',(0.597039844588935,1.04458429952895,0.));
#5606=CARTESIAN_POINT('Ctrl Pts',(0.597039844588935,1.04458429952895,0.2));
#5607=CARTESIAN_POINT('Ctrl Pts',(0.606097819153794,1.03757309715273,0.));
#5608=CARTESIAN_POINT('Ctrl Pts',(0.606097819153794,1.03757309715273,0.2));
#5609=CARTESIAN_POINT('',(0.561752526634397,1.09011538937968,0.));
#5610=CARTESIAN_POINT('Ctrl Pts',(0.606097819153794,1.03757309715273,0.));
#5611=CARTESIAN_POINT('Ctrl Pts',(0.597039844588935,1.04458429952895,0.));
#5612=CARTESIAN_POINT('Ctrl Pts',(0.578517418072219,1.05892133259053,0.));
#5613=CARTESIAN_POINT('Ctrl Pts',(0.567421987402219,1.07956635112249,0.));
#5614=CARTESIAN_POINT('Ctrl Pts',(0.561752526634397,1.09011538937968,0.));
#5615=CARTESIAN_POINT('',(0.561752526634397,1.09011538937968,0.2));
#5616=CARTESIAN_POINT('Ctrl Pts',(0.561752526634397,1.09011538937968,0.2));
#5617=CARTESIAN_POINT('Ctrl Pts',(0.567421987402219,1.07956635112249,0.2));
#5618=CARTESIAN_POINT('Ctrl Pts',(0.578517418072219,1.05892133259053,0.2));
#5619=CARTESIAN_POINT('Ctrl Pts',(0.597039844588935,1.04458429952895,0.2));
#5620=CARTESIAN_POINT('Ctrl Pts',(0.606097819153794,1.03757309715273,0.2));
#5621=CARTESIAN_POINT('',(0.561752526634397,1.09011538937968,0.));
#5622=CARTESIAN_POINT('Ctrl Pts',(0.546030229326384,1.16765220886773,0.));
#5623=CARTESIAN_POINT('Ctrl Pts',(0.546030229326384,1.16765220886773,0.2));
#5624=CARTESIAN_POINT('Ctrl Pts',(0.546567510403671,1.15372906221179,0.));
#5625=CARTESIAN_POINT('Ctrl Pts',(0.546567510403671,1.15372906221179,0.2));
#5626=CARTESIAN_POINT('Ctrl Pts',(0.547598594704023,1.12700945764108,0.));
#5627=CARTESIAN_POINT('Ctrl Pts',(0.547598594704023,1.12700945764108,0.2));
#5628=CARTESIAN_POINT('Ctrl Pts',(0.557169069101347,1.10206276880255,0.));
#5629=CARTESIAN_POINT('Ctrl Pts',(0.557169069101347,1.10206276880255,0.2));
#5630=CARTESIAN_POINT('Ctrl Pts',(0.561752526634397,1.09011538937968,0.));
#5631=CARTESIAN_POINT('Ctrl Pts',(0.561752526634397,1.09011538937968,0.2));
#5632=CARTESIAN_POINT('',(0.546030229326384,1.16765220886773,0.));
#5633=CARTESIAN_POINT('Ctrl Pts',(0.561752526634397,1.09011538937968,0.));
#5634=CARTESIAN_POINT('Ctrl Pts',(0.557169069101347,1.10206276880255,0.));
#5635=CARTESIAN_POINT('Ctrl Pts',(0.547598594704023,1.12700945764108,0.));
#5636=CARTESIAN_POINT('Ctrl Pts',(0.546567510403671,1.15372906221179,0.));
#5637=CARTESIAN_POINT('Ctrl Pts',(0.546030229326384,1.16765220886773,0.));
#5638=CARTESIAN_POINT('',(0.546030229326384,1.16765220886773,0.2));
#5639=CARTESIAN_POINT('Ctrl Pts',(0.546030229326384,1.16765220886773,0.2));
#5640=CARTESIAN_POINT('Ctrl Pts',(0.546567510403671,1.15372906221179,0.2));
#5641=CARTESIAN_POINT('Ctrl Pts',(0.547598594704023,1.12700945764108,0.2));
#5642=CARTESIAN_POINT('Ctrl Pts',(0.557169069101347,1.10206276880255,0.2));
#5643=CARTESIAN_POINT('Ctrl Pts',(0.561752526634397,1.09011538937968,0.2));
#5644=CARTESIAN_POINT('',(0.546030229326384,1.16765220886773,0.));
#5645=CARTESIAN_POINT('Ctrl Pts',(0.560274519175132,1.24518905182217,0.));
#5646=CARTESIAN_POINT('Ctrl Pts',(0.560274519175132,1.24518905182217,0.2));
#5647=CARTESIAN_POINT('Ctrl Pts',(0.556121172508124,1.23303772292542,0.));
#5648=CARTESIAN_POINT('Ctrl Pts',(0.556121172508124,1.23303772292542,0.2));
#5649=CARTESIAN_POINT('Ctrl Pts',(0.547532614661523,1.2079104220979,0.));
#5650=CARTESIAN_POINT('Ctrl Pts',(0.547532614661523,1.2079104220979,0.2));
#5651=CARTESIAN_POINT('Ctrl Pts',(0.546541862803687,1.181362040256,0.));
#5652=CARTESIAN_POINT('Ctrl Pts',(0.546541862803687,1.181362040256,0.2));
#5653=CARTESIAN_POINT('Ctrl Pts',(0.546030229326384,1.16765220886773,0.));
#5654=CARTESIAN_POINT('Ctrl Pts',(0.546030229326384,1.16765220886773,0.2));
#5655=CARTESIAN_POINT('',(0.560274519175132,1.24518905182217,0.));
#5656=CARTESIAN_POINT('Ctrl Pts',(0.546030229326384,1.16765220886773,0.));
#5657=CARTESIAN_POINT('Ctrl Pts',(0.546541862803687,1.181362040256,0.));
#5658=CARTESIAN_POINT('Ctrl Pts',(0.547532614661523,1.2079104220979,0.));
#5659=CARTESIAN_POINT('Ctrl Pts',(0.556121172508124,1.23303772292542,0.));
#5660=CARTESIAN_POINT('Ctrl Pts',(0.560274519175132,1.24518905182217,0.));
#5661=CARTESIAN_POINT('',(0.560274519175132,1.24518905182217,0.2));
#5662=CARTESIAN_POINT('Ctrl Pts',(0.560274519175132,1.24518905182217,0.2));
#5663=CARTESIAN_POINT('Ctrl Pts',(0.556121172508124,1.23303772292542,0.2));
#5664=CARTESIAN_POINT('Ctrl Pts',(0.547532614661523,1.2079104220979,0.2));
#5665=CARTESIAN_POINT('Ctrl Pts',(0.546541862803687,1.181362040256,0.2));
#5666=CARTESIAN_POINT('Ctrl Pts',(0.546030229326384,1.16765220886773,0.2));
#5667=CARTESIAN_POINT('',(0.560274519175132,1.24518905182217,0.));
#5668=CARTESIAN_POINT('Ctrl Pts',(0.603007013259047,1.29853760246849,0.));
#5669=CARTESIAN_POINT('Ctrl Pts',(0.603007013259047,1.29853760246849,0.2));
#5670=CARTESIAN_POINT('Ctrl Pts',(0.594044437567201,1.29152913235846,0.));
#5671=CARTESIAN_POINT('Ctrl Pts',(0.594044437567201,1.29152913235846,0.2));
#5672=CARTESIAN_POINT('Ctrl Pts',(0.575621221148153,1.27712271995616,0.));
#5673=CARTESIAN_POINT('Ctrl Pts',(0.575621221148153,1.27712271995616,0.2));
#5674=CARTESIAN_POINT('Ctrl Pts',(0.565481461419624,1.25602374229318,0.));
#5675=CARTESIAN_POINT('Ctrl Pts',(0.565481461419624,1.25602374229318,0.2));
#5676=CARTESIAN_POINT('Ctrl Pts',(0.560274519175132,1.24518905182217,0.));
#5677=CARTESIAN_POINT('Ctrl Pts',(0.560274519175132,1.24518905182217,0.2));
#5678=CARTESIAN_POINT('',(0.603007013259047,1.29853760246849,0.));
#5679=CARTESIAN_POINT('Ctrl Pts',(0.560274519175132,1.24518905182217,0.));
#5680=CARTESIAN_POINT('Ctrl Pts',(0.565481461419624,1.25602374229318,0.));
#5681=CARTESIAN_POINT('Ctrl Pts',(0.575621221148153,1.27712271995616,0.));
#5682=CARTESIAN_POINT('Ctrl Pts',(0.594044437567201,1.29152913235846,0.));
#5683=CARTESIAN_POINT('Ctrl Pts',(0.603007013259047,1.29853760246849,0.));
#5684=CARTESIAN_POINT('',(0.603007013259047,1.29853760246849,0.2));
#5685=CARTESIAN_POINT('Ctrl Pts',(0.603007013259047,1.29853760246849,0.2));
#5686=CARTESIAN_POINT('Ctrl Pts',(0.594044437567201,1.29152913235846,0.2));
#5687=CARTESIAN_POINT('Ctrl Pts',(0.575621221148153,1.27712271995616,0.2));
#5688=CARTESIAN_POINT('Ctrl Pts',(0.565481461419624,1.25602374229318,0.2));
#5689=CARTESIAN_POINT('Ctrl Pts',(0.560274519175132,1.24518905182217,0.2));
#5690=CARTESIAN_POINT('',(0.603007013259047,1.29853760246849,0.));
#5691=CARTESIAN_POINT('Ctrl Pts',(0.666702883305588,1.31708194504267,0.));
#5692=CARTESIAN_POINT('Ctrl Pts',(0.666702883305588,1.31708194504267,0.2));
#5693=CARTESIAN_POINT('Ctrl Pts',(0.655292304181986,1.31633855536892,0.));
#5694=CARTESIAN_POINT('Ctrl Pts',(0.655292304181986,1.31633855536892,0.2));
#5695=CARTESIAN_POINT('Ctrl Pts',(0.632682454336717,1.31486554258684,0.));
#5696=CARTESIAN_POINT('Ctrl Pts',(0.632682454336717,1.31486554258684,0.2));
#5697=CARTESIAN_POINT('Ctrl Pts',(0.612837002706886,1.30394623240758,0.));
#5698=CARTESIAN_POINT('Ctrl Pts',(0.612837002706886,1.30394623240758,0.2));
#5699=CARTESIAN_POINT('Ctrl Pts',(0.603007013259047,1.29853760246849,0.));
#5700=CARTESIAN_POINT('Ctrl Pts',(0.603007013259047,1.29853760246849,0.2));
#5701=CARTESIAN_POINT('',(0.666702883305588,1.31708194504267,0.));
#5702=CARTESIAN_POINT('Ctrl Pts',(0.603007013259047,1.29853760246849,0.));
#5703=CARTESIAN_POINT('Ctrl Pts',(0.612837002706886,1.30394623240758,0.));
#5704=CARTESIAN_POINT('Ctrl Pts',(0.632682454336717,1.31486554258684,0.));
#5705=CARTESIAN_POINT('Ctrl Pts',(0.655292304181986,1.31633855536892,0.));
#5706=CARTESIAN_POINT('Ctrl Pts',(0.666702883305588,1.31708194504267,0.));
#5707=CARTESIAN_POINT('',(0.666702883305588,1.31708194504267,0.2));
#5708=CARTESIAN_POINT('Ctrl Pts',(0.666702883305588,1.31708194504267,0.2));
#5709=CARTESIAN_POINT('Ctrl Pts',(0.655292304181986,1.31633855536892,0.2));
#5710=CARTESIAN_POINT('Ctrl Pts',(0.632682454336717,1.31486554258684,0.2));
#5711=CARTESIAN_POINT('Ctrl Pts',(0.612837002706886,1.30394623240758,0.2));
#5712=CARTESIAN_POINT('Ctrl Pts',(0.603007013259047,1.29853760246849,0.2));
#5713=CARTESIAN_POINT('',(0.666702883305588,1.31708194504267,0.));
#5714=CARTESIAN_POINT('Ctrl Pts',(0.712660598798137,1.30619722171725,0.));
#5715=CARTESIAN_POINT('Ctrl Pts',(0.712660598798137,1.30619722171725,0.2));
#5716=CARTESIAN_POINT('Ctrl Pts',(0.705580334125712,1.30937107981713,0.));
#5717=CARTESIAN_POINT('Ctrl Pts',(0.705580334125712,1.30937107981713,0.2));
#5718=CARTESIAN_POINT('Ctrl Pts',(0.69096551738078,1.31592243865048,0.));
#5719=CARTESIAN_POINT('Ctrl Pts',(0.69096551738078,1.31592243865048,0.2));
#5720=CARTESIAN_POINT('Ctrl Pts',(0.674956304943129,1.31668751568613,0.));
#5721=CARTESIAN_POINT('Ctrl Pts',(0.674956304943129,1.31668751568613,0.2));
#5722=CARTESIAN_POINT('Ctrl Pts',(0.666702883305588,1.31708194504267,0.));
#5723=CARTESIAN_POINT('Ctrl Pts',(0.666702883305588,1.31708194504267,0.2));
#5724=CARTESIAN_POINT('',(0.712660598798137,1.30619722171725,0.));
#5725=CARTESIAN_POINT('Ctrl Pts',(0.666702883305588,1.31708194504267,0.));
#5726=CARTESIAN_POINT('Ctrl Pts',(0.674956304943129,1.31668751568613,0.));
#5727=CARTESIAN_POINT('Ctrl Pts',(0.69096551738078,1.31592243865048,0.));
#5728=CARTESIAN_POINT('Ctrl Pts',(0.705580334125712,1.30937107981713,0.));
#5729=CARTESIAN_POINT('Ctrl Pts',(0.712660598798137,1.30619722171725,0.));
#5730=CARTESIAN_POINT('',(0.712660598798137,1.30619722171725,0.2));
#5731=CARTESIAN_POINT('Ctrl Pts',(0.712660598798137,1.30619722171725,0.2));
#5732=CARTESIAN_POINT('Ctrl Pts',(0.705580334125712,1.30937107981713,0.2));
#5733=CARTESIAN_POINT('Ctrl Pts',(0.69096551738078,1.31592243865048,0.2));
#5734=CARTESIAN_POINT('Ctrl Pts',(0.674956304943129,1.31668751568613,0.2));
#5735=CARTESIAN_POINT('Ctrl Pts',(0.666702883305588,1.31708194504267,0.2));
#5736=CARTESIAN_POINT('',(0.712660598798137,1.30619722171725,0.));
#5737=CARTESIAN_POINT('Ctrl Pts',(0.745448973090705,1.27784319833202,0.));
#5738=CARTESIAN_POINT('Ctrl Pts',(0.745448973090705,1.27784319833202,0.2));
#5739=CARTESIAN_POINT('Ctrl Pts',(0.740873462154814,1.28341954646037,0.));
#5740=CARTESIAN_POINT('Ctrl Pts',(0.740873462154814,1.28341954646037,0.2));
#5741=CARTESIAN_POINT('Ctrl Pts',(0.731575772514277,1.2947509922708,0.));
#5742=CARTESIAN_POINT('Ctrl Pts',(0.731575772514277,1.2947509922708,0.2));
#5743=CARTESIAN_POINT('Ctrl Pts',(0.719031616579321,1.30234189728697,0.));
#5744=CARTESIAN_POINT('Ctrl Pts',(0.719031616579321,1.30234189728697,0.2));
#5745=CARTESIAN_POINT('Ctrl Pts',(0.712660598798137,1.30619722171725,0.));
#5746=CARTESIAN_POINT('Ctrl Pts',(0.712660598798137,1.30619722171725,0.2));
#5747=CARTESIAN_POINT('',(0.745448973090705,1.27784319833202,0.));
#5748=CARTESIAN_POINT('Ctrl Pts',(0.712660598798137,1.30619722171725,0.));
#5749=CARTESIAN_POINT('Ctrl Pts',(0.719031616579321,1.30234189728697,0.));
#5750=CARTESIAN_POINT('Ctrl Pts',(0.731575772514277,1.2947509922708,0.));
#5751=CARTESIAN_POINT('Ctrl Pts',(0.740873462154814,1.28341954646037,0.));
#5752=CARTESIAN_POINT('Ctrl Pts',(0.745448973090705,1.27784319833202,0.));
#5753=CARTESIAN_POINT('',(0.745448973090705,1.27784319833202,0.2));
#5754=CARTESIAN_POINT('Ctrl Pts',(0.745448973090705,1.27784319833202,0.2));
#5755=CARTESIAN_POINT('Ctrl Pts',(0.740873462154814,1.28341954646037,0.2));
#5756=CARTESIAN_POINT('Ctrl Pts',(0.731575772514277,1.2947509922708,0.2));
#5757=CARTESIAN_POINT('Ctrl Pts',(0.719031616579321,1.30234189728697,0.2));
#5758=CARTESIAN_POINT('Ctrl Pts',(0.712660598798137,1.30619722171725,0.2));
#5759=CARTESIAN_POINT('',(0.745448973090705,1.27784319833202,0.));
#5760=CARTESIAN_POINT('Origin',(0.745448973090705,1.41921018604851,0.));
#5761=CARTESIAN_POINT('',(0.745448973090705,1.41921018604851,0.));
#5762=CARTESIAN_POINT('',(0.745448973090705,1.27784319833202,0.));
#5763=CARTESIAN_POINT('',(0.745448973090705,1.41921018604851,0.2));
#5764=CARTESIAN_POINT('',(0.745448973090705,1.27784319833202,0.2));
#5765=CARTESIAN_POINT('',(0.745448973090705,1.41921018604851,0.));
#5766=CARTESIAN_POINT('Origin',(0.793556773611955,1.41921018604851,0.));
#5767=CARTESIAN_POINT('',(0.793556773611955,1.41921018604851,0.));
#5768=CARTESIAN_POINT('',(0.745448973090705,1.41921018604851,0.));
#5769=CARTESIAN_POINT('',(0.793556773611955,1.41921018604851,0.2));
#5770=CARTESIAN_POINT('',(0.745448973090705,1.41921018604851,0.2));
#5771=CARTESIAN_POINT('',(0.793556773611955,1.41921018604851,0.));
#5772=CARTESIAN_POINT('Origin',(0.793556773611955,1.02521020210328,0.));
#5773=CARTESIAN_POINT('',(0.793556773611955,1.02521020210328,0.));
#5774=CARTESIAN_POINT('',(0.793556773611955,1.41921018604851,0.));
#5775=CARTESIAN_POINT('',(0.793556773611955,1.02521020210328,0.2));
#5776=CARTESIAN_POINT('',(0.793556773611955,1.41921018604851,0.2));
#5777=CARTESIAN_POINT('',(0.793556773611955,1.02521020210328,0.));
#5778=CARTESIAN_POINT('Origin',(0.748674194499339,1.02521020210328,0.));
#5779=CARTESIAN_POINT('',(0.793556773611955,1.02521020210328,0.));
#5780=CARTESIAN_POINT('',(0.793556773611955,1.02521020210328,0.2));
#5781=CARTESIAN_POINT('Origin',(-0.151397996323239,1.21898508999924,0.2));
#5782=CARTESIAN_POINT('Origin',(-0.151397996323239,1.21898508999924,0.));
#5783=CARTESIAN_POINT('Origin',(1.0655405585654,1.19533434241469,0.));
#5784=CARTESIAN_POINT('',(0.906166749531904,1.19533434241469,0.));
#5785=CARTESIAN_POINT('',(1.0655405585654,1.19533434241469,0.));
#5786=CARTESIAN_POINT('',(0.906166749531904,1.19533434241469,0.));
#5787=CARTESIAN_POINT('',(0.906166749531904,1.19533434241469,0.2));
#5788=CARTESIAN_POINT('',(0.906166749531904,1.19533434241469,0.));
#5789=CARTESIAN_POINT('',(1.0655405585654,1.19533434241469,0.2));
#5790=CARTESIAN_POINT('',(0.906166749531904,1.19533434241469,0.2));
#5791=CARTESIAN_POINT('',(1.0655405585654,1.19533434241469,0.));
#5792=CARTESIAN_POINT('Ctrl Pts',(1.04726511741818,1.24935480636568,0.));
#5793=CARTESIAN_POINT('Ctrl Pts',(1.04726511741818,1.24935480636568,0.2));
#5794=CARTESIAN_POINT('Ctrl Pts',(1.05182638097198,1.2420414342923,0.));
#5795=CARTESIAN_POINT('Ctrl Pts',(1.05182638097198,1.2420414342923,0.2));
#5796=CARTESIAN_POINT('Ctrl Pts',(1.06212004263666,1.22553693354084,0.));
#5797=CARTESIAN_POINT('Ctrl Pts',(1.06212004263666,1.22553693354084,0.2));
#5798=CARTESIAN_POINT('Ctrl Pts',(1.06431706637064,1.20613757656831,0.));
#5799=CARTESIAN_POINT('Ctrl Pts',(1.06431706637064,1.20613757656831,0.2));
#5800=CARTESIAN_POINT('Ctrl Pts',(1.0655405585654,1.19533434241469,0.));
#5801=CARTESIAN_POINT('Ctrl Pts',(1.0655405585654,1.19533434241469,0.2));
#5802=CARTESIAN_POINT('',(1.04726511741818,1.24935480636568,0.));
#5803=CARTESIAN_POINT('Ctrl Pts',(1.0655405585654,1.19533434241469,0.));
#5804=CARTESIAN_POINT('Ctrl Pts',(1.06431706637064,1.20613757656831,0.));
#5805=CARTESIAN_POINT('Ctrl Pts',(1.06212004263666,1.22553693354084,0.));
#5806=CARTESIAN_POINT('Ctrl Pts',(1.05182638097198,1.2420414342923,0.));
#5807=CARTESIAN_POINT('Ctrl Pts',(1.04726511741818,1.24935480636568,0.));
#5808=CARTESIAN_POINT('',(1.04726511741818,1.24935480636568,0.2));
#5809=CARTESIAN_POINT('Ctrl Pts',(1.04726511741818,1.24935480636568,0.2));
#5810=CARTESIAN_POINT('Ctrl Pts',(1.05182638097198,1.2420414342923,0.2));
#5811=CARTESIAN_POINT('Ctrl Pts',(1.06212004263666,1.22553693354084,0.2));
#5812=CARTESIAN_POINT('Ctrl Pts',(1.06431706637064,1.20613757656831,0.2));
#5813=CARTESIAN_POINT('Ctrl Pts',(1.0655405585654,1.19533434241469,0.2));
#5814=CARTESIAN_POINT('',(1.04726511741818,1.24935480636568,0.));
#5815=CARTESIAN_POINT('Ctrl Pts',(0.987331943104662,1.27730570054124,0.));
#5816=CARTESIAN_POINT('Ctrl Pts',(0.987331943104662,1.27730570054124,0.2));
#5817=CARTESIAN_POINT('Ctrl Pts',(0.9990171765102,1.2761615128818,0.));
#5818=CARTESIAN_POINT('Ctrl Pts',(0.9990171765102,1.2761615128818,0.2));
#5819=CARTESIAN_POINT('Ctrl Pts',(1.02228623226992,1.27388306746927,0.));
#5820=CARTESIAN_POINT('Ctrl Pts',(1.02228623226992,1.27388306746927,0.2));
#5821=CARTESIAN_POINT('Ctrl Pts',(1.03896304930153,1.25750710352612,0.));
#5822=CARTESIAN_POINT('Ctrl Pts',(1.03896304930153,1.25750710352612,0.2));
#5823=CARTESIAN_POINT('Ctrl Pts',(1.04726511741818,1.24935480636568,0.));
#5824=CARTESIAN_POINT('Ctrl Pts',(1.04726511741818,1.24935480636568,0.2));
#5825=CARTESIAN_POINT('',(0.987331943104662,1.27730570054124,0.));
#5826=CARTESIAN_POINT('Ctrl Pts',(1.04726511741818,1.24935480636568,0.));
#5827=CARTESIAN_POINT('Ctrl Pts',(1.03896304930153,1.25750710352612,0.));
#5828=CARTESIAN_POINT('Ctrl Pts',(1.02228623226992,1.27388306746927,0.));
#5829=CARTESIAN_POINT('Ctrl Pts',(0.9990171765102,1.2761615128818,0.));
#5830=CARTESIAN_POINT('Ctrl Pts',(0.987331943104662,1.27730570054124,0.));
#5831=CARTESIAN_POINT('',(0.987331943104662,1.27730570054124,0.2));
#5832=CARTESIAN_POINT('Ctrl Pts',(0.987331943104662,1.27730570054124,0.2));
#5833=CARTESIAN_POINT('Ctrl Pts',(0.9990171765102,1.2761615128818,0.2));
#5834=CARTESIAN_POINT('Ctrl Pts',(1.02228623226992,1.27388306746927,0.2));
#5835=CARTESIAN_POINT('Ctrl Pts',(1.03896304930153,1.25750710352612,0.2));
#5836=CARTESIAN_POINT('Ctrl Pts',(1.04726511741818,1.24935480636568,0.2));
#5837=CARTESIAN_POINT('',(0.987331943104662,1.27730570054124,0.));
#5838=CARTESIAN_POINT('Ctrl Pts',(0.931295692306879,1.25499873263323,0.));
#5839=CARTESIAN_POINT('Ctrl Pts',(0.931295692306879,1.25499873263323,0.2));
#5840=CARTESIAN_POINT('Ctrl Pts',(0.93937764648593,1.26150462905282,0.));
#5841=CARTESIAN_POINT('Ctrl Pts',(0.93937764648593,1.26150462905282,0.2));
#5842=CARTESIAN_POINT('Ctrl Pts',(0.955751787561894,1.27468565723484,0.));
#5843=CARTESIAN_POINT('Ctrl Pts',(0.955751787561894,1.27468565723484,0.2));
#5844=CARTESIAN_POINT('Ctrl Pts',(0.976715504683744,1.27642490917259,0.));
#5845=CARTESIAN_POINT('Ctrl Pts',(0.976715504683744,1.27642490917259,0.2));
#5846=CARTESIAN_POINT('Ctrl Pts',(0.987331943104662,1.27730570054124,0.));
#5847=CARTESIAN_POINT('Ctrl Pts',(0.987331943104662,1.27730570054124,0.2));
#5848=CARTESIAN_POINT('',(0.931295692306879,1.25499873263323,0.));
#5849=CARTESIAN_POINT('Ctrl Pts',(0.987331943104662,1.27730570054124,0.));
#5850=CARTESIAN_POINT('Ctrl Pts',(0.976715504683744,1.27642490917259,0.));
#5851=CARTESIAN_POINT('Ctrl Pts',(0.955751787561894,1.27468565723484,0.));
#5852=CARTESIAN_POINT('Ctrl Pts',(0.93937764648593,1.26150462905282,0.));
#5853=CARTESIAN_POINT('Ctrl Pts',(0.931295692306879,1.25499873263323,0.));
#5854=CARTESIAN_POINT('',(0.931295692306879,1.25499873263323,0.2));
#5855=CARTESIAN_POINT('Ctrl Pts',(0.931295692306879,1.25499873263323,0.2));
#5856=CARTESIAN_POINT('Ctrl Pts',(0.93937764648593,1.26150462905282,0.2));
#5857=CARTESIAN_POINT('Ctrl Pts',(0.955751787561894,1.27468565723484,0.2));
#5858=CARTESIAN_POINT('Ctrl Pts',(0.976715504683744,1.27642490917259,0.2));
#5859=CARTESIAN_POINT('Ctrl Pts',(0.987331943104662,1.27730570054124,0.2));
#5860=CARTESIAN_POINT('',(0.931295692306879,1.25499873263323,0.));
#5861=CARTESIAN_POINT('Ctrl Pts',(0.906166749531904,1.19533434241469,0.));
#5862=CARTESIAN_POINT('Ctrl Pts',(0.906166749531904,1.19533434241469,0.2));
#5863=CARTESIAN_POINT('Ctrl Pts',(0.907637044548052,1.20697540998211,0.));
#5864=CARTESIAN_POINT('Ctrl Pts',(0.907637044548052,1.20697540998211,0.2));
#5865=CARTESIAN_POINT('Ctrl Pts',(0.910451852424157,1.22926166431552,0.));
#5866=CARTESIAN_POINT('Ctrl Pts',(0.910451852424157,1.22926166431552,0.2));
#5867=CARTESIAN_POINT('Ctrl Pts',(0.924557858763481,1.24667914837258,0.));
#5868=CARTESIAN_POINT('Ctrl Pts',(0.924557858763481,1.24667914837258,0.2));
#5869=CARTESIAN_POINT('Ctrl Pts',(0.931295692306879,1.25499873263323,0.));
#5870=CARTESIAN_POINT('Ctrl Pts',(0.931295692306879,1.25499873263323,0.2));
#5871=CARTESIAN_POINT('Ctrl Pts',(0.931295692306879,1.25499873263323,0.));
#5872=CARTESIAN_POINT('Ctrl Pts',(0.924557858763481,1.24667914837258,0.));
#5873=CARTESIAN_POINT('Ctrl Pts',(0.910451852424157,1.22926166431552,0.));
#5874=CARTESIAN_POINT('Ctrl Pts',(0.907637044548052,1.20697540998211,0.));
#5875=CARTESIAN_POINT('Ctrl Pts',(0.906166749531904,1.19533434241469,0.));
#5876=CARTESIAN_POINT('Ctrl Pts',(0.906166749531904,1.19533434241469,0.2));
#5877=CARTESIAN_POINT('Ctrl Pts',(0.907637044548052,1.20697540998211,0.2));
#5878=CARTESIAN_POINT('Ctrl Pts',(0.910451852424157,1.22926166431552,0.2));
#5879=CARTESIAN_POINT('Ctrl Pts',(0.924557858763481,1.24667914837258,0.2));
#5880=CARTESIAN_POINT('Ctrl Pts',(0.931295692306879,1.25499873263323,0.2));
#5881=CARTESIAN_POINT('Origin',(1.11499213876319,1.11094416209726,0.));
#5882=CARTESIAN_POINT('',(1.06500308424101,1.11712563308838,0.));
#5883=CARTESIAN_POINT('',(1.11499213876319,1.11094416209726,0.));
#5884=CARTESIAN_POINT('',(1.06500308424101,1.11712563308838,0.));
#5885=CARTESIAN_POINT('',(1.06500308424101,1.11712563308838,0.2));
#5886=CARTESIAN_POINT('',(1.06500308424101,1.11712563308838,0.));
#5887=CARTESIAN_POINT('',(1.11499213876319,1.11094416209726,0.2));
#5888=CARTESIAN_POINT('',(1.06500308424101,1.11712563308838,0.2));
#5889=CARTESIAN_POINT('',(1.11499213876319,1.11094416209726,0.));
#5890=CARTESIAN_POINT('Ctrl Pts',(1.07118450829934,1.04294826279169,0.));
#5891=CARTESIAN_POINT('Ctrl Pts',(1.07118450829934,1.04294826279169,0.2));
#5892=CARTESIAN_POINT('Ctrl Pts',(1.08106527990931,1.05205895349385,0.));
#5893=CARTESIAN_POINT('Ctrl Pts',(1.08106527990931,1.05205895349385,0.2));
#5894=CARTESIAN_POINT('Ctrl Pts',(1.10151167244018,1.07091180888579,0.));
#5895=CARTESIAN_POINT('Ctrl Pts',(1.10151167244018,1.07091180888579,0.2));
#5896=CARTESIAN_POINT('Ctrl Pts',(1.11039941867981,1.09730536146725,0.));
#5897=CARTESIAN_POINT('Ctrl Pts',(1.11039941867981,1.09730536146725,0.2));
#5898=CARTESIAN_POINT('Ctrl Pts',(1.11499213876319,1.11094416209726,0.));
#5899=CARTESIAN_POINT('Ctrl Pts',(1.11499213876319,1.11094416209726,0.2));
#5900=CARTESIAN_POINT('',(1.07118450829934,1.04294826279169,0.));
#5901=CARTESIAN_POINT('Ctrl Pts',(1.11499213876319,1.11094416209726,0.));
#5902=CARTESIAN_POINT('Ctrl Pts',(1.11039941867981,1.09730536146725,0.));
#5903=CARTESIAN_POINT('Ctrl Pts',(1.10151167244018,1.07091180888579,0.));
#5904=CARTESIAN_POINT('Ctrl Pts',(1.08106527990931,1.05205895349385,0.));
#5905=CARTESIAN_POINT('Ctrl Pts',(1.07118450829934,1.04294826279169,0.));
#5906=CARTESIAN_POINT('',(1.07118450829934,1.04294826279169,0.2));
#5907=CARTESIAN_POINT('Ctrl Pts',(1.07118450829934,1.04294826279169,0.2));
#5908=CARTESIAN_POINT('Ctrl Pts',(1.08106527990931,1.05205895349385,0.2));
#5909=CARTESIAN_POINT('Ctrl Pts',(1.10151167244018,1.07091180888579,0.2));
#5910=CARTESIAN_POINT('Ctrl Pts',(1.11039941867981,1.09730536146725,0.2));
#5911=CARTESIAN_POINT('Ctrl Pts',(1.11499213876319,1.11094416209726,0.2));
#5912=CARTESIAN_POINT('',(1.07118450829934,1.04294826279169,0.));
#5913=CARTESIAN_POINT('Ctrl Pts',(0.989482028133363,1.01875999394997,0.));
#5914=CARTESIAN_POINT('Ctrl Pts',(0.989482028133363,1.01875999394997,0.2));
#5915=CARTESIAN_POINT('Ctrl Pts',(1.00496444327238,1.01951280301992,0.));
#5916=CARTESIAN_POINT('Ctrl Pts',(1.00496444327238,1.01951280301992,0.2));
#5917=CARTESIAN_POINT('Ctrl Pts',(1.03423399074767,1.02093599059207,0.));
#5918=CARTESIAN_POINT('Ctrl Pts',(1.03423399074767,1.02093599059207,0.2));
#5919=CARTESIAN_POINT('Ctrl Pts',(1.05935262349986,1.03589973719319,0.));
#5920=CARTESIAN_POINT('Ctrl Pts',(1.05935262349986,1.03589973719319,0.2));
#5921=CARTESIAN_POINT('Ctrl Pts',(1.07118450829934,1.04294826279169,0.));
#5922=CARTESIAN_POINT('Ctrl Pts',(1.07118450829934,1.04294826279169,0.2));
#5923=CARTESIAN_POINT('',(0.989482028133363,1.01875999394997,0.));
#5924=CARTESIAN_POINT('Ctrl Pts',(1.07118450829934,1.04294826279169,0.));
#5925=CARTESIAN_POINT('Ctrl Pts',(1.05935262349986,1.03589973719319,0.));
#5926=CARTESIAN_POINT('Ctrl Pts',(1.03423399074767,1.02093599059207,0.));
#5927=CARTESIAN_POINT('Ctrl Pts',(1.00496444327238,1.01951280301992,0.));
#5928=CARTESIAN_POINT('Ctrl Pts',(0.989482028133363,1.01875999394997,0.));
#5929=CARTESIAN_POINT('',(0.989482028133363,1.01875999394997,0.2));
#5930=CARTESIAN_POINT('Ctrl Pts',(0.989482028133363,1.01875999394997,0.2));
#5931=CARTESIAN_POINT('Ctrl Pts',(1.00496444327238,1.01951280301992,0.2));
#5932=CARTESIAN_POINT('Ctrl Pts',(1.03423399074767,1.02093599059207,0.2));
#5933=CARTESIAN_POINT('Ctrl Pts',(1.05935262349986,1.03589973719319,0.2));
#5934=CARTESIAN_POINT('Ctrl Pts',(1.07118450829934,1.04294826279169,0.2));
#5935=CARTESIAN_POINT('',(0.989482028133363,1.01875999394997,0.));
#5936=CARTESIAN_POINT('Ctrl Pts',(0.890175621196117,1.05732682735595,0.));
#5937=CARTESIAN_POINT('Ctrl Pts',(0.890175621196117,1.05732682735595,0.2));
#5938=CARTESIAN_POINT('Ctrl Pts',(0.90392575246209,1.04608464156885,0.));
#5939=CARTESIAN_POINT('Ctrl Pts',(0.90392575246209,1.04608464156885,0.2));
#5940=CARTESIAN_POINT('Ctrl Pts',(0.932747757470923,1.02251960580312,0.));
#5941=CARTESIAN_POINT('Ctrl Pts',(0.932747757470923,1.02251960580312,0.2));
#5942=CARTESIAN_POINT('Ctrl Pts',(0.970001139484748,1.0200509346639,0.));
#5943=CARTESIAN_POINT('Ctrl Pts',(0.970001139484748,1.0200509346639,0.2));
#5944=CARTESIAN_POINT('Ctrl Pts',(0.989482028133363,1.01875999394997,0.));
#5945=CARTESIAN_POINT('Ctrl Pts',(0.989482028133363,1.01875999394997,0.2));
#5946=CARTESIAN_POINT('',(0.890175621196117,1.05732682735595,0.));
#5947=CARTESIAN_POINT('Ctrl Pts',(0.989482028133363,1.01875999394997,0.));
#5948=CARTESIAN_POINT('Ctrl Pts',(0.970001139484748,1.0200509346639,0.));
#5949=CARTESIAN_POINT('Ctrl Pts',(0.932747757470923,1.02251960580312,0.));
#5950=CARTESIAN_POINT('Ctrl Pts',(0.90392575246209,1.04608464156885,0.));
#5951=CARTESIAN_POINT('Ctrl Pts',(0.890175621196117,1.05732682735595,0.));
#5952=CARTESIAN_POINT('',(0.890175621196117,1.05732682735595,0.2));
#5953=CARTESIAN_POINT('Ctrl Pts',(0.890175621196117,1.05732682735595,0.2));
#5954=CARTESIAN_POINT('Ctrl Pts',(0.90392575246209,1.04608464156885,0.2));
#5955=CARTESIAN_POINT('Ctrl Pts',(0.932747757470923,1.02251960580312,0.2));
#5956=CARTESIAN_POINT('Ctrl Pts',(0.970001139484748,1.0200509346639,0.2));
#5957=CARTESIAN_POINT('Ctrl Pts',(0.989482028133363,1.01875999394997,0.2));
#5958=CARTESIAN_POINT('',(0.890175621196117,1.05732682735595,0.));
#5959=CARTESIAN_POINT('Ctrl Pts',(0.853490135656643,1.16550214730542,0.));
#5960=CARTESIAN_POINT('Ctrl Pts',(0.853490135656643,1.16550214730542,0.2));
#5961=CARTESIAN_POINT('Ctrl Pts',(0.854510154345753,1.14416191930805,0.));
#5962=CARTESIAN_POINT('Ctrl Pts',(0.854510154345753,1.14416191930805,0.2));
#5963=CARTESIAN_POINT('Ctrl Pts',(0.856409195995626,1.10443129258773,0.));
#5964=CARTESIAN_POINT('Ctrl Pts',(0.856409195995626,1.10443129258773,0.2));
#5965=CARTESIAN_POINT('Ctrl Pts',(0.879491397747725,1.07223141464836,0.));
#5966=CARTESIAN_POINT('Ctrl Pts',(0.879491397747725,1.07223141464836,0.2));
#5967=CARTESIAN_POINT('Ctrl Pts',(0.890175621196117,1.05732682735595,0.));
#5968=CARTESIAN_POINT('Ctrl Pts',(0.890175621196117,1.05732682735595,0.2));
#5969=CARTESIAN_POINT('',(0.853490135656643,1.16550214730542,0.));
#5970=CARTESIAN_POINT('Ctrl Pts',(0.890175621196117,1.05732682735595,0.));
#5971=CARTESIAN_POINT('Ctrl Pts',(0.879491397747725,1.07223141464836,0.));
#5972=CARTESIAN_POINT('Ctrl Pts',(0.856409195995626,1.10443129258773,0.));
#5973=CARTESIAN_POINT('Ctrl Pts',(0.854510154345753,1.14416191930805,0.));
#5974=CARTESIAN_POINT('Ctrl Pts',(0.853490135656643,1.16550214730542,0.));
#5975=CARTESIAN_POINT('',(0.853490135656643,1.16550214730542,0.2));
#5976=CARTESIAN_POINT('Ctrl Pts',(0.853490135656643,1.16550214730542,0.2));
#5977=CARTESIAN_POINT('Ctrl Pts',(0.854510154345753,1.14416191930805,0.2));
#5978=CARTESIAN_POINT('Ctrl Pts',(0.856409195995626,1.10443129258773,0.2));
#5979=CARTESIAN_POINT('Ctrl Pts',(0.879491397747725,1.07223141464836,0.2));
#5980=CARTESIAN_POINT('Ctrl Pts',(0.890175621196117,1.05732682735595,0.2));
#5981=CARTESIAN_POINT('',(0.853490135656643,1.16550214730542,0.));
#5982=CARTESIAN_POINT('Ctrl Pts',(0.890578867737778,1.27730570054124,0.));
#5983=CARTESIAN_POINT('Ctrl Pts',(0.890578867737778,1.27730570054124,0.2));
#5984=CARTESIAN_POINT('Ctrl Pts',(0.879778471123533,1.26189189052135,0.));
#5985=CARTESIAN_POINT('Ctrl Pts',(0.879778471123533,1.26189189052135,0.2));
#5986=CARTESIAN_POINT('Ctrl Pts',(0.856363640978527,1.2284753636665,0.));
#5987=CARTESIAN_POINT('Ctrl Pts',(0.856363640978527,1.2284753636665,0.2));
#5988=CARTESIAN_POINT('Ctrl Pts',(0.854496196790986,1.18755009863614,0.));
#5989=CARTESIAN_POINT('Ctrl Pts',(0.854496196790986,1.18755009863614,0.2));
#5990=CARTESIAN_POINT('Ctrl Pts',(0.853490135656643,1.16550214730542,0.));
#5991=CARTESIAN_POINT('Ctrl Pts',(0.853490135656643,1.16550214730542,0.2));
#5992=CARTESIAN_POINT('',(0.890578867737778,1.27730570054124,0.));
#5993=CARTESIAN_POINT('Ctrl Pts',(0.853490135656643,1.16550214730542,0.));
#5994=CARTESIAN_POINT('Ctrl Pts',(0.854496196790986,1.18755009863614,0.));
#5995=CARTESIAN_POINT('Ctrl Pts',(0.856363640978527,1.2284753636665,0.));
#5996=CARTESIAN_POINT('Ctrl Pts',(0.879778471123533,1.26189189052135,0.));
#5997=CARTESIAN_POINT('Ctrl Pts',(0.890578867737778,1.27730570054124,0.));
#5998=CARTESIAN_POINT('',(0.890578867737778,1.27730570054124,0.2));
#5999=CARTESIAN_POINT('Ctrl Pts',(0.890578867737778,1.27730570054124,0.2));
#6000=CARTESIAN_POINT('Ctrl Pts',(0.879778471123533,1.26189189052135,0.2));
#6001=CARTESIAN_POINT('Ctrl Pts',(0.856363640978527,1.2284753636665,0.2));
#6002=CARTESIAN_POINT('Ctrl Pts',(0.854496196790986,1.18755009863614,0.2));
#6003=CARTESIAN_POINT('Ctrl Pts',(0.853490135656643,1.16550214730542,0.2));
#6004=CARTESIAN_POINT('',(0.890578867737778,1.27730570054124,0.));
#6005=CARTESIAN_POINT('Ctrl Pts',(0.986794281049113,1.31708194504267,0.));
#6006=CARTESIAN_POINT('Ctrl Pts',(0.986794281049113,1.31708194504267,0.2));
#6007=CARTESIAN_POINT('Ctrl Pts',(0.968158398063295,1.31558750446076,0.));
#6008=CARTESIAN_POINT('Ctrl Pts',(0.968158398063295,1.31558750446076,0.2));
#6009=CARTESIAN_POINT('Ctrl Pts',(0.931749880520437,1.31266784853758,0.));
#6010=CARTESIAN_POINT('Ctrl Pts',(0.931749880520437,1.31266784853758,0.2));
#6011=CARTESIAN_POINT('Ctrl Pts',(0.904083884448761,1.28890527916098,0.));
#6012=CARTESIAN_POINT('Ctrl Pts',(0.904083884448761,1.28890527916098,0.2));
#6013=CARTESIAN_POINT('Ctrl Pts',(0.890578867737778,1.27730570054124,0.));
#6014=CARTESIAN_POINT('Ctrl Pts',(0.890578867737778,1.27730570054124,0.2));
#6015=CARTESIAN_POINT('',(0.986794281049113,1.31708194504267,0.));
#6016=CARTESIAN_POINT('Ctrl Pts',(0.890578867737778,1.27730570054124,0.));
#6017=CARTESIAN_POINT('Ctrl Pts',(0.904083884448761,1.28890527916098,0.));
#6018=CARTESIAN_POINT('Ctrl Pts',(0.931749880520437,1.31266784853758,0.));
#6019=CARTESIAN_POINT('Ctrl Pts',(0.968158398063295,1.31558750446076,0.));
#6020=CARTESIAN_POINT('Ctrl Pts',(0.986794281049113,1.31708194504267,0.));
#6021=CARTESIAN_POINT('',(0.986794281049113,1.31708194504267,0.2));
#6022=CARTESIAN_POINT('Ctrl Pts',(0.986794281049113,1.31708194504267,0.2));
#6023=CARTESIAN_POINT('Ctrl Pts',(0.968158398063295,1.31558750446076,0.2));
#6024=CARTESIAN_POINT('Ctrl Pts',(0.931749880520437,1.31266784853758,0.2));
#6025=CARTESIAN_POINT('Ctrl Pts',(0.904083884448761,1.28890527916098,0.2));
#6026=CARTESIAN_POINT('Ctrl Pts',(0.890578867737778,1.27730570054124,0.2));
#6027=CARTESIAN_POINT('',(0.986794281049113,1.31708194504267,0.));
#6028=CARTESIAN_POINT('Ctrl Pts',(1.08032232273853,1.2781119589606,0.));
#6029=CARTESIAN_POINT('Ctrl Pts',(1.08032232273853,1.2781119589606,0.2));
#6030=CARTESIAN_POINT('Ctrl Pts',(1.06716580614954,1.28947686019095,0.));
#6031=CARTESIAN_POINT('Ctrl Pts',(1.06716580614954,1.28947686019095,0.2));
#6032=CARTESIAN_POINT('Ctrl Pts',(1.04030050456913,1.31268372478311,0.));
#6033=CARTESIAN_POINT('Ctrl Pts',(1.04030050456913,1.31268372478311,0.2));
#6034=CARTESIAN_POINT('Ctrl Pts',(1.00487245300353,1.3155959163732,0.));
#6035=CARTESIAN_POINT('Ctrl Pts',(1.00487245300353,1.3155959163732,0.2));
#6036=CARTESIAN_POINT('Ctrl Pts',(0.986794281049113,1.31708194504267,0.));
#6037=CARTESIAN_POINT('Ctrl Pts',(0.986794281049113,1.31708194504267,0.2));
#6038=CARTESIAN_POINT('',(1.08032232273853,1.2781119589606,0.));
#6039=CARTESIAN_POINT('Ctrl Pts',(0.986794281049113,1.31708194504267,0.));
#6040=CARTESIAN_POINT('Ctrl Pts',(1.00487245300353,1.3155959163732,0.));
#6041=CARTESIAN_POINT('Ctrl Pts',(1.04030050456913,1.31268372478311,0.));
#6042=CARTESIAN_POINT('Ctrl Pts',(1.06716580614954,1.28947686019095,0.));
#6043=CARTESIAN_POINT('Ctrl Pts',(1.08032232273853,1.2781119589606,0.));
#6044=CARTESIAN_POINT('',(1.08032232273853,1.2781119589606,0.2));
#6045=CARTESIAN_POINT('Ctrl Pts',(1.08032232273853,1.2781119589606,0.2));
#6046=CARTESIAN_POINT('Ctrl Pts',(1.06716580614954,1.28947686019095,0.2));
#6047=CARTESIAN_POINT('Ctrl Pts',(1.04030050456913,1.31268372478311,0.2));
#6048=CARTESIAN_POINT('Ctrl Pts',(1.00487245300353,1.3155959163732,0.2));
#6049=CARTESIAN_POINT('Ctrl Pts',(0.986794281049113,1.31708194504267,0.2));
#6050=CARTESIAN_POINT('',(1.08032232273853,1.2781119589606,0.));
#6051=CARTESIAN_POINT('Ctrl Pts',(1.1166047494675,1.16845849075349,0.));
#6052=CARTESIAN_POINT('Ctrl Pts',(1.1166047494675,1.16845849075349,0.2));
#6053=CARTESIAN_POINT('Ctrl Pts',(1.11562522347294,1.19008762042677,0.));
#6054=CARTESIAN_POINT('Ctrl Pts',(1.11562522347294,1.19008762042677,0.2));
#6055=CARTESIAN_POINT('Ctrl Pts',(1.11380807889462,1.23021239091529,0.));
#6056=CARTESIAN_POINT('Ctrl Pts',(1.11380807889462,1.23021239091529,0.2));
#6057=CARTESIAN_POINT('Ctrl Pts',(1.09088759351222,1.26299890898249,0.));
#6058=CARTESIAN_POINT('Ctrl Pts',(1.09088759351222,1.26299890898249,0.2));
#6059=CARTESIAN_POINT('Ctrl Pts',(1.08032232273853,1.2781119589606,0.));
#6060=CARTESIAN_POINT('Ctrl Pts',(1.08032232273853,1.2781119589606,0.2));
#6061=CARTESIAN_POINT('',(1.1166047494675,1.16845849075349,0.));
#6062=CARTESIAN_POINT('Ctrl Pts',(1.08032232273853,1.2781119589606,0.));
#6063=CARTESIAN_POINT('Ctrl Pts',(1.09088759351222,1.26299890898249,0.));
#6064=CARTESIAN_POINT('Ctrl Pts',(1.11380807889462,1.23021239091529,0.));
#6065=CARTESIAN_POINT('Ctrl Pts',(1.11562522347294,1.19008762042677,0.));
#6066=CARTESIAN_POINT('Ctrl Pts',(1.1166047494675,1.16845849075349,0.));
#6067=CARTESIAN_POINT('',(1.1166047494675,1.16845849075349,0.2));
#6068=CARTESIAN_POINT('Ctrl Pts',(1.1166047494675,1.16845849075349,0.2));
#6069=CARTESIAN_POINT('Ctrl Pts',(1.11562522347294,1.19008762042677,0.2));
#6070=CARTESIAN_POINT('Ctrl Pts',(1.11380807889462,1.23021239091529,0.2));
#6071=CARTESIAN_POINT('Ctrl Pts',(1.09088759351222,1.26299890898249,0.2));
#6072=CARTESIAN_POINT('Ctrl Pts',(1.08032232273853,1.2781119589606,0.2));
#6073=CARTESIAN_POINT('',(1.1166047494675,1.16845849075349,0.));
#6074=CARTESIAN_POINT('Ctrl Pts',(1.11633591843973,1.15555809791326,0.));
#6075=CARTESIAN_POINT('Ctrl Pts',(1.11633591843973,1.15555809791326,0.2));
#6076=CARTESIAN_POINT('Ctrl Pts',(1.11641357943009,1.15806629378151,0.));
#6077=CARTESIAN_POINT('Ctrl Pts',(1.11641357943009,1.15806629378151,0.2));
#6078=CARTESIAN_POINT('Ctrl Pts',(1.11654669744026,1.16236556992466,0.));
#6079=CARTESIAN_POINT('Ctrl Pts',(1.11654669744026,1.16236556992466,0.2));
#6080=CARTESIAN_POINT('Ctrl Pts',(1.11658767725797,1.16666665632477,0.));
#6081=CARTESIAN_POINT('Ctrl Pts',(1.11658767725797,1.16666665632477,0.2));
#6082=CARTESIAN_POINT('Ctrl Pts',(1.1166047494675,1.16845849075349,0.));
#6083=CARTESIAN_POINT('Ctrl Pts',(1.1166047494675,1.16845849075349,0.2));
#6084=CARTESIAN_POINT('',(1.11633591843973,1.15555809791326,0.));
#6085=CARTESIAN_POINT('Ctrl Pts',(1.1166047494675,1.16845849075349,0.));
#6086=CARTESIAN_POINT('Ctrl Pts',(1.11658767725797,1.16666665632477,0.));
#6087=CARTESIAN_POINT('Ctrl Pts',(1.11654669744026,1.16236556992466,0.));
#6088=CARTESIAN_POINT('Ctrl Pts',(1.11641357943009,1.15806629378151,0.));
#6089=CARTESIAN_POINT('Ctrl Pts',(1.11633591843973,1.15555809791326,0.));
#6090=CARTESIAN_POINT('',(1.11633591843973,1.15555809791326,0.2));
#6091=CARTESIAN_POINT('Ctrl Pts',(1.11633591843973,1.15555809791326,0.2));
#6092=CARTESIAN_POINT('Ctrl Pts',(1.11641357943009,1.15806629378151,0.2));
#6093=CARTESIAN_POINT('Ctrl Pts',(1.11654669744026,1.16236556992466,0.2));
#6094=CARTESIAN_POINT('Ctrl Pts',(1.11658767725797,1.16666665632477,0.2));
#6095=CARTESIAN_POINT('Ctrl Pts',(1.1166047494675,1.16845849075349,0.2));
#6096=CARTESIAN_POINT('',(1.11633591843973,1.15555809791326,0.));
#6097=CARTESIAN_POINT('Origin',(0.903479190178819,1.15555809791326,0.));
#6098=CARTESIAN_POINT('',(0.903479190178819,1.15555809791326,0.));
#6099=CARTESIAN_POINT('',(1.11633591843973,1.15555809791326,0.));
#6100=CARTESIAN_POINT('',(0.903479190178819,1.15555809791326,0.2));
#6101=CARTESIAN_POINT('',(1.11633591843973,1.15555809791326,0.2));
#6102=CARTESIAN_POINT('',(0.903479190178819,1.15555809791326,0.));
#6103=CARTESIAN_POINT('Ctrl Pts',(0.930086328144224,1.08353081264528,0.));
#6104=CARTESIAN_POINT('Ctrl Pts',(0.930086328144224,1.08353081264528,0.2));
#6105=CARTESIAN_POINT('Ctrl Pts',(0.922977481543762,1.09334883982367,0.));
#6106=CARTESIAN_POINT('Ctrl Pts',(0.922977481543762,1.09334883982367,0.2));
#6107=CARTESIAN_POINT('Ctrl Pts',(0.907456259270037,1.11478519802492,0.));
#6108=CARTESIAN_POINT('Ctrl Pts',(0.907456259270037,1.11478519802492,0.2));
#6109=CARTESIAN_POINT('Ctrl Pts',(0.90487708277098,1.14122690742913,0.));
#6110=CARTESIAN_POINT('Ctrl Pts',(0.90487708277098,1.14122690742913,0.2));
#6111=CARTESIAN_POINT('Ctrl Pts',(0.903479190178819,1.15555809791326,0.));
#6112=CARTESIAN_POINT('Ctrl Pts',(0.903479190178819,1.15555809791326,0.2));
#6113=CARTESIAN_POINT('',(0.930086328144224,1.08353081264528,0.));
#6114=CARTESIAN_POINT('Ctrl Pts',(0.903479190178819,1.15555809791326,0.));
#6115=CARTESIAN_POINT('Ctrl Pts',(0.90487708277098,1.14122690742913,0.));
#6116=CARTESIAN_POINT('Ctrl Pts',(0.907456259270037,1.11478519802492,0.));
#6117=CARTESIAN_POINT('Ctrl Pts',(0.922977481543762,1.09334883982367,0.));
#6118=CARTESIAN_POINT('Ctrl Pts',(0.930086328144224,1.08353081264528,0.));
#6119=CARTESIAN_POINT('',(0.930086328144224,1.08353081264528,0.2));
#6120=CARTESIAN_POINT('Ctrl Pts',(0.930086328144224,1.08353081264528,0.2));
#6121=CARTESIAN_POINT('Ctrl Pts',(0.922977481543762,1.09334883982367,0.2));
#6122=CARTESIAN_POINT('Ctrl Pts',(0.907456259270037,1.11478519802492,0.2));
#6123=CARTESIAN_POINT('Ctrl Pts',(0.90487708277098,1.14122690742913,0.2));
#6124=CARTESIAN_POINT('Ctrl Pts',(0.903479190178819,1.15555809791326,0.2));
#6125=CARTESIAN_POINT('',(0.930086328144224,1.08353081264528,0.));
#6126=CARTESIAN_POINT('Ctrl Pts',(0.989750671429973,1.0585362384514,0.));
#6127=CARTESIAN_POINT('Ctrl Pts',(0.989750671429973,1.0585362384514,0.2));
#6128=CARTESIAN_POINT('Ctrl Pts',(0.978366089793519,1.05953867553978,0.));
#6129=CARTESIAN_POINT('Ctrl Pts',(0.978366089793519,1.05953867553978,0.2));
#6130=CARTESIAN_POINT('Ctrl Pts',(0.955805217702718,1.0615252092265,0.));
#6131=CARTESIAN_POINT('Ctrl Pts',(0.955805217702718,1.0615252092265,0.2));
#6132=CARTESIAN_POINT('Ctrl Pts',(0.938606362379004,1.07624089858975,0.));
#6133=CARTESIAN_POINT('Ctrl Pts',(0.938606362379004,1.07624089858975,0.2));
#6134=CARTESIAN_POINT('Ctrl Pts',(0.930086328144224,1.08353081264528,0.));
#6135=CARTESIAN_POINT('Ctrl Pts',(0.930086328144224,1.08353081264528,0.2));
#6136=CARTESIAN_POINT('',(0.989750671429973,1.0585362384514,0.));
#6137=CARTESIAN_POINT('Ctrl Pts',(0.930086328144224,1.08353081264528,0.));
#6138=CARTESIAN_POINT('Ctrl Pts',(0.938606362379004,1.07624089858975,0.));
#6139=CARTESIAN_POINT('Ctrl Pts',(0.955805217702718,1.0615252092265,0.));
#6140=CARTESIAN_POINT('Ctrl Pts',(0.978366089793519,1.05953867553978,0.));
#6141=CARTESIAN_POINT('Ctrl Pts',(0.989750671429973,1.0585362384514,0.));
#6142=CARTESIAN_POINT('',(0.989750671429973,1.0585362384514,0.2));
#6143=CARTESIAN_POINT('Ctrl Pts',(0.989750671429973,1.0585362384514,0.2));
#6144=CARTESIAN_POINT('Ctrl Pts',(0.978366089793519,1.05953867553978,0.2));
#6145=CARTESIAN_POINT('Ctrl Pts',(0.955805217702718,1.0615252092265,0.2));
#6146=CARTESIAN_POINT('Ctrl Pts',(0.938606362379004,1.07624089858975,0.2));
#6147=CARTESIAN_POINT('Ctrl Pts',(0.930086328144224,1.08353081264528,0.2));
#6148=CARTESIAN_POINT('',(0.989750671429973,1.0585362384514,0.));
#6149=CARTESIAN_POINT('Ctrl Pts',(1.03517091259814,1.07251169727237,0.));
#6150=CARTESIAN_POINT('Ctrl Pts',(1.03517091259814,1.07251169727237,0.2));
#6151=CARTESIAN_POINT('Ctrl Pts',(1.02843268774036,1.06843683903068,0.));
#6152=CARTESIAN_POINT('Ctrl Pts',(1.02843268774036,1.06843683903068,0.2));
#6153=CARTESIAN_POINT('Ctrl Pts',(1.01447900245716,1.05999852023332,0.));
#6154=CARTESIAN_POINT('Ctrl Pts',(1.01447900245716,1.05999852023332,0.2));
#6155=CARTESIAN_POINT('Ctrl Pts',(0.9981792729602,1.05903465423414,0.));
#6156=CARTESIAN_POINT('Ctrl Pts',(0.9981792729602,1.05903465423414,0.2));
#6157=CARTESIAN_POINT('Ctrl Pts',(0.989750671429973,1.0585362384514,0.));
#6158=CARTESIAN_POINT('Ctrl Pts',(0.989750671429973,1.0585362384514,0.2));
#6159=CARTESIAN_POINT('',(1.03517091259814,1.07251169727237,0.));
#6160=CARTESIAN_POINT('Ctrl Pts',(0.989750671429973,1.0585362384514,0.));
#6161=CARTESIAN_POINT('Ctrl Pts',(0.9981792729602,1.05903465423414,0.));
#6162=CARTESIAN_POINT('Ctrl Pts',(1.01447900245716,1.05999852023332,0.));
#6163=CARTESIAN_POINT('Ctrl Pts',(1.02843268774036,1.06843683903068,0.));
#6164=CARTESIAN_POINT('Ctrl Pts',(1.03517091259814,1.07251169727237,0.));
#6165=CARTESIAN_POINT('',(1.03517091259814,1.07251169727237,0.2));
#6166=CARTESIAN_POINT('Ctrl Pts',(1.03517091259814,1.07251169727237,0.2));
#6167=CARTESIAN_POINT('Ctrl Pts',(1.02843268774036,1.06843683903068,0.2));
#6168=CARTESIAN_POINT('Ctrl Pts',(1.01447900245716,1.05999852023332,0.2));
#6169=CARTESIAN_POINT('Ctrl Pts',(0.9981792729602,1.05903465423414,0.2));
#6170=CARTESIAN_POINT('Ctrl Pts',(0.989750671429973,1.0585362384514,0.2));
#6171=CARTESIAN_POINT('',(1.03517091259814,1.07251169727237,0.));
#6172=CARTESIAN_POINT('Ctrl Pts',(1.06500308424101,1.11712563308838,0.));
#6173=CARTESIAN_POINT('Ctrl Pts',(1.06500308424101,1.11712563308838,0.2));
#6174=CARTESIAN_POINT('Ctrl Pts',(1.0613238060194,1.10785919222412,0.));
#6175=CARTESIAN_POINT('Ctrl Pts',(1.0613238060194,1.10785919222412,0.2));
#6176=CARTESIAN_POINT('Ctrl Pts',(1.05455300049604,1.09080658972803,0.));
#6177=CARTESIAN_POINT('Ctrl Pts',(1.05455300049604,1.09080658972803,0.2));
#6178=CARTESIAN_POINT('Ctrl Pts',(1.04124657998474,1.07824656350658,0.));
#6179=CARTESIAN_POINT('Ctrl Pts',(1.04124657998474,1.07824656350658,0.2));
#6180=CARTESIAN_POINT('Ctrl Pts',(1.03517091259814,1.07251169727237,0.));
#6181=CARTESIAN_POINT('Ctrl Pts',(1.03517091259814,1.07251169727237,0.2));
#6182=CARTESIAN_POINT('Ctrl Pts',(1.03517091259814,1.07251169727237,0.));
#6183=CARTESIAN_POINT('Ctrl Pts',(1.04124657998474,1.07824656350658,0.));
#6184=CARTESIAN_POINT('Ctrl Pts',(1.05455300049604,1.09080658972803,0.));
#6185=CARTESIAN_POINT('Ctrl Pts',(1.0613238060194,1.10785919222412,0.));
#6186=CARTESIAN_POINT('Ctrl Pts',(1.06500308424101,1.11712563308838,0.));
#6187=CARTESIAN_POINT('Ctrl Pts',(1.06500308424101,1.11712563308838,0.2));
#6188=CARTESIAN_POINT('Ctrl Pts',(1.0613238060194,1.10785919222412,0.2));
#6189=CARTESIAN_POINT('Ctrl Pts',(1.05455300049604,1.09080658972803,0.2));
#6190=CARTESIAN_POINT('Ctrl Pts',(1.04124657998474,1.07824656350658,0.2));
#6191=CARTESIAN_POINT('Ctrl Pts',(1.03517091259814,1.07251169727237,0.2));
#6192=CARTESIAN_POINT('Origin',(-0.151397996323239,1.21898508999924,0.2));
#6193=CARTESIAN_POINT('Origin',(-0.151397996323239,1.21898508999924,0.));
#6194=CARTESIAN_POINT('Origin',(0.440139339520312,1.41921018604851,0.));
#6195=CARTESIAN_POINT('',(0.440139339520312,1.02521020210328,0.));
#6196=CARTESIAN_POINT('',(0.440139339520312,1.41921018604851,0.));
#6197=CARTESIAN_POINT('',(0.440139339520312,1.02521020210328,0.));
#6198=CARTESIAN_POINT('',(0.440139339520312,1.02521020210328,0.2));
#6199=CARTESIAN_POINT('',(0.440139339520312,1.02521020210328,0.));
#6200=CARTESIAN_POINT('',(0.440139339520312,1.41921018604851,0.2));
#6201=CARTESIAN_POINT('',(0.440139339520312,1.02521020210328,0.2));
#6202=CARTESIAN_POINT('',(0.440139339520312,1.41921018604851,0.));
#6203=CARTESIAN_POINT('Origin',(0.488515783338172,1.41921018604851,0.));
#6204=CARTESIAN_POINT('',(0.488515783338172,1.41921018604851,0.));
#6205=CARTESIAN_POINT('',(0.440139339520312,1.41921018604851,0.));
#6206=CARTESIAN_POINT('',(0.488515783338172,1.41921018604851,0.2));
#6207=CARTESIAN_POINT('',(0.440139339520312,1.41921018604851,0.2));
#6208=CARTESIAN_POINT('',(0.488515783338172,1.41921018604851,0.));
#6209=CARTESIAN_POINT('Origin',(0.488515783338172,1.02521020210328,0.));
#6210=CARTESIAN_POINT('',(0.488515783338172,1.02521020210328,0.));
#6211=CARTESIAN_POINT('',(0.488515783338172,1.41921018604851,0.));
#6212=CARTESIAN_POINT('',(0.488515783338172,1.02521020210328,0.2));
#6213=CARTESIAN_POINT('',(0.488515783338172,1.41921018604851,0.2));
#6214=CARTESIAN_POINT('',(0.488515783338172,1.02521020210328,0.));
#6215=CARTESIAN_POINT('Origin',(0.440139339520312,1.02521020210328,0.));
#6216=CARTESIAN_POINT('',(0.488515783338172,1.02521020210328,0.));
#6217=CARTESIAN_POINT('',(0.488515783338172,1.02521020210328,0.2));
#6218=CARTESIAN_POINT('Origin',(-0.151397996323239,1.21898508999924,0.2));
#6219=CARTESIAN_POINT('Origin',(-0.151397996323239,1.21898508999924,0.));
#6220=CARTESIAN_POINT('Origin',(-0.254601323842927,1.41921018604851,0.));
#6221=CARTESIAN_POINT('',(-0.254601323842927,1.02521020210328,0.));
#6222=CARTESIAN_POINT('',(-0.254601323842927,1.41921018604851,0.));
#6223=CARTESIAN_POINT('',(-0.254601323842927,1.02521020210328,0.));
#6224=CARTESIAN_POINT('',(-0.254601323842927,1.02521020210328,0.2));
#6225=CARTESIAN_POINT('',(-0.254601323842927,1.02521020210328,0.));
#6226=CARTESIAN_POINT('',(-0.254601323842927,1.41921018604851,0.2));
#6227=CARTESIAN_POINT('',(-0.254601323842927,1.02521020210328,0.2));
#6228=CARTESIAN_POINT('',(-0.254601323842927,1.41921018604851,0.));
#6229=CARTESIAN_POINT('Origin',(-0.202462184292049,1.41921018604851,0.));
#6230=CARTESIAN_POINT('',(-0.202462184292049,1.41921018604851,0.));
#6231=CARTESIAN_POINT('',(-0.254601323842927,1.41921018604851,0.));
#6232=CARTESIAN_POINT('',(-0.202462184292049,1.41921018604851,0.2));
#6233=CARTESIAN_POINT('',(-0.254601323842927,1.41921018604851,0.2));
#6234=CARTESIAN_POINT('',(-0.202462184292049,1.41921018604851,0.));
#6235=CARTESIAN_POINT('Origin',(-0.202462184292049,1.25741755482413,0.));
#6236=CARTESIAN_POINT('',(-0.202462184292049,1.25741755482413,0.));
#6237=CARTESIAN_POINT('',(-0.202462184292049,1.41921018604851,0.));
#6238=CARTESIAN_POINT('',(-0.202462184292049,1.25741755482413,0.2));
#6239=CARTESIAN_POINT('',(-0.202462184292049,1.41921018604851,0.2));
#6240=CARTESIAN_POINT('',(-0.202462184292049,1.25741755482413,0.));
#6241=CARTESIAN_POINT('Origin',(0.00233186590960705,1.25741755482413,0.));
#6242=CARTESIAN_POINT('',(0.00233186590960705,1.25741755482413,0.));
#6243=CARTESIAN_POINT('',(-0.202462184292049,1.25741755482413,0.));
#6244=CARTESIAN_POINT('',(0.00233186590960705,1.25741755482413,0.2));
#6245=CARTESIAN_POINT('',(-0.202462184292049,1.25741755482413,0.2));
#6246=CARTESIAN_POINT('',(0.00233186590960705,1.25741755482413,0.));
#6247=CARTESIAN_POINT('Origin',(0.00233186590960705,1.41921018604851,0.));
#6248=CARTESIAN_POINT('',(0.00233186590960705,1.41921018604851,0.));
#6249=CARTESIAN_POINT('',(0.00233186590960705,1.25741755482413,0.));
#6250=CARTESIAN_POINT('',(0.00233186590960705,1.41921018604851,0.2));
#6251=CARTESIAN_POINT('',(0.00233186590960705,1.25741755482413,0.2));
#6252=CARTESIAN_POINT('',(0.00233186590960705,1.41921018604851,0.));
#6253=CARTESIAN_POINT('Origin',(0.0544710054604844,1.41921018604851,0.));
#6254=CARTESIAN_POINT('',(0.0544710054604844,1.41921018604851,0.));
#6255=CARTESIAN_POINT('',(0.00233186590960705,1.41921018604851,0.));
#6256=CARTESIAN_POINT('',(0.0544710054604844,1.41921018604851,0.2));
#6257=CARTESIAN_POINT('',(0.00233186590960705,1.41921018604851,0.2));
#6258=CARTESIAN_POINT('',(0.0544710054604844,1.41921018604851,0.));
#6259=CARTESIAN_POINT('Origin',(0.0544710054604844,1.02521020210328,0.));
#6260=CARTESIAN_POINT('',(0.0544710054604844,1.02521020210328,0.));
#6261=CARTESIAN_POINT('',(0.0544710054604844,1.41921018604851,0.));
#6262=CARTESIAN_POINT('',(0.0544710054604844,1.02521020210328,0.2));
#6263=CARTESIAN_POINT('',(0.0544710054604844,1.41921018604851,0.2));
#6264=CARTESIAN_POINT('',(0.0544710054604844,1.02521020210328,0.));
#6265=CARTESIAN_POINT('Origin',(0.00233186590960705,1.02521020210328,0.));
#6266=CARTESIAN_POINT('',(0.00233186590960705,1.02521020210328,0.));
#6267=CARTESIAN_POINT('',(0.0544710054604844,1.02521020210328,0.));
#6268=CARTESIAN_POINT('',(0.00233186590960705,1.02521020210328,0.2));
#6269=CARTESIAN_POINT('',(0.0544710054604844,1.02521020210328,0.2));
#6270=CARTESIAN_POINT('',(0.00233186590960705,1.02521020210328,0.));
#6271=CARTESIAN_POINT('Origin',(0.00233186590960705,1.2109223415408,0.));
#6272=CARTESIAN_POINT('',(0.00233186590960705,1.2109223415408,0.));
#6273=CARTESIAN_POINT('',(0.00233186590960705,1.02521020210328,0.));
#6274=CARTESIAN_POINT('',(0.00233186590960705,1.2109223415408,0.2));
#6275=CARTESIAN_POINT('',(0.00233186590960705,1.02521020210328,0.2));
#6276=CARTESIAN_POINT('',(0.00233186590960705,1.2109223415408,0.));
#6277=CARTESIAN_POINT('Origin',(-0.202462184292049,1.2109223415408,0.));
#6278=CARTESIAN_POINT('',(-0.202462184292049,1.2109223415408,0.));
#6279=CARTESIAN_POINT('',(0.00233186590960705,1.2109223415408,0.));
#6280=CARTESIAN_POINT('',(-0.202462184292049,1.2109223415408,0.2));
#6281=CARTESIAN_POINT('',(0.00233186590960705,1.2109223415408,0.2));
#6282=CARTESIAN_POINT('',(-0.202462184292049,1.2109223415408,0.));
#6283=CARTESIAN_POINT('Origin',(-0.202462184292049,1.02521020210328,0.));
#6284=CARTESIAN_POINT('',(-0.202462184292049,1.02521020210328,0.));
#6285=CARTESIAN_POINT('',(-0.202462184292049,1.2109223415408,0.));
#6286=CARTESIAN_POINT('',(-0.202462184292049,1.02521020210328,0.2));
#6287=CARTESIAN_POINT('',(-0.202462184292049,1.2109223415408,0.2));
#6288=CARTESIAN_POINT('',(-0.202462184292049,1.02521020210328,0.));
#6289=CARTESIAN_POINT('Origin',(-0.254601323842927,1.02521020210328,0.));
#6290=CARTESIAN_POINT('',(-0.202462184292049,1.02521020210328,0.));
#6291=CARTESIAN_POINT('',(-0.202462184292049,1.02521020210328,0.2));
#6292=CARTESIAN_POINT('Origin',(-0.151397996323239,1.21898508999924,0.2));
#6293=CARTESIAN_POINT('Origin',(-0.151397996323239,1.21898508999924,0.));
#6294=CARTESIAN_POINT('Origin',(-0.372586230737881,1.19533434241469,0.));
#6295=CARTESIAN_POINT('',(-0.531960039771372,1.19533434241469,0.));
#6296=CARTESIAN_POINT('',(-0.372586230737881,1.19533434241469,0.));
#6297=CARTESIAN_POINT('',(-0.531960039771372,1.19533434241469,0.));
#6298=CARTESIAN_POINT('',(-0.531960039771372,1.19533434241469,0.2));
#6299=CARTESIAN_POINT('',(-0.531960039771372,1.19533434241469,0.));
#6300=CARTESIAN_POINT('',(-0.372586230737881,1.19533434241469,0.2));
#6301=CARTESIAN_POINT('',(-0.531960039771372,1.19533434241469,0.2));
#6302=CARTESIAN_POINT('',(-0.372586230737881,1.19533434241469,0.));
#6303=CARTESIAN_POINT('Ctrl Pts',(-0.390861859616256,1.24935480636568,0.));
#6304=CARTESIAN_POINT('Ctrl Pts',(-0.390861859616256,1.24935480636568,0.2));
#6305=CARTESIAN_POINT('Ctrl Pts',(-0.386300563437819,1.2420414365942,0.));
#6306=CARTESIAN_POINT('Ctrl Pts',(-0.386300563437819,1.2420414365942,0.2));
#6307=CARTESIAN_POINT('Ctrl Pts',(-0.376006834888988,1.22553695184692,0.));
#6308=CARTESIAN_POINT('Ctrl Pts',(-0.376006834888988,1.22553695184692,0.2));
#6309=CARTESIAN_POINT('Ctrl Pts',(-0.373809754079556,1.20613757950012,0.));
#6310=CARTESIAN_POINT('Ctrl Pts',(-0.373809754079556,1.20613757950012,0.2));
#6311=CARTESIAN_POINT('Ctrl Pts',(-0.372586230737881,1.19533434241469,0.));
#6312=CARTESIAN_POINT('Ctrl Pts',(-0.372586230737881,1.19533434241469,0.2));
#6313=CARTESIAN_POINT('',(-0.390861859616256,1.24935480636568,0.));
#6314=CARTESIAN_POINT('Ctrl Pts',(-0.372586230737881,1.19533434241469,0.));
#6315=CARTESIAN_POINT('Ctrl Pts',(-0.373809754079556,1.20613757950012,0.));
#6316=CARTESIAN_POINT('Ctrl Pts',(-0.376006834888988,1.22553695184692,0.));
#6317=CARTESIAN_POINT('Ctrl Pts',(-0.386300563437819,1.2420414365942,0.));
#6318=CARTESIAN_POINT('Ctrl Pts',(-0.390861859616256,1.24935480636568,0.));
#6319=CARTESIAN_POINT('',(-0.390861859616256,1.24935480636568,0.2));
#6320=CARTESIAN_POINT('Ctrl Pts',(-0.390861859616256,1.24935480636568,0.2));
#6321=CARTESIAN_POINT('Ctrl Pts',(-0.386300563437819,1.2420414365942,0.2));
#6322=CARTESIAN_POINT('Ctrl Pts',(-0.376006834888988,1.22553695184692,0.2));
#6323=CARTESIAN_POINT('Ctrl Pts',(-0.373809754079556,1.20613757950012,0.2));
#6324=CARTESIAN_POINT('Ctrl Pts',(-0.372586230737881,1.19533434241469,0.2));
#6325=CARTESIAN_POINT('',(-0.390861859616256,1.24935480636568,0.));
#6326=CARTESIAN_POINT('Ctrl Pts',(-0.450795033929779,1.27730570054124,0.));
#6327=CARTESIAN_POINT('Ctrl Pts',(-0.450795033929779,1.27730570054124,0.2));
#6328=CARTESIAN_POINT('Ctrl Pts',(-0.439109800524241,1.2761615128818,0.));
#6329=CARTESIAN_POINT('Ctrl Pts',(-0.439109800524241,1.2761615128818,0.2));
#6330=CARTESIAN_POINT('Ctrl Pts',(-0.41584074476452,1.27388306746927,0.));
#6331=CARTESIAN_POINT('Ctrl Pts',(-0.41584074476452,1.27388306746927,0.2));
#6332=CARTESIAN_POINT('Ctrl Pts',(-0.399163927732909,1.25750710352612,0.));
#6333=CARTESIAN_POINT('Ctrl Pts',(-0.399163927732909,1.25750710352612,0.2));
#6334=CARTESIAN_POINT('Ctrl Pts',(-0.390861859616256,1.24935480636568,0.));
#6335=CARTESIAN_POINT('Ctrl Pts',(-0.390861859616256,1.24935480636568,0.2));
#6336=CARTESIAN_POINT('',(-0.450795033929779,1.27730570054124,0.));
#6337=CARTESIAN_POINT('Ctrl Pts',(-0.390861859616256,1.24935480636568,0.));
#6338=CARTESIAN_POINT('Ctrl Pts',(-0.399163927732909,1.25750710352612,0.));
#6339=CARTESIAN_POINT('Ctrl Pts',(-0.41584074476452,1.27388306746927,0.));
#6340=CARTESIAN_POINT('Ctrl Pts',(-0.439109800524241,1.2761615128818,0.));
#6341=CARTESIAN_POINT('Ctrl Pts',(-0.450795033929779,1.27730570054124,0.));
#6342=CARTESIAN_POINT('',(-0.450795033929779,1.27730570054124,0.2));
#6343=CARTESIAN_POINT('Ctrl Pts',(-0.450795033929779,1.27730570054124,0.2));
#6344=CARTESIAN_POINT('Ctrl Pts',(-0.439109800524241,1.2761615128818,0.2));
#6345=CARTESIAN_POINT('Ctrl Pts',(-0.41584074476452,1.27388306746927,0.2));
#6346=CARTESIAN_POINT('Ctrl Pts',(-0.399163927732909,1.25750710352612,0.2));
#6347=CARTESIAN_POINT('Ctrl Pts',(-0.390861859616256,1.24935480636568,0.2));
#6348=CARTESIAN_POINT('',(-0.450795033929779,1.27730570054124,0.));
#6349=CARTESIAN_POINT('Ctrl Pts',(-0.506831190861979,1.25499873263323,0.));
#6350=CARTESIAN_POINT('Ctrl Pts',(-0.506831190861979,1.25499873263323,0.2));
#6351=CARTESIAN_POINT('Ctrl Pts',(-0.498749205137837,1.26150462925186,0.));
#6352=CARTESIAN_POINT('Ctrl Pts',(-0.498749205137837,1.26150462925186,0.2));
#6353=CARTESIAN_POINT('Ctrl Pts',(-0.482375070663559,1.27468560107553,0.));
#6354=CARTESIAN_POINT('Ctrl Pts',(-0.482375070663559,1.27468560107553,0.2));
#6355=CARTESIAN_POINT('Ctrl Pts',(-0.461411402830955,1.27642489274737,0.));
#6356=CARTESIAN_POINT('Ctrl Pts',(-0.461411402830955,1.27642489274737,0.2));
#6357=CARTESIAN_POINT('Ctrl Pts',(-0.450795033929779,1.27730570054124,0.));
#6358=CARTESIAN_POINT('Ctrl Pts',(-0.450795033929779,1.27730570054124,0.2));
#6359=CARTESIAN_POINT('',(-0.506831190861979,1.25499873263323,0.));
#6360=CARTESIAN_POINT('Ctrl Pts',(-0.450795033929779,1.27730570054124,0.));
#6361=CARTESIAN_POINT('Ctrl Pts',(-0.461411402830955,1.27642489274737,0.));
#6362=CARTESIAN_POINT('Ctrl Pts',(-0.482375070663559,1.27468560107553,0.));
#6363=CARTESIAN_POINT('Ctrl Pts',(-0.498749205137837,1.26150462925186,0.));
#6364=CARTESIAN_POINT('Ctrl Pts',(-0.506831190861979,1.25499873263323,0.));
#6365=CARTESIAN_POINT('',(-0.506831190861979,1.25499873263323,0.2));
#6366=CARTESIAN_POINT('Ctrl Pts',(-0.506831190861979,1.25499873263323,0.2));
#6367=CARTESIAN_POINT('Ctrl Pts',(-0.498749205137837,1.26150462925186,0.2));
#6368=CARTESIAN_POINT('Ctrl Pts',(-0.482375070663559,1.27468560107553,0.2));
#6369=CARTESIAN_POINT('Ctrl Pts',(-0.461411402830955,1.27642489274737,0.2));
#6370=CARTESIAN_POINT('Ctrl Pts',(-0.450795033929779,1.27730570054124,0.2));
#6371=CARTESIAN_POINT('',(-0.506831190861979,1.25499873263323,0.));
#6372=CARTESIAN_POINT('Ctrl Pts',(-0.531960039771372,1.19533434241469,0.));
#6373=CARTESIAN_POINT('Ctrl Pts',(-0.531960039771372,1.19533434241469,0.2));
#6374=CARTESIAN_POINT('Ctrl Pts',(-0.53048973944465,1.20697540618816,0.));
#6375=CARTESIAN_POINT('Ctrl Pts',(-0.53048973944465,1.20697540618816,0.2));
#6376=CARTESIAN_POINT('Ctrl Pts',(-0.527674923648507,1.22926163546929,0.));
#6377=CARTESIAN_POINT('Ctrl Pts',(-0.527674923648507,1.22926163546929,0.2));
#6378=CARTESIAN_POINT('Ctrl Pts',(-0.513568985806082,1.24667914396248,0.));
#6379=CARTESIAN_POINT('Ctrl Pts',(-0.513568985806082,1.24667914396248,0.2));
#6380=CARTESIAN_POINT('Ctrl Pts',(-0.506831190861979,1.25499873263323,0.));
#6381=CARTESIAN_POINT('Ctrl Pts',(-0.506831190861979,1.25499873263323,0.2));
#6382=CARTESIAN_POINT('Ctrl Pts',(-0.506831190861979,1.25499873263323,0.));
#6383=CARTESIAN_POINT('Ctrl Pts',(-0.513568985806082,1.24667914396248,0.));
#6384=CARTESIAN_POINT('Ctrl Pts',(-0.527674923648507,1.22926163546929,0.));
#6385=CARTESIAN_POINT('Ctrl Pts',(-0.53048973944465,1.20697540618816,0.));
#6386=CARTESIAN_POINT('Ctrl Pts',(-0.531960039771372,1.19533434241469,0.));
#6387=CARTESIAN_POINT('Ctrl Pts',(-0.531960039771372,1.19533434241469,0.2));
#6388=CARTESIAN_POINT('Ctrl Pts',(-0.53048973944465,1.20697540618816,0.2));
#6389=CARTESIAN_POINT('Ctrl Pts',(-0.527674923648507,1.22926163546929,0.2));
#6390=CARTESIAN_POINT('Ctrl Pts',(-0.513568985806082,1.24667914396248,0.2));
#6391=CARTESIAN_POINT('Ctrl Pts',(-0.506831190861979,1.25499873263323,0.2));
#6392=CARTESIAN_POINT('Origin',(-0.323134650540088,1.11094416209726,0.));
#6393=CARTESIAN_POINT('',(-0.373123798927847,1.11712563308838,0.));
#6394=CARTESIAN_POINT('',(-0.323134650540088,1.11094416209726,0.));
#6395=CARTESIAN_POINT('',(-0.373123798927847,1.11712563308838,0.));
#6396=CARTESIAN_POINT('',(-0.373123798927847,1.11712563308838,0.2));
#6397=CARTESIAN_POINT('',(-0.373123798927847,1.11712563308838,0.));
#6398=CARTESIAN_POINT('',(-0.323134650540088,1.11094416209726,0.2));
#6399=CARTESIAN_POINT('',(-0.373123798927847,1.11712563308838,0.2));
#6400=CARTESIAN_POINT('',(-0.323134650540088,1.11094416209726,0.));
#6401=CARTESIAN_POINT('Ctrl Pts',(-0.366942374869519,1.04294826279169,0.));
#6402=CARTESIAN_POINT('Ctrl Pts',(-0.366942374869519,1.04294826279169,0.2));
#6403=CARTESIAN_POINT('Ctrl Pts',(-0.357061565706192,1.05205894829283,0.));
#6404=CARTESIAN_POINT('Ctrl Pts',(-0.357061565706192,1.05205894829283,0.2));
#6405=CARTESIAN_POINT('Ctrl Pts',(-0.33661511246009,1.07091177725248,0.));
#6406=CARTESIAN_POINT('Ctrl Pts',(-0.33661511246009,1.07091177725248,0.2));
#6407=CARTESIAN_POINT('Ctrl Pts',(-0.327727366769749,1.09730535767945,0.));
#6408=CARTESIAN_POINT('Ctrl Pts',(-0.327727366769749,1.09730535767945,0.2));
#6409=CARTESIAN_POINT('Ctrl Pts',(-0.323134650540088,1.11094416209726,0.));
#6410=CARTESIAN_POINT('Ctrl Pts',(-0.323134650540088,1.11094416209726,0.2));
#6411=CARTESIAN_POINT('',(-0.366942374869519,1.04294826279169,0.));
#6412=CARTESIAN_POINT('Ctrl Pts',(-0.323134650540088,1.11094416209726,0.));
#6413=CARTESIAN_POINT('Ctrl Pts',(-0.327727366769749,1.09730535767945,0.));
#6414=CARTESIAN_POINT('Ctrl Pts',(-0.33661511246009,1.07091177725248,0.));
#6415=CARTESIAN_POINT('Ctrl Pts',(-0.357061565706192,1.05205894829283,0.));
#6416=CARTESIAN_POINT('Ctrl Pts',(-0.366942374869519,1.04294826279169,0.));
#6417=CARTESIAN_POINT('',(-0.366942374869519,1.04294826279169,0.2));
#6418=CARTESIAN_POINT('Ctrl Pts',(-0.366942374869519,1.04294826279169,0.2));
#6419=CARTESIAN_POINT('Ctrl Pts',(-0.357061565706192,1.05205894829283,0.2));
#6420=CARTESIAN_POINT('Ctrl Pts',(-0.33661511246009,1.07091177725248,0.2));
#6421=CARTESIAN_POINT('Ctrl Pts',(-0.327727366769749,1.09730535767945,0.2));
#6422=CARTESIAN_POINT('Ctrl Pts',(-0.323134650540088,1.11094416209726,0.2));
#6423=CARTESIAN_POINT('',(-0.366942374869519,1.04294826279169,0.));
#6424=CARTESIAN_POINT('Ctrl Pts',(-0.448644948901078,1.01875999394997,0.));
#6425=CARTESIAN_POINT('Ctrl Pts',(-0.448644948901078,1.01875999394997,0.2));
#6426=CARTESIAN_POINT('Ctrl Pts',(-0.43316253598622,1.01951280795719,0.));
#6427=CARTESIAN_POINT('Ctrl Pts',(-0.43316253598622,1.01951280795719,0.2));
#6428=CARTESIAN_POINT('Ctrl Pts',(-0.403892964244249,1.02093600624766,0.));
#6429=CARTESIAN_POINT('Ctrl Pts',(-0.403892964244249,1.02093600624766,0.2));
#6430=CARTESIAN_POINT('Ctrl Pts',(-0.378774291453325,1.03589973697228,0.));
#6431=CARTESIAN_POINT('Ctrl Pts',(-0.378774291453325,1.03589973697228,0.2));
#6432=CARTESIAN_POINT('Ctrl Pts',(-0.366942374869519,1.04294826279169,0.));
#6433=CARTESIAN_POINT('Ctrl Pts',(-0.366942374869519,1.04294826279169,0.2));
#6434=CARTESIAN_POINT('',(-0.448644948901078,1.01875999394997,0.));
#6435=CARTESIAN_POINT('Ctrl Pts',(-0.366942374869519,1.04294826279169,0.));
#6436=CARTESIAN_POINT('Ctrl Pts',(-0.378774291453325,1.03589973697228,0.));
#6437=CARTESIAN_POINT('Ctrl Pts',(-0.403892964244249,1.02093600624766,0.));
#6438=CARTESIAN_POINT('Ctrl Pts',(-0.43316253598622,1.01951280795719,0.));
#6439=CARTESIAN_POINT('Ctrl Pts',(-0.448644948901078,1.01875999394997,0.));
#6440=CARTESIAN_POINT('',(-0.448644948901078,1.01875999394997,0.2));
#6441=CARTESIAN_POINT('Ctrl Pts',(-0.448644948901078,1.01875999394997,0.2));
#6442=CARTESIAN_POINT('Ctrl Pts',(-0.43316253598622,1.01951280795719,0.2));
#6443=CARTESIAN_POINT('Ctrl Pts',(-0.403892964244249,1.02093600624766,0.2));
#6444=CARTESIAN_POINT('Ctrl Pts',(-0.378774291453325,1.03589973697228,0.2));
#6445=CARTESIAN_POINT('Ctrl Pts',(-0.366942374869519,1.04294826279169,0.2));
#6446=CARTESIAN_POINT('',(-0.448644948901078,1.01875999394997,0.));
#6447=CARTESIAN_POINT('Ctrl Pts',(-0.54795116810716,1.05732682735595,0.));
#6448=CARTESIAN_POINT('Ctrl Pts',(-0.54795116810716,1.05732682735595,0.2));
#6449=CARTESIAN_POINT('Ctrl Pts',(-0.534201037537523,1.04608464112208,0.));
#6450=CARTESIAN_POINT('Ctrl Pts',(-0.534201037537523,1.04608464112208,0.2));
#6451=CARTESIAN_POINT('Ctrl Pts',(-0.505379082946771,1.02251964444859,0.));
#6452=CARTESIAN_POINT('Ctrl Pts',(-0.505379082946771,1.02251964444859,0.2));
#6453=CARTESIAN_POINT('Ctrl Pts',(-0.46812577081637,1.02005094661999,0.));
#6454=CARTESIAN_POINT('Ctrl Pts',(-0.46812577081637,1.02005094661999,0.2));
#6455=CARTESIAN_POINT('Ctrl Pts',(-0.448644948901078,1.01875999394997,0.));
#6456=CARTESIAN_POINT('Ctrl Pts',(-0.448644948901078,1.01875999394997,0.2));
#6457=CARTESIAN_POINT('',(-0.54795116810716,1.05732682735595,0.));
#6458=CARTESIAN_POINT('Ctrl Pts',(-0.448644948901078,1.01875999394997,0.));
#6459=CARTESIAN_POINT('Ctrl Pts',(-0.46812577081637,1.02005094661999,0.));
#6460=CARTESIAN_POINT('Ctrl Pts',(-0.505379082946771,1.02251964444859,0.));
#6461=CARTESIAN_POINT('Ctrl Pts',(-0.534201037537523,1.04608464112208,0.));
#6462=CARTESIAN_POINT('Ctrl Pts',(-0.54795116810716,1.05732682735595,0.));
#6463=CARTESIAN_POINT('',(-0.54795116810716,1.05732682735595,0.2));
#6464=CARTESIAN_POINT('Ctrl Pts',(-0.54795116810716,1.05732682735595,0.2));
#6465=CARTESIAN_POINT('Ctrl Pts',(-0.534201037537523,1.04608464112208,0.2));
#6466=CARTESIAN_POINT('Ctrl Pts',(-0.505379082946771,1.02251964444859,0.2));
#6467=CARTESIAN_POINT('Ctrl Pts',(-0.46812577081637,1.02005094661999,0.2));
#6468=CARTESIAN_POINT('Ctrl Pts',(-0.448644948901078,1.01875999394997,0.2));
#6469=CARTESIAN_POINT('',(-0.54795116810716,1.05732682735595,0.));
#6470=CARTESIAN_POINT('Ctrl Pts',(-0.584636747512216,1.16550214730542,0.));
#6471=CARTESIAN_POINT('Ctrl Pts',(-0.584636747512216,1.16550214730542,0.2));
#6472=CARTESIAN_POINT('Ctrl Pts',(-0.583616780416214,1.14416191035651,0.));
#6473=CARTESIAN_POINT('Ctrl Pts',(-0.583616780416214,1.14416191035651,0.2));
#6474=CARTESIAN_POINT('Ctrl Pts',(-0.58171783306353,1.10443123020161,0.));
#6475=CARTESIAN_POINT('Ctrl Pts',(-0.58171783306353,1.10443123020161,0.2));
#6476=CARTESIAN_POINT('Ctrl Pts',(-0.558635475261374,1.07223140584983,0.));
#6477=CARTESIAN_POINT('Ctrl Pts',(-0.558635475261374,1.07223140584983,0.2));
#6478=CARTESIAN_POINT('Ctrl Pts',(-0.54795116810716,1.05732682735595,0.));
#6479=CARTESIAN_POINT('Ctrl Pts',(-0.54795116810716,1.05732682735595,0.2));
#6480=CARTESIAN_POINT('',(-0.584636747512216,1.16550214730542,0.));
#6481=CARTESIAN_POINT('Ctrl Pts',(-0.54795116810716,1.05732682735595,0.));
#6482=CARTESIAN_POINT('Ctrl Pts',(-0.558635475261374,1.07223140584983,0.));
#6483=CARTESIAN_POINT('Ctrl Pts',(-0.58171783306353,1.10443123020161,0.));
#6484=CARTESIAN_POINT('Ctrl Pts',(-0.583616780416214,1.14416191035651,0.));
#6485=CARTESIAN_POINT('Ctrl Pts',(-0.584636747512216,1.16550214730542,0.));
#6486=CARTESIAN_POINT('',(-0.584636747512216,1.16550214730542,0.2));
#6487=CARTESIAN_POINT('Ctrl Pts',(-0.584636747512216,1.16550214730542,0.2));
#6488=CARTESIAN_POINT('Ctrl Pts',(-0.583616780416214,1.14416191035651,0.2));
#6489=CARTESIAN_POINT('Ctrl Pts',(-0.58171783306353,1.10443123020161,0.2));
#6490=CARTESIAN_POINT('Ctrl Pts',(-0.558635475261374,1.07223140584983,0.2));
#6491=CARTESIAN_POINT('Ctrl Pts',(-0.54795116810716,1.05732682735595,0.2));
#6492=CARTESIAN_POINT('',(-0.584636747512216,1.16550214730542,0.));
#6493=CARTESIAN_POINT('Ctrl Pts',(-0.547548109296663,1.27730570054124,0.));
#6494=CARTESIAN_POINT('Ctrl Pts',(-0.547548109296663,1.27730570054124,0.2));
#6495=CARTESIAN_POINT('Ctrl Pts',(-0.558348422315693,1.26189188191567,0.));
#6496=CARTESIAN_POINT('Ctrl Pts',(-0.558348422315693,1.26189188191567,0.2));
#6497=CARTESIAN_POINT('Ctrl Pts',(-0.581763095368283,1.22847530195417,0.));
#6498=CARTESIAN_POINT('Ctrl Pts',(-0.581763095368283,1.22847530195417,0.2));
#6499=CARTESIAN_POINT('Ctrl Pts',(-0.583630634395938,1.18755008967704,0.));
#6500=CARTESIAN_POINT('Ctrl Pts',(-0.583630634395938,1.18755008967704,0.2));
#6501=CARTESIAN_POINT('Ctrl Pts',(-0.584636747512216,1.16550214730542,0.));
#6502=CARTESIAN_POINT('Ctrl Pts',(-0.584636747512216,1.16550214730542,0.2));
#6503=CARTESIAN_POINT('',(-0.547548109296663,1.27730570054124,0.));
#6504=CARTESIAN_POINT('Ctrl Pts',(-0.584636747512216,1.16550214730542,0.));
#6505=CARTESIAN_POINT('Ctrl Pts',(-0.583630634395938,1.18755008967704,0.));
#6506=CARTESIAN_POINT('Ctrl Pts',(-0.581763095368283,1.22847530195417,0.));
#6507=CARTESIAN_POINT('Ctrl Pts',(-0.558348422315693,1.26189188191567,0.));
#6508=CARTESIAN_POINT('Ctrl Pts',(-0.547548109296663,1.27730570054124,0.));
#6509=CARTESIAN_POINT('',(-0.547548109296663,1.27730570054124,0.2));
#6510=CARTESIAN_POINT('Ctrl Pts',(-0.547548109296663,1.27730570054124,0.2));
#6511=CARTESIAN_POINT('Ctrl Pts',(-0.558348422315693,1.26189188191567,0.2));
#6512=CARTESIAN_POINT('Ctrl Pts',(-0.581763095368283,1.22847530195417,0.2));
#6513=CARTESIAN_POINT('Ctrl Pts',(-0.583630634395938,1.18755008967704,0.2));
#6514=CARTESIAN_POINT('Ctrl Pts',(-0.584636747512216,1.16550214730542,0.2));
#6515=CARTESIAN_POINT('',(-0.547548109296663,1.27730570054124,0.));
#6516=CARTESIAN_POINT('Ctrl Pts',(-0.451332508254163,1.31708194504267,0.));
#6517=CARTESIAN_POINT('Ctrl Pts',(-0.451332508254163,1.31708194504267,0.2));
#6518=CARTESIAN_POINT('Ctrl Pts',(-0.469968458195513,1.31558751650124,0.));
#6519=CARTESIAN_POINT('Ctrl Pts',(-0.469968458195513,1.31558751650124,0.2));
#6520=CARTESIAN_POINT('Ctrl Pts',(-0.506377046389387,1.31266788892545,0.));
#6521=CARTESIAN_POINT('Ctrl Pts',(-0.506377046389387,1.31266788892545,0.2));
#6522=CARTESIAN_POINT('Ctrl Pts',(-0.53404309186693,1.28890527890427,0.));
#6523=CARTESIAN_POINT('Ctrl Pts',(-0.53404309186693,1.28890527890427,0.2));
#6524=CARTESIAN_POINT('Ctrl Pts',(-0.547548109296663,1.27730570054124,0.));
#6525=CARTESIAN_POINT('Ctrl Pts',(-0.547548109296663,1.27730570054124,0.2));
#6526=CARTESIAN_POINT('',(-0.451332508254163,1.31708194504267,0.));
#6527=CARTESIAN_POINT('Ctrl Pts',(-0.547548109296663,1.27730570054124,0.));
#6528=CARTESIAN_POINT('Ctrl Pts',(-0.53404309186693,1.28890527890427,0.));
#6529=CARTESIAN_POINT('Ctrl Pts',(-0.506377046389387,1.31266788892545,0.));
#6530=CARTESIAN_POINT('Ctrl Pts',(-0.469968458195513,1.31558751650124,0.));
#6531=CARTESIAN_POINT('Ctrl Pts',(-0.451332508254163,1.31708194504267,0.));
#6532=CARTESIAN_POINT('',(-0.451332508254163,1.31708194504267,0.2));
#6533=CARTESIAN_POINT('Ctrl Pts',(-0.451332508254163,1.31708194504267,0.2));
#6534=CARTESIAN_POINT('Ctrl Pts',(-0.469968458195513,1.31558751650124,0.2));
#6535=CARTESIAN_POINT('Ctrl Pts',(-0.506377046389387,1.31266788892545,0.2));
#6536=CARTESIAN_POINT('Ctrl Pts',(-0.53404309186693,1.28890527890427,0.2));
#6537=CARTESIAN_POINT('Ctrl Pts',(-0.547548109296663,1.27730570054124,0.2));
#6538=CARTESIAN_POINT('',(-0.451332508254163,1.31708194504267,0.));
#6539=CARTESIAN_POINT('Ctrl Pts',(-0.357804560430331,1.2781119589606,0.));
#6540=CARTESIAN_POINT('Ctrl Pts',(-0.357804560430331,1.2781119589606,0.2));
#6541=CARTESIAN_POINT('Ctrl Pts',(-0.370961108563762,1.28947686051451,0.));
#6542=CARTESIAN_POINT('Ctrl Pts',(-0.370961108563762,1.28947686051451,0.2));
#6543=CARTESIAN_POINT('Ctrl Pts',(-0.397826406025535,1.31268366656828,0.));
#6544=CARTESIAN_POINT('Ctrl Pts',(-0.397826406025535,1.31268366656828,0.2));
#6545=CARTESIAN_POINT('Ctrl Pts',(-0.4332544065853,1.31559589911302,0.));
#6546=CARTESIAN_POINT('Ctrl Pts',(-0.4332544065853,1.31559589911302,0.2));
#6547=CARTESIAN_POINT('Ctrl Pts',(-0.451332508254163,1.31708194504267,0.));
#6548=CARTESIAN_POINT('Ctrl Pts',(-0.451332508254163,1.31708194504267,0.2));
#6549=CARTESIAN_POINT('',(-0.357804560430331,1.2781119589606,0.));
#6550=CARTESIAN_POINT('Ctrl Pts',(-0.451332508254163,1.31708194504267,0.));
#6551=CARTESIAN_POINT('Ctrl Pts',(-0.4332544065853,1.31559589911302,0.));
#6552=CARTESIAN_POINT('Ctrl Pts',(-0.397826406025535,1.31268366656828,0.));
#6553=CARTESIAN_POINT('Ctrl Pts',(-0.370961108563762,1.28947686051451,0.));
#6554=CARTESIAN_POINT('Ctrl Pts',(-0.357804560430331,1.2781119589606,0.));
#6555=CARTESIAN_POINT('',(-0.357804560430331,1.2781119589606,0.2));
#6556=CARTESIAN_POINT('Ctrl Pts',(-0.357804560430331,1.2781119589606,0.2));
#6557=CARTESIAN_POINT('Ctrl Pts',(-0.370961108563762,1.28947686051451,0.2));
#6558=CARTESIAN_POINT('Ctrl Pts',(-0.397826406025535,1.31268366656828,0.2));
#6559=CARTESIAN_POINT('Ctrl Pts',(-0.4332544065853,1.31559589911302,0.2));
#6560=CARTESIAN_POINT('Ctrl Pts',(-0.451332508254163,1.31708194504267,0.2));
#6561=CARTESIAN_POINT('',(-0.357804560430331,1.2781119589606,0.));
#6562=CARTESIAN_POINT('Ctrl Pts',(-0.321522133701354,1.16845849075349,0.));
#6563=CARTESIAN_POINT('Ctrl Pts',(-0.321522133701354,1.16845849075349,0.2));
#6564=CARTESIAN_POINT('Ctrl Pts',(-0.322501659695921,1.19008762042677,0.));
#6565=CARTESIAN_POINT('Ctrl Pts',(-0.322501659695921,1.19008762042677,0.2));
#6566=CARTESIAN_POINT('Ctrl Pts',(-0.324318804274239,1.23021239091529,0.));
#6567=CARTESIAN_POINT('Ctrl Pts',(-0.324318804274239,1.23021239091529,0.2));
#6568=CARTESIAN_POINT('Ctrl Pts',(-0.347239289656636,1.26299890898249,0.));
#6569=CARTESIAN_POINT('Ctrl Pts',(-0.347239289656636,1.26299890898249,0.2));
#6570=CARTESIAN_POINT('Ctrl Pts',(-0.357804560430331,1.2781119589606,0.));
#6571=CARTESIAN_POINT('Ctrl Pts',(-0.357804560430331,1.2781119589606,0.2));
#6572=CARTESIAN_POINT('',(-0.321522133701354,1.16845849075349,0.));
#6573=CARTESIAN_POINT('Ctrl Pts',(-0.357804560430331,1.2781119589606,0.));
#6574=CARTESIAN_POINT('Ctrl Pts',(-0.347239289656636,1.26299890898249,0.));
#6575=CARTESIAN_POINT('Ctrl Pts',(-0.324318804274239,1.23021239091529,0.));
#6576=CARTESIAN_POINT('Ctrl Pts',(-0.322501659695921,1.19008762042677,0.));
#6577=CARTESIAN_POINT('Ctrl Pts',(-0.321522133701354,1.16845849075349,0.));
#6578=CARTESIAN_POINT('',(-0.321522133701354,1.16845849075349,0.2));
#6579=CARTESIAN_POINT('Ctrl Pts',(-0.321522133701354,1.16845849075349,0.2));
#6580=CARTESIAN_POINT('Ctrl Pts',(-0.322501659695921,1.19008762042677,0.2));
#6581=CARTESIAN_POINT('Ctrl Pts',(-0.324318804274239,1.23021239091529,0.2));
#6582=CARTESIAN_POINT('Ctrl Pts',(-0.347239289656636,1.26299890898249,0.2));
#6583=CARTESIAN_POINT('Ctrl Pts',(-0.357804560430331,1.2781119589606,0.2));
#6584=CARTESIAN_POINT('',(-0.321522133701354,1.16845849075349,0.));
#6585=CARTESIAN_POINT('Ctrl Pts',(-0.321790870863546,1.15555809791326,0.));
#6586=CARTESIAN_POINT('Ctrl Pts',(-0.321790870863546,1.15555809791326,0.2));
#6587=CARTESIAN_POINT('Ctrl Pts',(-0.32171319709315,1.15806629362183,0.));
#6588=CARTESIAN_POINT('Ctrl Pts',(-0.32171319709315,1.15806629362183,0.2));
#6589=CARTESIAN_POINT('Ctrl Pts',(-0.32158005718893,1.16236556910052,0.));
#6590=CARTESIAN_POINT('Ctrl Pts',(-0.32158005718893,1.16236556910052,0.2));
#6591=CARTESIAN_POINT('Ctrl Pts',(-0.321539168107817,1.16666665624339,0.));
#6592=CARTESIAN_POINT('Ctrl Pts',(-0.321539168107817,1.16666665624339,0.2));
#6593=CARTESIAN_POINT('Ctrl Pts',(-0.321522133701354,1.16845849075349,0.));
#6594=CARTESIAN_POINT('Ctrl Pts',(-0.321522133701354,1.16845849075349,0.2));
#6595=CARTESIAN_POINT('',(-0.321790870863546,1.15555809791326,0.));
#6596=CARTESIAN_POINT('Ctrl Pts',(-0.321522133701354,1.16845849075349,0.));
#6597=CARTESIAN_POINT('Ctrl Pts',(-0.321539168107817,1.16666665624339,0.));
#6598=CARTESIAN_POINT('Ctrl Pts',(-0.32158005718893,1.16236556910052,0.));
#6599=CARTESIAN_POINT('Ctrl Pts',(-0.32171319709315,1.15806629362183,0.));
#6600=CARTESIAN_POINT('Ctrl Pts',(-0.321790870863546,1.15555809791326,0.));
#6601=CARTESIAN_POINT('',(-0.321790870863546,1.15555809791326,0.2));
#6602=CARTESIAN_POINT('Ctrl Pts',(-0.321790870863546,1.15555809791326,0.2));
#6603=CARTESIAN_POINT('Ctrl Pts',(-0.32171319709315,1.15806629362183,0.2));
#6604=CARTESIAN_POINT('Ctrl Pts',(-0.32158005718893,1.16236556910052,0.2));
#6605=CARTESIAN_POINT('Ctrl Pts',(-0.321539168107817,1.16666665624339,0.2));
#6606=CARTESIAN_POINT('Ctrl Pts',(-0.321522133701354,1.16845849075349,0.2));
#6607=CARTESIAN_POINT('',(-0.321790870863546,1.15555809791326,0.));
#6608=CARTESIAN_POINT('Origin',(-0.53464769299004,1.15555809791326,0.));
#6609=CARTESIAN_POINT('',(-0.53464769299004,1.15555809791326,0.));
#6610=CARTESIAN_POINT('',(-0.321790870863546,1.15555809791326,0.));
#6611=CARTESIAN_POINT('',(-0.53464769299004,1.15555809791326,0.2));
#6612=CARTESIAN_POINT('',(-0.321790870863546,1.15555809791326,0.2));
#6613=CARTESIAN_POINT('',(-0.53464769299004,1.15555809791326,0.));
#6614=CARTESIAN_POINT('Ctrl Pts',(-0.508040555024635,1.08353081264528,0.));
#6615=CARTESIAN_POINT('Ctrl Pts',(-0.508040555024635,1.08353081264528,0.2));
#6616=CARTESIAN_POINT('Ctrl Pts',(-0.515149357161661,1.09334884495167,0.));
#6617=CARTESIAN_POINT('Ctrl Pts',(-0.515149357161661,1.09334884495167,0.2));
#6618=CARTESIAN_POINT('Ctrl Pts',(-0.530670497395619,1.11478523512144,0.));
#6619=CARTESIAN_POINT('Ctrl Pts',(-0.530670497395619,1.11478523512144,0.2));
#6620=CARTESIAN_POINT('Ctrl Pts',(-0.53324975519114,1.14122691285764,0.));
#6621=CARTESIAN_POINT('Ctrl Pts',(-0.53324975519114,1.14122691285764,0.2));
#6622=CARTESIAN_POINT('Ctrl Pts',(-0.53464769299004,1.15555809791326,0.));
#6623=CARTESIAN_POINT('Ctrl Pts',(-0.53464769299004,1.15555809791326,0.2));
#6624=CARTESIAN_POINT('',(-0.508040555024635,1.08353081264528,0.));
#6625=CARTESIAN_POINT('Ctrl Pts',(-0.53464769299004,1.15555809791326,0.));
#6626=CARTESIAN_POINT('Ctrl Pts',(-0.53324975519114,1.14122691285764,0.));
#6627=CARTESIAN_POINT('Ctrl Pts',(-0.530670497395619,1.11478523512144,0.));
#6628=CARTESIAN_POINT('Ctrl Pts',(-0.515149357161661,1.09334884495167,0.));
#6629=CARTESIAN_POINT('Ctrl Pts',(-0.508040555024635,1.08353081264528,0.));
#6630=CARTESIAN_POINT('',(-0.508040555024635,1.08353081264528,0.2));
#6631=CARTESIAN_POINT('Ctrl Pts',(-0.508040555024635,1.08353081264528,0.2));
#6632=CARTESIAN_POINT('Ctrl Pts',(-0.515149357161661,1.09334884495167,0.2));
#6633=CARTESIAN_POINT('Ctrl Pts',(-0.530670497395619,1.11478523512144,0.2));
#6634=CARTESIAN_POINT('Ctrl Pts',(-0.53324975519114,1.14122691285764,0.2));
#6635=CARTESIAN_POINT('Ctrl Pts',(-0.53464769299004,1.15555809791326,0.2));
#6636=CARTESIAN_POINT('',(-0.508040555024635,1.08353081264528,0.));
#6637=CARTESIAN_POINT('Ctrl Pts',(-0.448376211738886,1.0585362384514,0.));
#6638=CARTESIAN_POINT('Ctrl Pts',(-0.448376211738886,1.0585362384514,0.2));
#6639=CARTESIAN_POINT('Ctrl Pts',(-0.459760866589057,1.05953865364824,0.));
#6640=CARTESIAN_POINT('Ctrl Pts',(-0.459760866589057,1.05953865364824,0.2));
#6641=CARTESIAN_POINT('Ctrl Pts',(-0.482321769502545,1.06152513389139,0.));
#6642=CARTESIAN_POINT('Ctrl Pts',(-0.482321769502545,1.06152513389139,0.2));
#6643=CARTESIAN_POINT('Ctrl Pts',(-0.499520584648957,1.07624089878372,0.));
#6644=CARTESIAN_POINT('Ctrl Pts',(-0.499520584648957,1.07624089878372,0.2));
#6645=CARTESIAN_POINT('Ctrl Pts',(-0.508040555024635,1.08353081264528,0.));
#6646=CARTESIAN_POINT('Ctrl Pts',(-0.508040555024635,1.08353081264528,0.2));
#6647=CARTESIAN_POINT('',(-0.448376211738886,1.0585362384514,0.));
#6648=CARTESIAN_POINT('Ctrl Pts',(-0.508040555024635,1.08353081264528,0.));
#6649=CARTESIAN_POINT('Ctrl Pts',(-0.499520584648957,1.07624089878372,0.));
#6650=CARTESIAN_POINT('Ctrl Pts',(-0.482321769502545,1.06152513389139,0.));
#6651=CARTESIAN_POINT('Ctrl Pts',(-0.459760866589057,1.05953865364824,0.));
#6652=CARTESIAN_POINT('Ctrl Pts',(-0.448376211738886,1.0585362384514,0.));
#6653=CARTESIAN_POINT('',(-0.448376211738886,1.0585362384514,0.2));
#6654=CARTESIAN_POINT('Ctrl Pts',(-0.448376211738886,1.0585362384514,0.2));
#6655=CARTESIAN_POINT('Ctrl Pts',(-0.459760866589057,1.05953865364824,0.2));
#6656=CARTESIAN_POINT('Ctrl Pts',(-0.482321769502545,1.06152513389139,0.2));
#6657=CARTESIAN_POINT('Ctrl Pts',(-0.499520584648957,1.07624089878372,0.2));
#6658=CARTESIAN_POINT('Ctrl Pts',(-0.508040555024635,1.08353081264528,0.2));
#6659=CARTESIAN_POINT('',(-0.448376211738886,1.0585362384514,0.));
#6660=CARTESIAN_POINT('Ctrl Pts',(-0.402955970570721,1.07251169727237,0.));
#6661=CARTESIAN_POINT('Ctrl Pts',(-0.402955970570721,1.07251169727237,0.2));
#6662=CARTESIAN_POINT('Ctrl Pts',(-0.409694132202241,1.06843683958571,0.));
#6663=CARTESIAN_POINT('Ctrl Pts',(-0.409694132202241,1.06843683958571,0.2));
#6664=CARTESIAN_POINT('Ctrl Pts',(-0.423647792398525,1.05999845792952,0.));
#6665=CARTESIAN_POINT('Ctrl Pts',(-0.423647792398525,1.05999845792952,0.2));
#6666=CARTESIAN_POINT('Ctrl Pts',(-0.43994754075232,1.05903463532512,0.));
#6667=CARTESIAN_POINT('Ctrl Pts',(-0.43994754075232,1.05903463532512,0.2));
#6668=CARTESIAN_POINT('Ctrl Pts',(-0.448376211738886,1.0585362384514,0.));
#6669=CARTESIAN_POINT('Ctrl Pts',(-0.448376211738886,1.0585362384514,0.2));
#6670=CARTESIAN_POINT('',(-0.402955970570721,1.07251169727237,0.));
#6671=CARTESIAN_POINT('Ctrl Pts',(-0.448376211738886,1.0585362384514,0.));
#6672=CARTESIAN_POINT('Ctrl Pts',(-0.43994754075232,1.05903463532512,0.));
#6673=CARTESIAN_POINT('Ctrl Pts',(-0.423647792398525,1.05999845792952,0.));
#6674=CARTESIAN_POINT('Ctrl Pts',(-0.409694132202241,1.06843683958571,0.));
#6675=CARTESIAN_POINT('Ctrl Pts',(-0.402955970570721,1.07251169727237,0.));
#6676=CARTESIAN_POINT('',(-0.402955970570721,1.07251169727237,0.2));
#6677=CARTESIAN_POINT('Ctrl Pts',(-0.402955970570721,1.07251169727237,0.2));
#6678=CARTESIAN_POINT('Ctrl Pts',(-0.409694132202241,1.06843683958571,0.2));
#6679=CARTESIAN_POINT('Ctrl Pts',(-0.423647792398525,1.05999845792952,0.2));
#6680=CARTESIAN_POINT('Ctrl Pts',(-0.43994754075232,1.05903463532512,0.2));
#6681=CARTESIAN_POINT('Ctrl Pts',(-0.448376211738886,1.0585362384514,0.2));
#6682=CARTESIAN_POINT('',(-0.402955970570721,1.07251169727237,0.));
#6683=CARTESIAN_POINT('Ctrl Pts',(-0.373123798927847,1.11712563308838,0.));
#6684=CARTESIAN_POINT('Ctrl Pts',(-0.373123798927847,1.11712563308838,0.2));
#6685=CARTESIAN_POINT('Ctrl Pts',(-0.376803035648186,1.1078591852437,0.));
#6686=CARTESIAN_POINT('Ctrl Pts',(-0.376803035648186,1.1078591852437,0.2));
#6687=CARTESIAN_POINT('Ctrl Pts',(-0.38357377710586,1.09080653890526,0.));
#6688=CARTESIAN_POINT('Ctrl Pts',(-0.38357377710586,1.09080653890526,0.2));
#6689=CARTESIAN_POINT('Ctrl Pts',(-0.396880261068875,1.07824655609241,0.));
#6690=CARTESIAN_POINT('Ctrl Pts',(-0.396880261068875,1.07824655609241,0.2));
#6691=CARTESIAN_POINT('Ctrl Pts',(-0.402955970570721,1.07251169727237,0.));
#6692=CARTESIAN_POINT('Ctrl Pts',(-0.402955970570721,1.07251169727237,0.2));
#6693=CARTESIAN_POINT('Ctrl Pts',(-0.402955970570721,1.07251169727237,0.));
#6694=CARTESIAN_POINT('Ctrl Pts',(-0.396880261068875,1.07824655609241,0.));
#6695=CARTESIAN_POINT('Ctrl Pts',(-0.38357377710586,1.09080653890526,0.));
#6696=CARTESIAN_POINT('Ctrl Pts',(-0.376803035648186,1.1078591852437,0.));
#6697=CARTESIAN_POINT('Ctrl Pts',(-0.373123798927847,1.11712563308838,0.));
#6698=CARTESIAN_POINT('Ctrl Pts',(-0.373123798927847,1.11712563308838,0.2));
#6699=CARTESIAN_POINT('Ctrl Pts',(-0.376803035648186,1.1078591852437,0.2));
#6700=CARTESIAN_POINT('Ctrl Pts',(-0.38357377710586,1.09080653890526,0.2));
#6701=CARTESIAN_POINT('Ctrl Pts',(-0.396880261068875,1.07824655609241,0.2));
#6702=CARTESIAN_POINT('Ctrl Pts',(-0.402955970570721,1.07251169727237,0.2));
#6703=CARTESIAN_POINT('Origin',(-0.151397996323239,1.21898508999924,0.2));
#6704=CARTESIAN_POINT('Origin',(-0.151397996323239,1.21898508999924,0.));
#6705=CARTESIAN_POINT('Ctrl Pts',(-1.04663263076302,1.15018290880791,0.));
#6706=CARTESIAN_POINT('Ctrl Pts',(-1.04663263076302,1.15018290880791,0.2));
#6707=CARTESIAN_POINT('Ctrl Pts',(-1.03114813542884,1.15245924153624,0.));
#6708=CARTESIAN_POINT('Ctrl Pts',(-1.03114813542884,1.15245924153624,0.2));
#6709=CARTESIAN_POINT('Ctrl Pts',(-1.00429400339966,1.1564069930328,0.));
#6710=CARTESIAN_POINT('Ctrl Pts',(-1.00429400339966,1.1564069930328,0.2));
#6711=CARTESIAN_POINT('Ctrl Pts',(-0.978526985123144,1.16487378010647,0.));
#6712=CARTESIAN_POINT('Ctrl Pts',(-0.978526985123144,1.16487378010647,0.2));
#6713=CARTESIAN_POINT('Ctrl Pts',(-0.967617616084541,1.16845849075349,0.));
#6714=CARTESIAN_POINT('Ctrl Pts',(-0.967617616084541,1.16845849075349,0.2));
#6715=CARTESIAN_POINT('',(-0.967617616084541,1.16845849075349,0.));
#6716=CARTESIAN_POINT('',(-1.04663263076302,1.15018290880791,0.));
#6717=CARTESIAN_POINT('Ctrl Pts',(-0.967617616084541,1.16845849075349,0.));
#6718=CARTESIAN_POINT('Ctrl Pts',(-0.978526985123144,1.16487378010647,0.));
#6719=CARTESIAN_POINT('Ctrl Pts',(-1.00429400339966,1.1564069930328,0.));
#6720=CARTESIAN_POINT('Ctrl Pts',(-1.03114813542884,1.15245924153624,0.));
#6721=CARTESIAN_POINT('Ctrl Pts',(-1.04663263076302,1.15018290880791,0.));
#6722=CARTESIAN_POINT('',(-0.967617616084541,1.16845849075349,0.2));
#6723=CARTESIAN_POINT('',(-0.967617616084541,1.16845849075349,0.));
#6724=CARTESIAN_POINT('',(-1.04663263076302,1.15018290880791,0.2));
#6725=CARTESIAN_POINT('Ctrl Pts',(-1.04663263076302,1.15018290880791,0.2));
#6726=CARTESIAN_POINT('Ctrl Pts',(-1.03114813542884,1.15245924153624,0.2));
#6727=CARTESIAN_POINT('Ctrl Pts',(-1.00429400339966,1.1564069930328,0.2));
#6728=CARTESIAN_POINT('Ctrl Pts',(-0.978526985123144,1.16487378010647,0.2));
#6729=CARTESIAN_POINT('Ctrl Pts',(-0.967617616084541,1.16845849075349,0.2));
#6730=CARTESIAN_POINT('',(-1.04663263076302,1.15018290880791,0.));
#6731=CARTESIAN_POINT('Ctrl Pts',(-1.08882774438813,1.14050759657794,0.));
#6732=CARTESIAN_POINT('Ctrl Pts',(-1.08882774438813,1.14050759657794,0.2));
#6733=CARTESIAN_POINT('Ctrl Pts',(-1.0832837449544,1.14234536537401,0.));
#6734=CARTESIAN_POINT('Ctrl Pts',(-1.0832837449544,1.14234536537401,0.2));
#6735=CARTESIAN_POINT('Ctrl Pts',(-1.06953998292036,1.14690125635283,0.));
#6736=CARTESIAN_POINT('Ctrl Pts',(-1.06953998292036,1.14690125635283,0.2));
#6737=CARTESIAN_POINT('Ctrl Pts',(-1.05519255231718,1.14895663492909,0.));
#6738=CARTESIAN_POINT('Ctrl Pts',(-1.05519255231718,1.14895663492909,0.2));
#6739=CARTESIAN_POINT('Ctrl Pts',(-1.04663263076302,1.15018290880791,0.));
#6740=CARTESIAN_POINT('Ctrl Pts',(-1.04663263076302,1.15018290880791,0.2));
#6741=CARTESIAN_POINT('',(-1.08882774438813,1.14050759657794,0.));
#6742=CARTESIAN_POINT('Ctrl Pts',(-1.04663263076302,1.15018290880791,0.));
#6743=CARTESIAN_POINT('Ctrl Pts',(-1.05519255231718,1.14895663492909,0.));
#6744=CARTESIAN_POINT('Ctrl Pts',(-1.06953998292036,1.14690125635283,0.));
#6745=CARTESIAN_POINT('Ctrl Pts',(-1.0832837449544,1.14234536537401,0.));
#6746=CARTESIAN_POINT('Ctrl Pts',(-1.08882774438813,1.14050759657794,0.));
#6747=CARTESIAN_POINT('',(-1.08882774438813,1.14050759657794,0.2));
#6748=CARTESIAN_POINT('Ctrl Pts',(-1.08882774438813,1.14050759657794,0.2));
#6749=CARTESIAN_POINT('Ctrl Pts',(-1.0832837449544,1.14234536537401,0.2));
#6750=CARTESIAN_POINT('Ctrl Pts',(-1.06953998292036,1.14690125635283,0.2));
#6751=CARTESIAN_POINT('Ctrl Pts',(-1.05519255231718,1.14895663492909,0.2));
#6752=CARTESIAN_POINT('Ctrl Pts',(-1.04663263076302,1.15018290880791,0.2));
#6753=CARTESIAN_POINT('',(-1.08882774438813,1.14050759657794,0.));
#6754=CARTESIAN_POINT('Ctrl Pts',(-1.10790958475308,1.12478525233714,0.));
#6755=CARTESIAN_POINT('Ctrl Pts',(-1.10790958475308,1.12478525233714,0.2));
#6756=CARTESIAN_POINT('Ctrl Pts',(-1.10538811649456,1.12804709653024,0.));
#6757=CARTESIAN_POINT('Ctrl Pts',(-1.10538811649456,1.12804709653024,0.2));
#6758=CARTESIAN_POINT('Ctrl Pts',(-1.1002231857722,1.13472860014527,0.));
#6759=CARTESIAN_POINT('Ctrl Pts',(-1.1002231857722,1.13472860014527,0.2));
#6760=CARTESIAN_POINT('Ctrl Pts',(-1.09268557029921,1.13855116843912,0.));
#6761=CARTESIAN_POINT('Ctrl Pts',(-1.09268557029921,1.13855116843912,0.2));
#6762=CARTESIAN_POINT('Ctrl Pts',(-1.08882774438813,1.14050759657794,0.));
#6763=CARTESIAN_POINT('Ctrl Pts',(-1.08882774438813,1.14050759657794,0.2));
#6764=CARTESIAN_POINT('',(-1.10790958475308,1.12478525233714,0.));
#6765=CARTESIAN_POINT('Ctrl Pts',(-1.08882774438813,1.14050759657794,0.));
#6766=CARTESIAN_POINT('Ctrl Pts',(-1.09268557029921,1.13855116843912,0.));
#6767=CARTESIAN_POINT('Ctrl Pts',(-1.1002231857722,1.13472860014527,0.));
#6768=CARTESIAN_POINT('Ctrl Pts',(-1.10538811649456,1.12804709653024,0.));
#6769=CARTESIAN_POINT('Ctrl Pts',(-1.10790958475308,1.12478525233714,0.));
#6770=CARTESIAN_POINT('',(-1.10790958475308,1.12478525233714,0.2));
#6771=CARTESIAN_POINT('Ctrl Pts',(-1.10790958475308,1.12478525233714,0.2));
#6772=CARTESIAN_POINT('Ctrl Pts',(-1.10538811649456,1.12804709653024,0.2));
#6773=CARTESIAN_POINT('Ctrl Pts',(-1.1002231857722,1.13472860014527,0.2));
#6774=CARTESIAN_POINT('Ctrl Pts',(-1.09268557029921,1.13855116843912,0.2));
#6775=CARTESIAN_POINT('Ctrl Pts',(-1.08882774438813,1.14050759657794,0.2));
#6776=CARTESIAN_POINT('',(-1.10790958475308,1.12478525233714,0.));
#6777=CARTESIAN_POINT('Ctrl Pts',(-1.11462857700138,1.10180639459086,0.));
#6778=CARTESIAN_POINT('Ctrl Pts',(-1.11462857700138,1.10180639459086,0.2));
#6779=CARTESIAN_POINT('Ctrl Pts',(-1.11435571878936,1.10591078610098,0.));
#6780=CARTESIAN_POINT('Ctrl Pts',(-1.11435571878936,1.10591078610098,0.2));
#6781=CARTESIAN_POINT('Ctrl Pts',(-1.11381340278952,1.11406841921419,0.));
#6782=CARTESIAN_POINT('Ctrl Pts',(-1.11381340278952,1.11406841921419,0.2));
#6783=CARTESIAN_POINT('Ctrl Pts',(-1.10986928063387,1.12122793847744,0.));
#6784=CARTESIAN_POINT('Ctrl Pts',(-1.10986928063387,1.12122793847744,0.2));
#6785=CARTESIAN_POINT('Ctrl Pts',(-1.10790958475308,1.12478525233714,0.));
#6786=CARTESIAN_POINT('Ctrl Pts',(-1.10790958475308,1.12478525233714,0.2));
#6787=CARTESIAN_POINT('',(-1.11462857700138,1.10180639459086,0.));
#6788=CARTESIAN_POINT('Ctrl Pts',(-1.10790958475308,1.12478525233714,0.));
#6789=CARTESIAN_POINT('Ctrl Pts',(-1.10986928063387,1.12122793847744,0.));
#6790=CARTESIAN_POINT('Ctrl Pts',(-1.11381340278952,1.11406841921419,0.));
#6791=CARTESIAN_POINT('Ctrl Pts',(-1.11435571878936,1.10591078610098,0.));
#6792=CARTESIAN_POINT('Ctrl Pts',(-1.11462857700138,1.10180639459086,0.));
#6793=CARTESIAN_POINT('',(-1.11462857700138,1.10180639459086,0.2));
#6794=CARTESIAN_POINT('Ctrl Pts',(-1.11462857700138,1.10180639459086,0.2));
#6795=CARTESIAN_POINT('Ctrl Pts',(-1.11435571878936,1.10591078610098,0.2));
#6796=CARTESIAN_POINT('Ctrl Pts',(-1.11381340278952,1.11406841921419,0.2));
#6797=CARTESIAN_POINT('Ctrl Pts',(-1.10986928063387,1.12122793847744,0.2));
#6798=CARTESIAN_POINT('Ctrl Pts',(-1.10790958475308,1.12478525233714,0.2));
#6799=CARTESIAN_POINT('',(-1.11462857700138,1.10180639459086,0.));
#6800=CARTESIAN_POINT('Ctrl Pts',(-1.09998122834213,1.0695553538243,0.));
#6801=CARTESIAN_POINT('Ctrl Pts',(-1.09998122834213,1.0695553538243,0.2));
#6802=CARTESIAN_POINT('Ctrl Pts',(-1.104253364222,1.07411624755268,0.));
#6803=CARTESIAN_POINT('Ctrl Pts',(-1.104253364222,1.07411624755268,0.2));
#6804=CARTESIAN_POINT('Ctrl Pts',(-1.1127765642432,1.08321553901148,0.));
#6805=CARTESIAN_POINT('Ctrl Pts',(-1.1127765642432,1.08321553901148,0.2));
#6806=CARTESIAN_POINT('Ctrl Pts',(-1.11401225774217,1.09561966488927,0.));
#6807=CARTESIAN_POINT('Ctrl Pts',(-1.11401225774217,1.09561966488927,0.2));
#6808=CARTESIAN_POINT('Ctrl Pts',(-1.11462857700138,1.10180639459086,0.));
#6809=CARTESIAN_POINT('Ctrl Pts',(-1.11462857700138,1.10180639459086,0.2));
#6810=CARTESIAN_POINT('',(-1.09998122834213,1.0695553538243,0.));
#6811=CARTESIAN_POINT('Ctrl Pts',(-1.11462857700138,1.10180639459086,0.));
#6812=CARTESIAN_POINT('Ctrl Pts',(-1.11401225774217,1.09561966488927,0.));
#6813=CARTESIAN_POINT('Ctrl Pts',(-1.1127765642432,1.08321553901148,0.));
#6814=CARTESIAN_POINT('Ctrl Pts',(-1.104253364222,1.07411624755268,0.));
#6815=CARTESIAN_POINT('Ctrl Pts',(-1.09998122834213,1.0695553538243,0.));
#6816=CARTESIAN_POINT('',(-1.09998122834213,1.0695553538243,0.2));
#6817=CARTESIAN_POINT('Ctrl Pts',(-1.09998122834213,1.0695553538243,0.2));
#6818=CARTESIAN_POINT('Ctrl Pts',(-1.104253364222,1.07411624755268,0.2));
#6819=CARTESIAN_POINT('Ctrl Pts',(-1.1127765642432,1.08321553901148,0.2));
#6820=CARTESIAN_POINT('Ctrl Pts',(-1.11401225774217,1.09561966488927,0.2));
#6821=CARTESIAN_POINT('Ctrl Pts',(-1.11462857700138,1.10180639459086,0.2));
#6822=CARTESIAN_POINT('',(-1.09998122834213,1.0695553538243,0.));
#6823=CARTESIAN_POINT('Ctrl Pts',(-1.05711422487875,1.05665493751768,0.));
#6824=CARTESIAN_POINT('Ctrl Pts',(-1.05711422487875,1.05665493751768,0.2));
#6825=CARTESIAN_POINT('Ctrl Pts',(-1.06564319916996,1.05694076723909,0.));
#6826=CARTESIAN_POINT('Ctrl Pts',(-1.06564319916996,1.05694076723909,0.2));
#6827=CARTESIAN_POINT('Ctrl Pts',(-1.0811462627818,1.05746031814896,0.));
#6828=CARTESIAN_POINT('Ctrl Pts',(-1.0811462627818,1.05746031814896,0.2));
#6829=CARTESIAN_POINT('Ctrl Pts',(-1.09413721720054,1.06580257163746,0.));
#6830=CARTESIAN_POINT('Ctrl Pts',(-1.09413721720054,1.06580257163746,0.2));
#6831=CARTESIAN_POINT('Ctrl Pts',(-1.09998122834213,1.0695553538243,0.));
#6832=CARTESIAN_POINT('Ctrl Pts',(-1.09998122834213,1.0695553538243,0.2));
#6833=CARTESIAN_POINT('',(-1.05711422487875,1.05665493751768,0.));
#6834=CARTESIAN_POINT('Ctrl Pts',(-1.09998122834213,1.0695553538243,0.));
#6835=CARTESIAN_POINT('Ctrl Pts',(-1.09413721720054,1.06580257163746,0.));
#6836=CARTESIAN_POINT('Ctrl Pts',(-1.0811462627818,1.05746031814896,0.));
#6837=CARTESIAN_POINT('Ctrl Pts',(-1.06564319916996,1.05694076723909,0.));
#6838=CARTESIAN_POINT('Ctrl Pts',(-1.05711422487875,1.05665493751768,0.));
#6839=CARTESIAN_POINT('',(-1.05711422487875,1.05665493751768,0.2));
#6840=CARTESIAN_POINT('Ctrl Pts',(-1.05711422487875,1.05665493751768,0.2));
#6841=CARTESIAN_POINT('Ctrl Pts',(-1.06564319916996,1.05694076723909,0.2));
#6842=CARTESIAN_POINT('Ctrl Pts',(-1.0811462627818,1.05746031814896,0.2));
#6843=CARTESIAN_POINT('Ctrl Pts',(-1.09413721720054,1.06580257163746,0.2));
#6844=CARTESIAN_POINT('Ctrl Pts',(-1.09998122834213,1.0695553538243,0.2));
#6845=CARTESIAN_POINT('',(-1.05711422487875,1.05665493751768,0.));
#6846=CARTESIAN_POINT('Ctrl Pts',(-1.00739390751876,1.06888346398603,0.));
#6847=CARTESIAN_POINT('Ctrl Pts',(-1.00739390751876,1.06888346398603,0.2));
#6848=CARTESIAN_POINT('Ctrl Pts',(-1.01503832059816,1.06531766569436,0.));
#6849=CARTESIAN_POINT('Ctrl Pts',(-1.01503832059816,1.06531766569436,0.2));
#6850=CARTESIAN_POINT('Ctrl Pts',(-1.03079338561525,1.05796858822567,0.));
#6851=CARTESIAN_POINT('Ctrl Pts',(-1.03079338561525,1.05796858822567,0.2));
#6852=CARTESIAN_POINT('Ctrl Pts',(-1.04816921114299,1.05710137554761,0.));
#6853=CARTESIAN_POINT('Ctrl Pts',(-1.04816921114299,1.05710137554761,0.2));
#6854=CARTESIAN_POINT('Ctrl Pts',(-1.05711422487875,1.05665493751768,0.));
#6855=CARTESIAN_POINT('Ctrl Pts',(-1.05711422487875,1.05665493751768,0.2));
#6856=CARTESIAN_POINT('',(-1.00739390751876,1.06888346398603,0.));
#6857=CARTESIAN_POINT('Ctrl Pts',(-1.05711422487875,1.05665493751768,0.));
#6858=CARTESIAN_POINT('Ctrl Pts',(-1.04816921114299,1.05710137554761,0.));
#6859=CARTESIAN_POINT('Ctrl Pts',(-1.03079338561525,1.05796858822567,0.));
#6860=CARTESIAN_POINT('Ctrl Pts',(-1.01503832059816,1.06531766569436,0.));
#6861=CARTESIAN_POINT('Ctrl Pts',(-1.00739390751876,1.06888346398603,0.));
#6862=CARTESIAN_POINT('',(-1.00739390751876,1.06888346398603,0.2));
#6863=CARTESIAN_POINT('Ctrl Pts',(-1.00739390751876,1.06888346398603,0.2));
#6864=CARTESIAN_POINT('Ctrl Pts',(-1.01503832059816,1.06531766569436,0.2));
#6865=CARTESIAN_POINT('Ctrl Pts',(-1.03079338561525,1.05796858822567,0.2));
#6866=CARTESIAN_POINT('Ctrl Pts',(-1.04816921114299,1.05710137554761,0.2));
#6867=CARTESIAN_POINT('Ctrl Pts',(-1.05711422487875,1.05665493751768,0.2));
#6868=CARTESIAN_POINT('',(-1.00739390751876,1.06888346398603,0.));
#6869=CARTESIAN_POINT('Ctrl Pts',(-0.975411650847187,1.10234391584804,0.));
#6870=CARTESIAN_POINT('Ctrl Pts',(-0.975411650847187,1.10234391584804,0.2));
#6871=CARTESIAN_POINT('Ctrl Pts',(-0.979352410998943,1.09561117590267,0.));
#6872=CARTESIAN_POINT('Ctrl Pts',(-0.979352410998943,1.09561117590267,0.2));
#6873=CARTESIAN_POINT('Ctrl Pts',(-0.987358553893451,1.08193277985766,0.));
#6874=CARTESIAN_POINT('Ctrl Pts',(-0.987358553893451,1.08193277985766,0.2));
#6875=CARTESIAN_POINT('Ctrl Pts',(-1.00064651010432,1.07327814160536,0.));
#6876=CARTESIAN_POINT('Ctrl Pts',(-1.00064651010432,1.07327814160536,0.2));
#6877=CARTESIAN_POINT('Ctrl Pts',(-1.00739390751876,1.06888346398603,0.));
#6878=CARTESIAN_POINT('Ctrl Pts',(-1.00739390751876,1.06888346398603,0.2));
#6879=CARTESIAN_POINT('',(-0.975411650847187,1.10234391584804,0.));
#6880=CARTESIAN_POINT('Ctrl Pts',(-1.00739390751876,1.06888346398603,0.));
#6881=CARTESIAN_POINT('Ctrl Pts',(-1.00064651010432,1.07327814160536,0.));
#6882=CARTESIAN_POINT('Ctrl Pts',(-0.987358553893451,1.08193277985766,0.));
#6883=CARTESIAN_POINT('Ctrl Pts',(-0.979352410998943,1.09561117590267,0.));
#6884=CARTESIAN_POINT('Ctrl Pts',(-0.975411650847187,1.10234391584804,0.));
#6885=CARTESIAN_POINT('',(-0.975411650847187,1.10234391584804,0.2));
#6886=CARTESIAN_POINT('Ctrl Pts',(-0.975411650847187,1.10234391584804,0.2));
#6887=CARTESIAN_POINT('Ctrl Pts',(-0.979352410998943,1.09561117590267,0.2));
#6888=CARTESIAN_POINT('Ctrl Pts',(-0.987358553893451,1.08193277985766,0.2));
#6889=CARTESIAN_POINT('Ctrl Pts',(-1.00064651010432,1.07327814160536,0.2));
#6890=CARTESIAN_POINT('Ctrl Pts',(-1.00739390751876,1.06888346398603,0.2));
#6891=CARTESIAN_POINT('',(-0.975411650847187,1.10234391584804,0.));
#6892=CARTESIAN_POINT('Ctrl Pts',(-0.967617616084541,1.15072043006508,0.));
#6893=CARTESIAN_POINT('Ctrl Pts',(-0.967617616084541,1.15072043006508,0.2));
#6894=CARTESIAN_POINT('Ctrl Pts',(-0.967710489720155,1.1412603296202,0.));
#6895=CARTESIAN_POINT('Ctrl Pts',(-0.967710489720155,1.1412603296202,0.2));
#6896=CARTESIAN_POINT('Ctrl Pts',(-0.967873024797292,1.12470452080127,0.));
#6897=CARTESIAN_POINT('Ctrl Pts',(-0.967873024797292,1.12470452080127,0.2));
#6898=CARTESIAN_POINT('Ctrl Pts',(-0.973149982322728,1.10905233672949,0.));
#6899=CARTESIAN_POINT('Ctrl Pts',(-0.973149982322728,1.10905233672949,0.2));
#6900=CARTESIAN_POINT('Ctrl Pts',(-0.975411650847187,1.10234391584804,0.));
#6901=CARTESIAN_POINT('Ctrl Pts',(-0.975411650847187,1.10234391584804,0.2));
#6902=CARTESIAN_POINT('',(-0.967617616084541,1.15072043006508,0.));
#6903=CARTESIAN_POINT('Ctrl Pts',(-0.975411650847187,1.10234391584804,0.));
#6904=CARTESIAN_POINT('Ctrl Pts',(-0.973149982322728,1.10905233672949,0.));
#6905=CARTESIAN_POINT('Ctrl Pts',(-0.967873024797292,1.12470452080127,0.));
#6906=CARTESIAN_POINT('Ctrl Pts',(-0.967710489720155,1.1412603296202,0.));
#6907=CARTESIAN_POINT('Ctrl Pts',(-0.967617616084541,1.15072043006508,0.));
#6908=CARTESIAN_POINT('',(-0.967617616084541,1.15072043006508,0.2));
#6909=CARTESIAN_POINT('Ctrl Pts',(-0.967617616084541,1.15072043006508,0.2));
#6910=CARTESIAN_POINT('Ctrl Pts',(-0.967710489720155,1.1412603296202,0.2));
#6911=CARTESIAN_POINT('Ctrl Pts',(-0.967873024797292,1.12470452080127,0.2));
#6912=CARTESIAN_POINT('Ctrl Pts',(-0.973149982322728,1.10905233672949,0.2));
#6913=CARTESIAN_POINT('Ctrl Pts',(-0.975411650847187,1.10234391584804,0.2));
#6914=CARTESIAN_POINT('',(-0.967617616084541,1.15072043006508,0.));
#6915=CARTESIAN_POINT('Origin',(-0.967617616084541,1.16845849075349,0.));
#6916=CARTESIAN_POINT('',(-0.967617616084541,1.15072043006508,0.));
#6917=CARTESIAN_POINT('',(-0.967617616084541,1.15072043006508,0.2));
#6918=CARTESIAN_POINT('Ctrl Pts',(-1.01532226392971,1.02816654555135,0.));
#6919=CARTESIAN_POINT('Ctrl Pts',(-1.01532226392971,1.02816654555135,0.2));
#6920=CARTESIAN_POINT('Ctrl Pts',(-1.00667218672057,1.032104149493,0.));
#6921=CARTESIAN_POINT('Ctrl Pts',(-1.00667218672057,1.032104149493,0.2));
#6922=CARTESIAN_POINT('Ctrl Pts',(-0.988033559397614,1.0405886439824,0.));
#6923=CARTESIAN_POINT('Ctrl Pts',(-0.988033559397614,1.0405886439824,0.2));
#6924=CARTESIAN_POINT('Ctrl Pts',(-0.972116384690077,1.05349890267683,0.));
#6925=CARTESIAN_POINT('Ctrl Pts',(-0.972116384690077,1.05349890267683,0.2));
#6926=CARTESIAN_POINT('Ctrl Pts',(-0.963586277054914,1.06041758631791,0.));
#6927=CARTESIAN_POINT('Ctrl Pts',(-0.963586277054914,1.06041758631791,0.2));
#6928=CARTESIAN_POINT('',(-0.963586277054914,1.06041758631791,0.));
#6929=CARTESIAN_POINT('',(-1.01532226392971,1.02816654555135,0.));
#6930=CARTESIAN_POINT('Ctrl Pts',(-0.963586277054914,1.06041758631791,0.));
#6931=CARTESIAN_POINT('Ctrl Pts',(-0.972116384690077,1.05349890267683,0.));
#6932=CARTESIAN_POINT('Ctrl Pts',(-0.988033559397614,1.0405886439824,0.));
#6933=CARTESIAN_POINT('Ctrl Pts',(-1.00667218672057,1.032104149493,0.));
#6934=CARTESIAN_POINT('Ctrl Pts',(-1.01532226392971,1.02816654555135,0.));
#6935=CARTESIAN_POINT('',(-0.963586277054914,1.06041758631791,0.2));
#6936=CARTESIAN_POINT('',(-0.963586277054914,1.06041758631791,0.));
#6937=CARTESIAN_POINT('',(-1.01532226392971,1.02816654555135,0.2));
#6938=CARTESIAN_POINT('Ctrl Pts',(-1.01532226392971,1.02816654555135,0.2));
#6939=CARTESIAN_POINT('Ctrl Pts',(-1.00667218672057,1.032104149493,0.2));
#6940=CARTESIAN_POINT('Ctrl Pts',(-0.988033559397614,1.0405886439824,0.2));
#6941=CARTESIAN_POINT('Ctrl Pts',(-0.972116384690077,1.05349890267683,0.2));
#6942=CARTESIAN_POINT('Ctrl Pts',(-0.963586277054914,1.06041758631791,0.2));
#6943=CARTESIAN_POINT('',(-1.01532226392971,1.02816654555135,0.));
#6944=CARTESIAN_POINT('Ctrl Pts',(-1.06867086150883,1.01875999394997,0.));
#6945=CARTESIAN_POINT('Ctrl Pts',(-1.06867086150883,1.01875999394997,0.2));
#6946=CARTESIAN_POINT('Ctrl Pts',(-1.05940221864064,1.01912333026367,0.));
#6947=CARTESIAN_POINT('Ctrl Pts',(-1.05940221864064,1.01912333026367,0.2));
#6948=CARTESIAN_POINT('Ctrl Pts',(-1.04118833340334,1.01983732539914,0.));
#6949=CARTESIAN_POINT('Ctrl Pts',(-1.04118833340334,1.01983732539914,0.2));
#6950=CARTESIAN_POINT('Ctrl Pts',(-1.02384161933505,1.02542319922274,0.));
#6951=CARTESIAN_POINT('Ctrl Pts',(-1.02384161933505,1.02542319922274,0.2));
#6952=CARTESIAN_POINT('Ctrl Pts',(-1.01532226392971,1.02816654555135,0.));
#6953=CARTESIAN_POINT('Ctrl Pts',(-1.01532226392971,1.02816654555135,0.2));
#6954=CARTESIAN_POINT('',(-1.06867086150883,1.01875999394997,0.));
#6955=CARTESIAN_POINT('Ctrl Pts',(-1.01532226392971,1.02816654555135,0.));
#6956=CARTESIAN_POINT('Ctrl Pts',(-1.02384161933505,1.02542319922274,0.));
#6957=CARTESIAN_POINT('Ctrl Pts',(-1.04118833340334,1.01983732539914,0.));
#6958=CARTESIAN_POINT('Ctrl Pts',(-1.05940221864064,1.01912333026367,0.));
#6959=CARTESIAN_POINT('Ctrl Pts',(-1.06867086150883,1.01875999394997,0.));
#6960=CARTESIAN_POINT('',(-1.06867086150883,1.01875999394997,0.2));
#6961=CARTESIAN_POINT('Ctrl Pts',(-1.06867086150883,1.01875999394997,0.2));
#6962=CARTESIAN_POINT('Ctrl Pts',(-1.05940221864064,1.01912333026367,0.2));
#6963=CARTESIAN_POINT('Ctrl Pts',(-1.04118833340334,1.01983732539914,0.2));
#6964=CARTESIAN_POINT('Ctrl Pts',(-1.02384161933505,1.02542319922274,0.2));
#6965=CARTESIAN_POINT('Ctrl Pts',(-1.01532226392971,1.02816654555135,0.2));
#6966=CARTESIAN_POINT('',(-1.06867086150883,1.01875999394997,0.));
#6967=CARTESIAN_POINT('Ctrl Pts',(-1.14096688393901,1.04173885169624,0.));
#6968=CARTESIAN_POINT('Ctrl Pts',(-1.14096688393901,1.04173885169624,0.2));
#6969=CARTESIAN_POINT('Ctrl Pts',(-1.13104903888554,1.03505023913471,0.));
#6970=CARTESIAN_POINT('Ctrl Pts',(-1.13104903888554,1.03505023913471,0.2));
#6971=CARTESIAN_POINT('Ctrl Pts',(-1.10930542910108,1.02038630954583,0.));
#6972=CARTESIAN_POINT('Ctrl Pts',(-1.10930542910108,1.02038630954583,0.2));
#6973=CARTESIAN_POINT('Ctrl Pts',(-1.08298554098164,1.01933290976662,0.));
#6974=CARTESIAN_POINT('Ctrl Pts',(-1.08298554098164,1.01933290976662,0.2));
#6975=CARTESIAN_POINT('Ctrl Pts',(-1.06867086150883,1.01875999394997,0.));
#6976=CARTESIAN_POINT('Ctrl Pts',(-1.06867086150883,1.01875999394997,0.2));
#6977=CARTESIAN_POINT('',(-1.14096688393901,1.04173885169624,0.));
#6978=CARTESIAN_POINT('Ctrl Pts',(-1.06867086150883,1.01875999394997,0.));
#6979=CARTESIAN_POINT('Ctrl Pts',(-1.08298554098164,1.01933290976662,0.));
#6980=CARTESIAN_POINT('Ctrl Pts',(-1.10930542910108,1.02038630954583,0.));
#6981=CARTESIAN_POINT('Ctrl Pts',(-1.13104903888554,1.03505023913471,0.));
#6982=CARTESIAN_POINT('Ctrl Pts',(-1.14096688393901,1.04173885169624,0.));
#6983=CARTESIAN_POINT('',(-1.14096688393901,1.04173885169624,0.2));
#6984=CARTESIAN_POINT('Ctrl Pts',(-1.14096688393901,1.04173885169624,0.2));
#6985=CARTESIAN_POINT('Ctrl Pts',(-1.13104903888554,1.03505023913471,0.2));
#6986=CARTESIAN_POINT('Ctrl Pts',(-1.10930542910108,1.02038630954583,0.2));
#6987=CARTESIAN_POINT('Ctrl Pts',(-1.08298554098164,1.01933290976662,0.2));
#6988=CARTESIAN_POINT('Ctrl Pts',(-1.06867086150883,1.01875999394997,0.2));
#6989=CARTESIAN_POINT('',(-1.14096688393901,1.04173885169624,0.));
#6990=CARTESIAN_POINT('Ctrl Pts',(-1.16623019529508,1.10046261491432,0.));
#6991=CARTESIAN_POINT('Ctrl Pts',(-1.16623019529508,1.10046261491432,0.2));
#6992=CARTESIAN_POINT('Ctrl Pts',(-1.16523336506074,1.08913084761139,0.));
#6993=CARTESIAN_POINT('Ctrl Pts',(-1.16523336506074,1.08913084761139,0.2));
#6994=CARTESIAN_POINT('Ctrl Pts',(-1.16326528737622,1.06675813299371,0.));
#6995=CARTESIAN_POINT('Ctrl Pts',(-1.16326528737622,1.06675813299371,0.2));
#6996=CARTESIAN_POINT('Ctrl Pts',(-1.1483349927698,1.05000602598013,0.));
#6997=CARTESIAN_POINT('Ctrl Pts',(-1.1483349927698,1.05000602598013,0.2));
#6998=CARTESIAN_POINT('Ctrl Pts',(-1.14096688393901,1.04173885169624,0.));
#6999=CARTESIAN_POINT('Ctrl Pts',(-1.14096688393901,1.04173885169624,0.2));
#7000=CARTESIAN_POINT('',(-1.16623019529508,1.10046261491432,0.));
#7001=CARTESIAN_POINT('Ctrl Pts',(-1.14096688393901,1.04173885169624,0.));
#7002=CARTESIAN_POINT('Ctrl Pts',(-1.1483349927698,1.05000602598013,0.));
#7003=CARTESIAN_POINT('Ctrl Pts',(-1.16326528737622,1.06675813299371,0.));
#7004=CARTESIAN_POINT('Ctrl Pts',(-1.16523336506074,1.08913084761139,0.));
#7005=CARTESIAN_POINT('Ctrl Pts',(-1.16623019529508,1.10046261491432,0.));
#7006=CARTESIAN_POINT('',(-1.16623019529508,1.10046261491432,0.2));
#7007=CARTESIAN_POINT('Ctrl Pts',(-1.16623019529508,1.10046261491432,0.2));
#7008=CARTESIAN_POINT('Ctrl Pts',(-1.16523336506074,1.08913084761139,0.2));
#7009=CARTESIAN_POINT('Ctrl Pts',(-1.16326528737622,1.06675813299371,0.2));
#7010=CARTESIAN_POINT('Ctrl Pts',(-1.1483349927698,1.05000602598013,0.2));
#7011=CARTESIAN_POINT('Ctrl Pts',(-1.14096688393901,1.04173885169624,0.2));
#7012=CARTESIAN_POINT('',(-1.16623019529508,1.10046261491432,0.));
#7013=CARTESIAN_POINT('Ctrl Pts',(-1.1566892751126,1.13876066422532,0.));
#7014=CARTESIAN_POINT('Ctrl Pts',(-1.1566892751126,1.13876066422532,0.2));
#7015=CARTESIAN_POINT('Ctrl Pts',(-1.15947184671136,1.13277981520061,0.));
#7016=CARTESIAN_POINT('Ctrl Pts',(-1.15947184671136,1.13277981520061,0.2));
#7017=CARTESIAN_POINT('Ctrl Pts',(-1.16512250091318,1.12063432011719,0.));
#7018=CARTESIAN_POINT('Ctrl Pts',(-1.16512250091318,1.12063432011719,0.2));
#7019=CARTESIAN_POINT('Ctrl Pts',(-1.16585725749233,1.10725401111444,0.));
#7020=CARTESIAN_POINT('Ctrl Pts',(-1.16585725749233,1.10725401111444,0.2));
#7021=CARTESIAN_POINT('Ctrl Pts',(-1.16623019529508,1.10046261491432,0.));
#7022=CARTESIAN_POINT('Ctrl Pts',(-1.16623019529508,1.10046261491432,0.2));
#7023=CARTESIAN_POINT('',(-1.1566892751126,1.13876066422532,0.));
#7024=CARTESIAN_POINT('Ctrl Pts',(-1.16623019529508,1.10046261491432,0.));
#7025=CARTESIAN_POINT('Ctrl Pts',(-1.16585725749233,1.10725401111444,0.));
#7026=CARTESIAN_POINT('Ctrl Pts',(-1.16512250091318,1.12063432011719,0.));
#7027=CARTESIAN_POINT('Ctrl Pts',(-1.15947184671136,1.13277981520061,0.));
#7028=CARTESIAN_POINT('Ctrl Pts',(-1.1566892751126,1.13876066422532,0.));
#7029=CARTESIAN_POINT('',(-1.1566892751126,1.13876066422532,0.2));
#7030=CARTESIAN_POINT('Ctrl Pts',(-1.1566892751126,1.13876066422532,0.2));
#7031=CARTESIAN_POINT('Ctrl Pts',(-1.15947184671136,1.13277981520061,0.2));
#7032=CARTESIAN_POINT('Ctrl Pts',(-1.16512250091318,1.12063432011719,0.2));
#7033=CARTESIAN_POINT('Ctrl Pts',(-1.16585725749233,1.10725401111444,0.2));
#7034=CARTESIAN_POINT('Ctrl Pts',(-1.16623019529508,1.10046261491432,0.2));
#7035=CARTESIAN_POINT('',(-1.1566892751126,1.13876066422532,0.));
#7036=CARTESIAN_POINT('Ctrl Pts',(-1.13169474785151,1.16657716635338,0.));
#7037=CARTESIAN_POINT('Ctrl Pts',(-1.13169474785151,1.16657716635338,0.2));
#7038=CARTESIAN_POINT('Ctrl Pts',(-1.13662278879509,1.16275528548308,0.));
#7039=CARTESIAN_POINT('Ctrl Pts',(-1.13662278879509,1.16275528548308,0.2));
#7040=CARTESIAN_POINT('Ctrl Pts',(-1.14662999732902,1.15499431935093,0.));
#7041=CARTESIAN_POINT('Ctrl Pts',(-1.14662999732902,1.15499431935093,0.2));
#7042=CARTESIAN_POINT('Ctrl Pts',(-1.15330259316328,1.1442260890767,0.));
#7043=CARTESIAN_POINT('Ctrl Pts',(-1.15330259316328,1.1442260890767,0.2));
#7044=CARTESIAN_POINT('Ctrl Pts',(-1.1566892751126,1.13876066422532,0.));
#7045=CARTESIAN_POINT('Ctrl Pts',(-1.1566892751126,1.13876066422532,0.2));
#7046=CARTESIAN_POINT('',(-1.13169474785151,1.16657716635338,0.));
#7047=CARTESIAN_POINT('Ctrl Pts',(-1.1566892751126,1.13876066422532,0.));
#7048=CARTESIAN_POINT('Ctrl Pts',(-1.15330259316328,1.1442260890767,0.));
#7049=CARTESIAN_POINT('Ctrl Pts',(-1.14662999732902,1.15499431935093,0.));
#7050=CARTESIAN_POINT('Ctrl Pts',(-1.13662278879509,1.16275528548308,0.));
#7051=CARTESIAN_POINT('Ctrl Pts',(-1.13169474785151,1.16657716635338,0.));
#7052=CARTESIAN_POINT('',(-1.13169474785151,1.16657716635338,0.2));
#7053=CARTESIAN_POINT('Ctrl Pts',(-1.13169474785151,1.16657716635338,0.2));
#7054=CARTESIAN_POINT('Ctrl Pts',(-1.13662278879509,1.16275528548308,0.2));
#7055=CARTESIAN_POINT('Ctrl Pts',(-1.14662999732902,1.15499431935093,0.2));
#7056=CARTESIAN_POINT('Ctrl Pts',(-1.15330259316328,1.1442260890767,0.2));
#7057=CARTESIAN_POINT('Ctrl Pts',(-1.1566892751126,1.13876066422532,0.2));
#7058=CARTESIAN_POINT('',(-1.13169474785151,1.16657716635338,0.));
#7059=CARTESIAN_POINT('Ctrl Pts',(-1.09689051631297,1.18243392610807,0.));
#7060=CARTESIAN_POINT('Ctrl Pts',(-1.09689051631297,1.18243392610807,0.2));
#7061=CARTESIAN_POINT('Ctrl Pts',(-1.10312861491091,1.18046292830242,0.));
#7062=CARTESIAN_POINT('Ctrl Pts',(-1.10312861491091,1.18046292830242,0.2));
#7063=CARTESIAN_POINT('Ctrl Pts',(-1.11537748712138,1.17659275859133,0.));
#7064=CARTESIAN_POINT('Ctrl Pts',(-1.11537748712138,1.17659275859133,0.2));
#7065=CARTESIAN_POINT('Ctrl Pts',(-1.12632337530814,1.16987413378206,0.));
#7066=CARTESIAN_POINT('Ctrl Pts',(-1.12632337530814,1.16987413378206,0.2));
#7067=CARTESIAN_POINT('Ctrl Pts',(-1.13169474785151,1.16657716635338,0.));
#7068=CARTESIAN_POINT('Ctrl Pts',(-1.13169474785151,1.16657716635338,0.2));
#7069=CARTESIAN_POINT('',(-1.09689051631297,1.18243392610807,0.));
#7070=CARTESIAN_POINT('Ctrl Pts',(-1.13169474785151,1.16657716635338,0.));
#7071=CARTESIAN_POINT('Ctrl Pts',(-1.12632337530814,1.16987413378206,0.));
#7072=CARTESIAN_POINT('Ctrl Pts',(-1.11537748712138,1.17659275859133,0.));
#7073=CARTESIAN_POINT('Ctrl Pts',(-1.10312861491091,1.18046292830242,0.));
#7074=CARTESIAN_POINT('Ctrl Pts',(-1.09689051631297,1.18243392610807,0.));
#7075=CARTESIAN_POINT('',(-1.09689051631297,1.18243392610807,0.2));
#7076=CARTESIAN_POINT('Ctrl Pts',(-1.09689051631297,1.18243392610807,0.2));
#7077=CARTESIAN_POINT('Ctrl Pts',(-1.10312861491091,1.18046292830242,0.2));
#7078=CARTESIAN_POINT('Ctrl Pts',(-1.11537748712138,1.17659275859133,0.2));
#7079=CARTESIAN_POINT('Ctrl Pts',(-1.12632337530814,1.16987413378206,0.2));
#7080=CARTESIAN_POINT('Ctrl Pts',(-1.13169474785151,1.16657716635338,0.2));
#7081=CARTESIAN_POINT('',(-1.09689051631297,1.18243392610807,0.));
#7082=CARTESIAN_POINT('Ctrl Pts',(-1.05388914426849,1.18969041614714,0.));
#7083=CARTESIAN_POINT('Ctrl Pts',(-1.05388914426849,1.18969041614714,0.2));
#7084=CARTESIAN_POINT('Ctrl Pts',(-1.0622920869818,1.18865637594357,0.));
#7085=CARTESIAN_POINT('Ctrl Pts',(-1.0622920869818,1.18865637594357,0.2));
#7086=CARTESIAN_POINT('Ctrl Pts',(-1.07673748929138,1.18687876930569,0.));
#7087=CARTESIAN_POINT('Ctrl Pts',(-1.07673748929138,1.18687876930569,0.2));
#7088=CARTESIAN_POINT('Ctrl Pts',(-1.09094680915211,1.18374483817673,0.));
#7089=CARTESIAN_POINT('Ctrl Pts',(-1.09094680915211,1.18374483817673,0.2));
#7090=CARTESIAN_POINT('Ctrl Pts',(-1.09689051631297,1.18243392610807,0.));
#7091=CARTESIAN_POINT('Ctrl Pts',(-1.09689051631297,1.18243392610807,0.2));
#7092=CARTESIAN_POINT('',(-1.05388914426849,1.18969041614714,0.));
#7093=CARTESIAN_POINT('Ctrl Pts',(-1.09689051631297,1.18243392610807,0.));
#7094=CARTESIAN_POINT('Ctrl Pts',(-1.09094680915211,1.18374483817673,0.));
#7095=CARTESIAN_POINT('Ctrl Pts',(-1.07673748929138,1.18687876930569,0.));
#7096=CARTESIAN_POINT('Ctrl Pts',(-1.0622920869818,1.18865637594357,0.));
#7097=CARTESIAN_POINT('Ctrl Pts',(-1.05388914426849,1.18969041614714,0.));
#7098=CARTESIAN_POINT('',(-1.05388914426849,1.18969041614714,0.2));
#7099=CARTESIAN_POINT('Ctrl Pts',(-1.05388914426849,1.18969041614714,0.2));
#7100=CARTESIAN_POINT('Ctrl Pts',(-1.0622920869818,1.18865637594357,0.2));
#7101=CARTESIAN_POINT('Ctrl Pts',(-1.07673748929138,1.18687876930569,0.2));
#7102=CARTESIAN_POINT('Ctrl Pts',(-1.09094680915211,1.18374483817673,0.2));
#7103=CARTESIAN_POINT('Ctrl Pts',(-1.09689051631297,1.18243392610807,0.2));
#7104=CARTESIAN_POINT('',(-1.05388914426849,1.18969041614714,0.));
#7105=CARTESIAN_POINT('Ctrl Pts',(-0.967617616084541,1.2063534577876,0.));
#7106=CARTESIAN_POINT('Ctrl Pts',(-0.967617616084541,1.2063534577876,0.2));
#7107=CARTESIAN_POINT('Ctrl Pts',(-0.979370810147645,1.20310570138039,0.));
#7108=CARTESIAN_POINT('Ctrl Pts',(-0.979370810147645,1.20310570138039,0.2));
#7109=CARTESIAN_POINT('Ctrl Pts',(-1.00767051645507,1.19528565246531,0.));
#7110=CARTESIAN_POINT('Ctrl Pts',(-1.00767051645507,1.19528565246531,0.2));
#7111=CARTESIAN_POINT('Ctrl Pts',(-1.03683626632855,1.19175484095794,0.));
#7112=CARTESIAN_POINT('Ctrl Pts',(-1.03683626632855,1.19175484095794,0.2));
#7113=CARTESIAN_POINT('Ctrl Pts',(-1.05388914426849,1.18969041614714,0.));
#7114=CARTESIAN_POINT('Ctrl Pts',(-1.05388914426849,1.18969041614714,0.2));
#7115=CARTESIAN_POINT('',(-0.967617616084541,1.2063534577876,0.));
#7116=CARTESIAN_POINT('Ctrl Pts',(-1.05388914426849,1.18969041614714,0.));
#7117=CARTESIAN_POINT('Ctrl Pts',(-1.03683626632855,1.19175484095794,0.));
#7118=CARTESIAN_POINT('Ctrl Pts',(-1.00767051645507,1.19528565246531,0.));
#7119=CARTESIAN_POINT('Ctrl Pts',(-0.979370810147645,1.20310570138039,0.));
#7120=CARTESIAN_POINT('Ctrl Pts',(-0.967617616084541,1.2063534577876,0.));
#7121=CARTESIAN_POINT('',(-0.967617616084541,1.2063534577876,0.2));
#7122=CARTESIAN_POINT('Ctrl Pts',(-0.967617616084541,1.2063534577876,0.2));
#7123=CARTESIAN_POINT('Ctrl Pts',(-0.979370810147645,1.20310570138039,0.2));
#7124=CARTESIAN_POINT('Ctrl Pts',(-1.00767051645507,1.19528565246531,0.2));
#7125=CARTESIAN_POINT('Ctrl Pts',(-1.03683626632855,1.19175484095794,0.2));
#7126=CARTESIAN_POINT('Ctrl Pts',(-1.05388914426849,1.18969041614714,0.2));
#7127=CARTESIAN_POINT('',(-0.967617616084541,1.2063534577876,0.));
#7128=CARTESIAN_POINT('Ctrl Pts',(-0.967348878922349,1.21898508999924,0.));
#7129=CARTESIAN_POINT('Ctrl Pts',(-0.967348878922349,1.21898508999924,0.2));
#7130=CARTESIAN_POINT('Ctrl Pts',(-0.967368646916141,1.21748447119262,0.));
#7131=CARTESIAN_POINT('Ctrl Pts',(-0.967368646916141,1.21748447119262,0.2));
#7132=CARTESIAN_POINT('Ctrl Pts',(-0.967424122295043,1.21327324987383,0.));
#7133=CARTESIAN_POINT('Ctrl Pts',(-0.967424122295043,1.21327324987383,0.2));
#7134=CARTESIAN_POINT('Ctrl Pts',(-0.967541843460922,1.20906326466375,0.));
#7135=CARTESIAN_POINT('Ctrl Pts',(-0.967541843460922,1.20906326466375,0.2));
#7136=CARTESIAN_POINT('Ctrl Pts',(-0.967617616084541,1.2063534577876,0.));
#7137=CARTESIAN_POINT('Ctrl Pts',(-0.967617616084541,1.2063534577876,0.2));
#7138=CARTESIAN_POINT('',(-0.967348878922349,1.21898508999924,0.));
#7139=CARTESIAN_POINT('Ctrl Pts',(-0.967617616084541,1.2063534577876,0.));
#7140=CARTESIAN_POINT('Ctrl Pts',(-0.967541843460922,1.20906326466375,0.));
#7141=CARTESIAN_POINT('Ctrl Pts',(-0.967424122295043,1.21327324987383,0.));
#7142=CARTESIAN_POINT('Ctrl Pts',(-0.967368646916141,1.21748447119262,0.));
#7143=CARTESIAN_POINT('Ctrl Pts',(-0.967348878922349,1.21898508999924,0.));
#7144=CARTESIAN_POINT('',(-0.967348878922349,1.21898508999924,0.2));
#7145=CARTESIAN_POINT('Ctrl Pts',(-0.967348878922349,1.21898508999924,0.2));
#7146=CARTESIAN_POINT('Ctrl Pts',(-0.967368646916141,1.21748447119262,0.2));
#7147=CARTESIAN_POINT('Ctrl Pts',(-0.967424122295043,1.21327324987383,0.2));
#7148=CARTESIAN_POINT('Ctrl Pts',(-0.967541843460922,1.20906326466375,0.2));
#7149=CARTESIAN_POINT('Ctrl Pts',(-0.967617616084541,1.2063534577876,0.2));
#7150=CARTESIAN_POINT('',(-0.967348878922349,1.21898508999924,0.));
#7151=CARTESIAN_POINT('Ctrl Pts',(-0.981055600581131,1.26064265890078,0.));
#7152=CARTESIAN_POINT('Ctrl Pts',(-0.981055600581131,1.26064265890078,0.2));
#7153=CARTESIAN_POINT('Ctrl Pts',(-0.977075952162618,1.25535528603287,0.));
#7154=CARTESIAN_POINT('Ctrl Pts',(-0.977075952162618,1.25535528603287,0.2));
#7155=CARTESIAN_POINT('Ctrl Pts',(-0.967882157334061,1.24314038254955,0.));
#7156=CARTESIAN_POINT('Ctrl Pts',(-0.967882157334061,1.24314038254955,0.2));
#7157=CARTESIAN_POINT('Ctrl Pts',(-0.967541869140031,1.22772674363656,0.));
#7158=CARTESIAN_POINT('Ctrl Pts',(-0.967541869140031,1.22772674363656,0.2));
#7159=CARTESIAN_POINT('Ctrl Pts',(-0.967348878922349,1.21898508999924,0.));
#7160=CARTESIAN_POINT('Ctrl Pts',(-0.967348878922349,1.21898508999924,0.2));
#7161=CARTESIAN_POINT('',(-0.981055600581131,1.26064265890078,0.));
#7162=CARTESIAN_POINT('Ctrl Pts',(-0.967348878922349,1.21898508999924,0.));
#7163=CARTESIAN_POINT('Ctrl Pts',(-0.967541869140031,1.22772674363656,0.));
#7164=CARTESIAN_POINT('Ctrl Pts',(-0.967882157334061,1.24314038254955,0.));
#7165=CARTESIAN_POINT('Ctrl Pts',(-0.977075952162618,1.25535528603287,0.));
#7166=CARTESIAN_POINT('Ctrl Pts',(-0.981055600581131,1.26064265890078,0.));
#7167=CARTESIAN_POINT('',(-0.981055600581131,1.26064265890078,0.2));
#7168=CARTESIAN_POINT('Ctrl Pts',(-0.981055600581131,1.26064265890078,0.2));
#7169=CARTESIAN_POINT('Ctrl Pts',(-0.977075952162618,1.25535528603287,0.2));
#7170=CARTESIAN_POINT('Ctrl Pts',(-0.967882157334061,1.24314038254955,0.2));
#7171=CARTESIAN_POINT('Ctrl Pts',(-0.967541869140031,1.22772674363656,0.2));
#7172=CARTESIAN_POINT('Ctrl Pts',(-0.967348878922349,1.21898508999924,0.2));
#7173=CARTESIAN_POINT('',(-0.981055600581131,1.26064265890078,0.));
#7174=CARTESIAN_POINT('Ctrl Pts',(-1.03615108358008,1.27703693991265,0.));
#7175=CARTESIAN_POINT('Ctrl Pts',(-1.03615108358008,1.27703693991265,0.2));
#7176=CARTESIAN_POINT('Ctrl Pts',(-1.02514144601607,1.27669471863575,0.));
#7177=CARTESIAN_POINT('Ctrl Pts',(-1.02514144601607,1.27669471863575,0.2));
#7178=CARTESIAN_POINT('Ctrl Pts',(-1.00523122363187,1.2760758334374,0.));
#7179=CARTESIAN_POINT('Ctrl Pts',(-1.00523122363187,1.2760758334374,0.2));
#7180=CARTESIAN_POINT('Ctrl Pts',(-0.988524227961735,1.26541046280275,0.));
#7181=CARTESIAN_POINT('Ctrl Pts',(-0.988524227961735,1.26541046280275,0.2));
#7182=CARTESIAN_POINT('Ctrl Pts',(-0.981055600581131,1.26064265890078,0.));
#7183=CARTESIAN_POINT('Ctrl Pts',(-0.981055600581131,1.26064265890078,0.2));
#7184=CARTESIAN_POINT('',(-1.03615108358008,1.27703693991265,0.));
#7185=CARTESIAN_POINT('Ctrl Pts',(-0.981055600581131,1.26064265890078,0.));
#7186=CARTESIAN_POINT('Ctrl Pts',(-0.988524227961735,1.26541046280275,0.));
#7187=CARTESIAN_POINT('Ctrl Pts',(-1.00523122363187,1.2760758334374,0.));
#7188=CARTESIAN_POINT('Ctrl Pts',(-1.02514144601607,1.27669471863575,0.));
#7189=CARTESIAN_POINT('Ctrl Pts',(-1.03615108358008,1.27703693991265,0.));
#7190=CARTESIAN_POINT('',(-1.03615108358008,1.27703693991265,0.2));
#7191=CARTESIAN_POINT('Ctrl Pts',(-1.03615108358008,1.27703693991265,0.2));
#7192=CARTESIAN_POINT('Ctrl Pts',(-1.02514144601607,1.27669471863575,0.2));
#7193=CARTESIAN_POINT('Ctrl Pts',(-1.00523122363187,1.2760758334374,0.2));
#7194=CARTESIAN_POINT('Ctrl Pts',(-0.988524227961735,1.26541046280275,0.2));
#7195=CARTESIAN_POINT('Ctrl Pts',(-0.981055600581131,1.26064265890078,0.2));
#7196=CARTESIAN_POINT('',(-1.03615108358008,1.27703693991265,0.));
#7197=CARTESIAN_POINT('Ctrl Pts',(-1.08654329077833,1.26507717407288,0.));
#7198=CARTESIAN_POINT('Ctrl Pts',(-1.08654329077833,1.26507717407288,0.2));
#7199=CARTESIAN_POINT('Ctrl Pts',(-1.07975921786552,1.26854877860959,0.));
#7200=CARTESIAN_POINT('Ctrl Pts',(-1.07975921786552,1.26854877860959,0.2));
#7201=CARTESIAN_POINT('Ctrl Pts',(-1.0640197077077,1.27660313704171,0.));
#7202=CARTESIAN_POINT('Ctrl Pts',(-1.0640197077077,1.27660313704171,0.2));
#7203=CARTESIAN_POINT('Ctrl Pts',(-1.04625743085867,1.27687962455886,0.));
#7204=CARTESIAN_POINT('Ctrl Pts',(-1.04625743085867,1.27687962455886,0.2));
#7205=CARTESIAN_POINT('Ctrl Pts',(-1.03615108358008,1.27703693991265,0.));
#7206=CARTESIAN_POINT('Ctrl Pts',(-1.03615108358008,1.27703693991265,0.2));
#7207=CARTESIAN_POINT('',(-1.08654329077833,1.26507717407288,0.));
#7208=CARTESIAN_POINT('Ctrl Pts',(-1.03615108358008,1.27703693991265,0.));
#7209=CARTESIAN_POINT('Ctrl Pts',(-1.04625743085867,1.27687962455886,0.));
#7210=CARTESIAN_POINT('Ctrl Pts',(-1.0640197077077,1.27660313704171,0.));
#7211=CARTESIAN_POINT('Ctrl Pts',(-1.07975921786552,1.26854877860959,0.));
#7212=CARTESIAN_POINT('Ctrl Pts',(-1.08654329077833,1.26507717407288,0.));
#7213=CARTESIAN_POINT('',(-1.08654329077833,1.26507717407288,0.2));
#7214=CARTESIAN_POINT('Ctrl Pts',(-1.08654329077833,1.26507717407288,0.2));
#7215=CARTESIAN_POINT('Ctrl Pts',(-1.07975921786552,1.26854877860959,0.2));
#7216=CARTESIAN_POINT('Ctrl Pts',(-1.0640197077077,1.27660313704171,0.2));
#7217=CARTESIAN_POINT('Ctrl Pts',(-1.04625743085867,1.27687962455886,0.2));
#7218=CARTESIAN_POINT('Ctrl Pts',(-1.03615108358008,1.27703693991265,0.2));
#7219=CARTESIAN_POINT('',(-1.08654329077833,1.26507717407288,0.));
#7220=CARTESIAN_POINT('Ctrl Pts',(-1.11059719103896,1.22274771533307,0.));
#7221=CARTESIAN_POINT('Ctrl Pts',(-1.11059719103896,1.22274771533307,0.2));
#7222=CARTESIAN_POINT('Ctrl Pts',(-1.10804067410478,1.23178148049926,0.));
#7223=CARTESIAN_POINT('Ctrl Pts',(-1.10804067410478,1.23178148049926,0.2));
#7224=CARTESIAN_POINT('Ctrl Pts',(-1.10346731958662,1.24794198786246,0.));
#7225=CARTESIAN_POINT('Ctrl Pts',(-1.10346731958662,1.24794198786246,0.2));
#7226=CARTESIAN_POINT('Ctrl Pts',(-1.091722656849,1.25983318618571,0.));
#7227=CARTESIAN_POINT('Ctrl Pts',(-1.091722656849,1.25983318618571,0.2));
#7228=CARTESIAN_POINT('Ctrl Pts',(-1.08654329077833,1.26507717407288,0.));
#7229=CARTESIAN_POINT('Ctrl Pts',(-1.08654329077833,1.26507717407288,0.2));
#7230=CARTESIAN_POINT('',(-1.11059719103896,1.22274771533307,0.));
#7231=CARTESIAN_POINT('Ctrl Pts',(-1.08654329077833,1.26507717407288,0.));
#7232=CARTESIAN_POINT('Ctrl Pts',(-1.091722656849,1.25983318618571,0.));
#7233=CARTESIAN_POINT('Ctrl Pts',(-1.10346731958662,1.24794198786246,0.));
#7234=CARTESIAN_POINT('Ctrl Pts',(-1.10804067410478,1.23178148049926,0.));
#7235=CARTESIAN_POINT('Ctrl Pts',(-1.11059719103896,1.22274771533307,0.));
#7236=CARTESIAN_POINT('',(-1.11059719103896,1.22274771533307,0.2));
#7237=CARTESIAN_POINT('Ctrl Pts',(-1.11059719103896,1.22274771533307,0.2));
#7238=CARTESIAN_POINT('Ctrl Pts',(-1.10804067410478,1.23178148049926,0.2));
#7239=CARTESIAN_POINT('Ctrl Pts',(-1.10346731958662,1.24794198786246,0.2));
#7240=CARTESIAN_POINT('Ctrl Pts',(-1.091722656849,1.25983318618571,0.2));
#7241=CARTESIAN_POINT('Ctrl Pts',(-1.08654329077833,1.26507717407288,0.2));
#7242=CARTESIAN_POINT('',(-1.11059719103896,1.22274771533307,0.));
#7243=CARTESIAN_POINT('Origin',(-1.15789868620805,1.22919792348638,0.));
#7244=CARTESIAN_POINT('',(-1.15789868620805,1.22919792348638,0.));
#7245=CARTESIAN_POINT('',(-1.11059719103896,1.22274771533307,0.));
#7246=CARTESIAN_POINT('',(-1.15789868620805,1.22919792348638,0.2));
#7247=CARTESIAN_POINT('',(-1.11059719103896,1.22274771533307,0.2));
#7248=CARTESIAN_POINT('',(-1.15789868620805,1.22919792348638,0.));
#7249=CARTESIAN_POINT('Ctrl Pts',(-1.1366667608144,1.2782463510081,0.));
#7250=CARTESIAN_POINT('Ctrl Pts',(-1.1366667608144,1.2782463510081,0.2));
#7251=CARTESIAN_POINT('Ctrl Pts',(-1.14130800137829,1.2712264579487,0.));
#7252=CARTESIAN_POINT('Ctrl Pts',(-1.14130800137829,1.2712264579487,0.2));
#7253=CARTESIAN_POINT('Ctrl Pts',(-1.15127307121096,1.25615425395676,0.));
#7254=CARTESIAN_POINT('Ctrl Pts',(-1.15127307121096,1.25615425395676,0.2));
#7255=CARTESIAN_POINT('Ctrl Pts',(-1.15559154539882,1.23858453138958,0.));
#7256=CARTESIAN_POINT('Ctrl Pts',(-1.15559154539882,1.23858453138958,0.2));
#7257=CARTESIAN_POINT('Ctrl Pts',(-1.15789868620805,1.22919792348638,0.));
#7258=CARTESIAN_POINT('Ctrl Pts',(-1.15789868620805,1.22919792348638,0.2));
#7259=CARTESIAN_POINT('',(-1.1366667608144,1.2782463510081,0.));
#7260=CARTESIAN_POINT('Ctrl Pts',(-1.15789868620805,1.22919792348638,0.));
#7261=CARTESIAN_POINT('Ctrl Pts',(-1.15559154539882,1.23858453138958,0.));
#7262=CARTESIAN_POINT('Ctrl Pts',(-1.15127307121096,1.25615425395676,0.));
#7263=CARTESIAN_POINT('Ctrl Pts',(-1.14130800137829,1.2712264579487,0.));
#7264=CARTESIAN_POINT('Ctrl Pts',(-1.1366667608144,1.2782463510081,0.));
#7265=CARTESIAN_POINT('',(-1.1366667608144,1.2782463510081,0.2));
#7266=CARTESIAN_POINT('Ctrl Pts',(-1.1366667608144,1.2782463510081,0.2));
#7267=CARTESIAN_POINT('Ctrl Pts',(-1.14130800137829,1.2712264579487,0.2));
#7268=CARTESIAN_POINT('Ctrl Pts',(-1.15127307121096,1.25615425395676,0.2));
#7269=CARTESIAN_POINT('Ctrl Pts',(-1.15559154539882,1.23858453138958,0.2));
#7270=CARTESIAN_POINT('Ctrl Pts',(-1.15789868620805,1.22919792348638,0.2));
#7271=CARTESIAN_POINT('',(-1.1366667608144,1.2782463510081,0.));
#7272=CARTESIAN_POINT('Ctrl Pts',(-1.0939341728649,1.30700350360301,0.));
#7273=CARTESIAN_POINT('Ctrl Pts',(-1.0939341728649,1.30700350360301,0.2));
#7274=CARTESIAN_POINT('Ctrl Pts',(-1.10253707267574,1.30348702482889,0.));
#7275=CARTESIAN_POINT('Ctrl Pts',(-1.10253707267574,1.30348702482889,0.2));
#7276=CARTESIAN_POINT('Ctrl Pts',(-1.11879518322575,1.29684143997801,0.));
#7277=CARTESIAN_POINT('Ctrl Pts',(-1.11879518322575,1.29684143997801,0.2));
#7278=CARTESIAN_POINT('Ctrl Pts',(-1.13094565285837,1.28419907179735,0.));
#7279=CARTESIAN_POINT('Ctrl Pts',(-1.13094565285837,1.28419907179735,0.2));
#7280=CARTESIAN_POINT('Ctrl Pts',(-1.1366667608144,1.2782463510081,0.));
#7281=CARTESIAN_POINT('Ctrl Pts',(-1.1366667608144,1.2782463510081,0.2));
#7282=CARTESIAN_POINT('',(-1.0939341728649,1.30700350360301,0.));
#7283=CARTESIAN_POINT('Ctrl Pts',(-1.1366667608144,1.2782463510081,0.));
#7284=CARTESIAN_POINT('Ctrl Pts',(-1.13094565285837,1.28419907179735,0.));
#7285=CARTESIAN_POINT('Ctrl Pts',(-1.11879518322575,1.29684143997801,0.));
#7286=CARTESIAN_POINT('Ctrl Pts',(-1.10253707267574,1.30348702482889,0.));
#7287=CARTESIAN_POINT('Ctrl Pts',(-1.0939341728649,1.30700350360301,0.));
#7288=CARTESIAN_POINT('',(-1.0939341728649,1.30700350360301,0.2));
#7289=CARTESIAN_POINT('Ctrl Pts',(-1.0939341728649,1.30700350360301,0.2));
#7290=CARTESIAN_POINT('Ctrl Pts',(-1.10253707267574,1.30348702482889,0.2));
#7291=CARTESIAN_POINT('Ctrl Pts',(-1.11879518322575,1.29684143997801,0.2));
#7292=CARTESIAN_POINT('Ctrl Pts',(-1.13094565285837,1.28419907179735,0.2));
#7293=CARTESIAN_POINT('Ctrl Pts',(-1.1366667608144,1.2782463510081,0.2));
#7294=CARTESIAN_POINT('',(-1.0939341728649,1.30700350360301,0.));
#7295=CARTESIAN_POINT('Ctrl Pts',(-1.02916335416959,1.31708194504267,0.));
#7296=CARTESIAN_POINT('Ctrl Pts',(-1.02916335416959,1.31708194504267,0.2));
#7297=CARTESIAN_POINT('Ctrl Pts',(-1.04078094744373,1.31676170368256,0.));
#7298=CARTESIAN_POINT('Ctrl Pts',(-1.04078094744373,1.31676170368256,0.2));
#7299=CARTESIAN_POINT('Ctrl Pts',(-1.06281280797556,1.31615439089274,0.));
#7300=CARTESIAN_POINT('Ctrl Pts',(-1.06281280797556,1.31615439089274,0.2));
#7301=CARTESIAN_POINT('Ctrl Pts',(-1.08394511612802,1.30994067337866,0.));
#7302=CARTESIAN_POINT('Ctrl Pts',(-1.08394511612802,1.30994067337866,0.2));
#7303=CARTESIAN_POINT('Ctrl Pts',(-1.0939341728649,1.30700350360301,0.));
#7304=CARTESIAN_POINT('Ctrl Pts',(-1.0939341728649,1.30700350360301,0.2));
#7305=CARTESIAN_POINT('',(-1.02916335416959,1.31708194504267,0.));
#7306=CARTESIAN_POINT('Ctrl Pts',(-1.0939341728649,1.30700350360301,0.));
#7307=CARTESIAN_POINT('Ctrl Pts',(-1.08394511612802,1.30994067337866,0.));
#7308=CARTESIAN_POINT('Ctrl Pts',(-1.06281280797556,1.31615439089274,0.));
#7309=CARTESIAN_POINT('Ctrl Pts',(-1.04078094744373,1.31676170368256,0.));
#7310=CARTESIAN_POINT('Ctrl Pts',(-1.02916335416959,1.31708194504267,0.));
#7311=CARTESIAN_POINT('',(-1.02916335416959,1.31708194504267,0.2));
#7312=CARTESIAN_POINT('Ctrl Pts',(-1.02916335416959,1.31708194504267,0.2));
#7313=CARTESIAN_POINT('Ctrl Pts',(-1.04078094744373,1.31676170368256,0.2));
#7314=CARTESIAN_POINT('Ctrl Pts',(-1.06281280797556,1.31615439089274,0.2));
#7315=CARTESIAN_POINT('Ctrl Pts',(-1.08394511612802,1.30994067337866,0.2));
#7316=CARTESIAN_POINT('Ctrl Pts',(-1.0939341728649,1.30700350360301,0.2));
#7317=CARTESIAN_POINT('',(-1.02916335416959,1.31708194504267,0.));
#7318=CARTESIAN_POINT('Ctrl Pts',(-0.969767701113242,1.30848167532705,0.));
#7319=CARTESIAN_POINT('Ctrl Pts',(-0.969767701113242,1.30848167532705,0.2));
#7320=CARTESIAN_POINT('Ctrl Pts',(-0.978470609461702,1.31098332851285,0.));
#7321=CARTESIAN_POINT('Ctrl Pts',(-0.978470609461702,1.31098332851285,0.2));
#7322=CARTESIAN_POINT('Ctrl Pts',(-0.997852675803393,1.31655470834012,0.));
#7323=CARTESIAN_POINT('Ctrl Pts',(-0.997852675803393,1.31655470834012,0.2));
#7324=CARTESIAN_POINT('Ctrl Pts',(-1.0180403314536,1.31689464581681,0.));
#7325=CARTESIAN_POINT('Ctrl Pts',(-1.0180403314536,1.31689464581681,0.2));
#7326=CARTESIAN_POINT('Ctrl Pts',(-1.02916335416959,1.31708194504267,0.));
#7327=CARTESIAN_POINT('Ctrl Pts',(-1.02916335416959,1.31708194504267,0.2));
#7328=CARTESIAN_POINT('',(-0.969767701113242,1.30848167532705,0.));
#7329=CARTESIAN_POINT('Ctrl Pts',(-1.02916335416959,1.31708194504267,0.));
#7330=CARTESIAN_POINT('Ctrl Pts',(-1.0180403314536,1.31689464581681,0.));
#7331=CARTESIAN_POINT('Ctrl Pts',(-0.997852675803393,1.31655470834012,0.));
#7332=CARTESIAN_POINT('Ctrl Pts',(-0.978470609461702,1.31098332851285,0.));
#7333=CARTESIAN_POINT('Ctrl Pts',(-0.969767701113242,1.30848167532705,0.));
#7334=CARTESIAN_POINT('',(-0.969767701113242,1.30848167532705,0.2));
#7335=CARTESIAN_POINT('Ctrl Pts',(-0.969767701113242,1.30848167532705,0.2));
#7336=CARTESIAN_POINT('Ctrl Pts',(-0.978470609461702,1.31098332851285,0.2));
#7337=CARTESIAN_POINT('Ctrl Pts',(-0.997852675803393,1.31655470834012,0.2));
#7338=CARTESIAN_POINT('Ctrl Pts',(-1.0180403314536,1.31689464581681,0.2));
#7339=CARTESIAN_POINT('Ctrl Pts',(-1.02916335416959,1.31708194504267,0.2));
#7340=CARTESIAN_POINT('',(-0.969767701113242,1.30848167532705,0.));
#7341=CARTESIAN_POINT('Ctrl Pts',(-0.936172927602932,1.28684662072371,0.));
#7342=CARTESIAN_POINT('Ctrl Pts',(-0.936172927602932,1.28684662072371,0.2));
#7343=CARTESIAN_POINT('Ctrl Pts',(-0.940569137801214,1.29111680873262,0.));
#7344=CARTESIAN_POINT('Ctrl Pts',(-0.940569137801214,1.29111680873262,0.2));
#7345=CARTESIAN_POINT('Ctrl Pts',(-0.950290895823022,1.30055988189286,0.));
#7346=CARTESIAN_POINT('Ctrl Pts',(-0.950290895823022,1.30055988189286,0.2));
#7347=CARTESIAN_POINT('Ctrl Pts',(-0.962874463274607,1.30567799138419,0.));
#7348=CARTESIAN_POINT('Ctrl Pts',(-0.962874463274607,1.30567799138419,0.2));
#7349=CARTESIAN_POINT('Ctrl Pts',(-0.969767701113242,1.30848167532705,0.));
#7350=CARTESIAN_POINT('Ctrl Pts',(-0.969767701113242,1.30848167532705,0.2));
#7351=CARTESIAN_POINT('',(-0.936172927602932,1.28684662072371,0.));
#7352=CARTESIAN_POINT('Ctrl Pts',(-0.969767701113242,1.30848167532705,0.));
#7353=CARTESIAN_POINT('Ctrl Pts',(-0.962874463274607,1.30567799138419,0.));
#7354=CARTESIAN_POINT('Ctrl Pts',(-0.950290895823022,1.30055988189286,0.));
#7355=CARTESIAN_POINT('Ctrl Pts',(-0.940569137801214,1.29111680873262,0.));
#7356=CARTESIAN_POINT('Ctrl Pts',(-0.936172927602932,1.28684662072371,0.));
#7357=CARTESIAN_POINT('',(-0.936172927602932,1.28684662072371,0.2));
#7358=CARTESIAN_POINT('Ctrl Pts',(-0.936172927602932,1.28684662072371,0.2));
#7359=CARTESIAN_POINT('Ctrl Pts',(-0.940569137801214,1.29111680873262,0.2));
#7360=CARTESIAN_POINT('Ctrl Pts',(-0.950290895823022,1.30055988189286,0.2));
#7361=CARTESIAN_POINT('Ctrl Pts',(-0.962874463274607,1.30567799138419,0.2));
#7362=CARTESIAN_POINT('Ctrl Pts',(-0.969767701113242,1.30848167532705,0.2));
#7363=CARTESIAN_POINT('',(-0.936172927602932,1.28684662072371,0.));
#7364=CARTESIAN_POINT('Ctrl Pts',(-0.921122426267608,1.25392369011888,0.));
#7365=CARTESIAN_POINT('Ctrl Pts',(-0.921122426267608,1.25392369011888,0.2));
#7366=CARTESIAN_POINT('Ctrl Pts',(-0.922730453051206,1.26015041191731,0.));
#7367=CARTESIAN_POINT('Ctrl Pts',(-0.922730453051206,1.26015041191731,0.2));
#7368=CARTESIAN_POINT('Ctrl Pts',(-0.925798187809951,1.27202952431079,0.));
#7369=CARTESIAN_POINT('Ctrl Pts',(-0.925798187809951,1.27202952431079,0.2));
#7370=CARTESIAN_POINT('Ctrl Pts',(-0.932827972999195,1.2820693910438,0.));
#7371=CARTESIAN_POINT('Ctrl Pts',(-0.932827972999195,1.2820693910438,0.2));
#7372=CARTESIAN_POINT('Ctrl Pts',(-0.936172927602932,1.28684662072371,0.));
#7373=CARTESIAN_POINT('Ctrl Pts',(-0.936172927602932,1.28684662072371,0.2));
#7374=CARTESIAN_POINT('',(-0.921122426267608,1.25392369011888,0.));
#7375=CARTESIAN_POINT('Ctrl Pts',(-0.936172927602932,1.28684662072371,0.));
#7376=CARTESIAN_POINT('Ctrl Pts',(-0.932827972999195,1.2820693910438,0.));
#7377=CARTESIAN_POINT('Ctrl Pts',(-0.925798187809951,1.27202952431079,0.));
#7378=CARTESIAN_POINT('Ctrl Pts',(-0.922730453051206,1.26015041191731,0.));
#7379=CARTESIAN_POINT('Ctrl Pts',(-0.921122426267608,1.25392369011888,0.));
#7380=CARTESIAN_POINT('',(-0.921122426267608,1.25392369011888,0.2));
#7381=CARTESIAN_POINT('Ctrl Pts',(-0.921122426267608,1.25392369011888,0.2));
#7382=CARTESIAN_POINT('Ctrl Pts',(-0.922730453051206,1.26015041191731,0.2));
#7383=CARTESIAN_POINT('Ctrl Pts',(-0.925798187809951,1.27202952431079,0.2));
#7384=CARTESIAN_POINT('Ctrl Pts',(-0.932827972999195,1.2820693910438,0.2));
#7385=CARTESIAN_POINT('Ctrl Pts',(-0.936172927602932,1.28684662072371,0.2));
#7386=CARTESIAN_POINT('',(-0.921122426267608,1.25392369011888,0.));
#7387=CARTESIAN_POINT('Ctrl Pts',(-0.918703604076715,1.20930980123567,0.));
#7388=CARTESIAN_POINT('Ctrl Pts',(-0.918703604076715,1.20930980123567,0.2));
#7389=CARTESIAN_POINT('Ctrl Pts',(-0.918677829039591,1.21841718572541,0.));
#7390=CARTESIAN_POINT('Ctrl Pts',(-0.918677829039591,1.21841718572541,0.2));
#7391=CARTESIAN_POINT('Ctrl Pts',(-0.918635589397147,1.2333421948572,0.));
#7392=CARTESIAN_POINT('Ctrl Pts',(-0.918635589397147,1.2333421948572,0.2));
#7393=CARTESIAN_POINT('Ctrl Pts',(-0.920424950546054,1.24815125951485,0.));
#7394=CARTESIAN_POINT('Ctrl Pts',(-0.920424950546054,1.24815125951485,0.2));
#7395=CARTESIAN_POINT('Ctrl Pts',(-0.921122426267608,1.25392369011888,0.));
#7396=CARTESIAN_POINT('Ctrl Pts',(-0.921122426267608,1.25392369011888,0.2));
#7397=CARTESIAN_POINT('',(-0.918703604076715,1.20930980123567,0.));
#7398=CARTESIAN_POINT('Ctrl Pts',(-0.921122426267608,1.25392369011888,0.));
#7399=CARTESIAN_POINT('Ctrl Pts',(-0.920424950546054,1.24815125951485,0.));
#7400=CARTESIAN_POINT('Ctrl Pts',(-0.918635589397147,1.2333421948572,0.));
#7401=CARTESIAN_POINT('Ctrl Pts',(-0.918677829039591,1.21841718572541,0.));
#7402=CARTESIAN_POINT('Ctrl Pts',(-0.918703604076715,1.20930980123567,0.));
#7403=CARTESIAN_POINT('',(-0.918703604076715,1.20930980123567,0.2));
#7404=CARTESIAN_POINT('Ctrl Pts',(-0.918703604076715,1.20930980123567,0.2));
#7405=CARTESIAN_POINT('Ctrl Pts',(-0.918677829039591,1.21841718572541,0.2));
#7406=CARTESIAN_POINT('Ctrl Pts',(-0.918635589397147,1.2333421948572,0.2));
#7407=CARTESIAN_POINT('Ctrl Pts',(-0.920424950546054,1.24815125951485,0.2));
#7408=CARTESIAN_POINT('Ctrl Pts',(-0.921122426267608,1.25392369011888,0.2));
#7409=CARTESIAN_POINT('',(-0.918703604076715,1.20930980123567,0.));
#7410=CARTESIAN_POINT('Origin',(-0.918703604076715,1.14480774316895,0.));
#7411=CARTESIAN_POINT('',(-0.918703604076715,1.14480774316895,0.));
#7412=CARTESIAN_POINT('',(-0.918703604076715,1.20930980123567,0.));
#7413=CARTESIAN_POINT('',(-0.918703604076715,1.14480774316895,0.2));
#7414=CARTESIAN_POINT('',(-0.918703604076715,1.20930980123567,0.2));
#7415=CARTESIAN_POINT('',(-0.918703604076715,1.14480774316895,0.));
#7416=CARTESIAN_POINT('Ctrl Pts',(-0.915612892047551,1.05947691238465,0.));
#7417=CARTESIAN_POINT('Ctrl Pts',(-0.915612892047551,1.05947691238465,0.2));
#7418=CARTESIAN_POINT('Ctrl Pts',(-0.916497624747551,1.06956148285972,0.));
#7419=CARTESIAN_POINT('Ctrl Pts',(-0.916497624747551,1.06956148285972,0.2));
#7420=CARTESIAN_POINT('Ctrl Pts',(-0.918987225205772,1.09793903833572,0.));
#7421=CARTESIAN_POINT('Ctrl Pts',(-0.918987225205772,1.09793903833572,0.2));
#7422=CARTESIAN_POINT('Ctrl Pts',(-0.91881477221419,1.12643708566711,0.));
#7423=CARTESIAN_POINT('Ctrl Pts',(-0.91881477221419,1.12643708566711,0.2));
#7424=CARTESIAN_POINT('Ctrl Pts',(-0.918703604076715,1.14480774316895,0.));
#7425=CARTESIAN_POINT('Ctrl Pts',(-0.918703604076715,1.14480774316895,0.2));
#7426=CARTESIAN_POINT('',(-0.915612892047551,1.05947691238465,0.));
#7427=CARTESIAN_POINT('Ctrl Pts',(-0.918703604076715,1.14480774316895,0.));
#7428=CARTESIAN_POINT('Ctrl Pts',(-0.91881477221419,1.12643708566711,0.));
#7429=CARTESIAN_POINT('Ctrl Pts',(-0.918987225205772,1.09793903833572,0.));
#7430=CARTESIAN_POINT('Ctrl Pts',(-0.916497624747551,1.06956148285972,0.));
#7431=CARTESIAN_POINT('Ctrl Pts',(-0.915612892047551,1.05947691238465,0.));
#7432=CARTESIAN_POINT('',(-0.915612892047551,1.05947691238465,0.2));
#7433=CARTESIAN_POINT('Ctrl Pts',(-0.915612892047551,1.05947691238465,0.2));
#7434=CARTESIAN_POINT('Ctrl Pts',(-0.916497624747551,1.06956148285972,0.2));
#7435=CARTESIAN_POINT('Ctrl Pts',(-0.918987225205772,1.09793903833572,0.2));
#7436=CARTESIAN_POINT('Ctrl Pts',(-0.91881477221419,1.12643708566711,0.2));
#7437=CARTESIAN_POINT('Ctrl Pts',(-0.918703604076715,1.14480774316895,0.2));
#7438=CARTESIAN_POINT('',(-0.915612892047551,1.05947691238465,0.));
#7439=CARTESIAN_POINT('Ctrl Pts',(-0.903384365579199,1.02521020210328,0.));
#7440=CARTESIAN_POINT('Ctrl Pts',(-0.903384365579199,1.02521020210328,0.2));
#7441=CARTESIAN_POINT('Ctrl Pts',(-0.90617371105201,1.03071008596381,0.));
#7442=CARTESIAN_POINT('Ctrl Pts',(-0.90617371105201,1.03071008596381,0.2));
#7443=CARTESIAN_POINT('Ctrl Pts',(-0.911704087823452,1.0416145903518,0.));
#7444=CARTESIAN_POINT('Ctrl Pts',(-0.911704087823452,1.0416145903518,0.2));
#7445=CARTESIAN_POINT('Ctrl Pts',(-0.914317567886573,1.05355758361457,0.));
#7446=CARTESIAN_POINT('Ctrl Pts',(-0.914317567886573,1.05355758361457,0.2));
#7447=CARTESIAN_POINT('Ctrl Pts',(-0.915612892047551,1.05947691238465,0.));
#7448=CARTESIAN_POINT('Ctrl Pts',(-0.915612892047551,1.05947691238465,0.2));
#7449=CARTESIAN_POINT('',(-0.903384365579199,1.02521020210328,0.));
#7450=CARTESIAN_POINT('Ctrl Pts',(-0.915612892047551,1.05947691238465,0.));
#7451=CARTESIAN_POINT('Ctrl Pts',(-0.914317567886573,1.05355758361457,0.));
#7452=CARTESIAN_POINT('Ctrl Pts',(-0.911704087823452,1.0416145903518,0.));
#7453=CARTESIAN_POINT('Ctrl Pts',(-0.90617371105201,1.03071008596381,0.));
#7454=CARTESIAN_POINT('Ctrl Pts',(-0.903384365579199,1.02521020210328,0.));
#7455=CARTESIAN_POINT('',(-0.903384365579199,1.02521020210328,0.2));
#7456=CARTESIAN_POINT('Ctrl Pts',(-0.903384365579199,1.02521020210328,0.2));
#7457=CARTESIAN_POINT('Ctrl Pts',(-0.90617371105201,1.03071008596381,0.2));
#7458=CARTESIAN_POINT('Ctrl Pts',(-0.911704087823452,1.0416145903518,0.2));
#7459=CARTESIAN_POINT('Ctrl Pts',(-0.914317567886573,1.05355758361457,0.2));
#7460=CARTESIAN_POINT('Ctrl Pts',(-0.915612892047551,1.05947691238465,0.2));
#7461=CARTESIAN_POINT('',(-0.903384365579199,1.02521020210328,0.));
#7462=CARTESIAN_POINT('Origin',(-0.953910988291342,1.02521020210328,0.));
#7463=CARTESIAN_POINT('',(-0.953910988291342,1.02521020210328,0.));
#7464=CARTESIAN_POINT('',(-0.903384365579199,1.02521020210328,0.));
#7465=CARTESIAN_POINT('',(-0.953910988291342,1.02521020210328,0.2));
#7466=CARTESIAN_POINT('',(-0.903384365579199,1.02521020210328,0.2));
#7467=CARTESIAN_POINT('',(-0.953910988291342,1.02521020210328,0.));
#7468=CARTESIAN_POINT('Ctrl Pts',(-0.963586277054914,1.06041758631791,0.));
#7469=CARTESIAN_POINT('Ctrl Pts',(-0.963586277054914,1.06041758631791,0.2));
#7470=CARTESIAN_POINT('Ctrl Pts',(-0.96271013491904,1.05404354792117,0.));
#7471=CARTESIAN_POINT('Ctrl Pts',(-0.96271013491904,1.05404354792117,0.2));
#7472=CARTESIAN_POINT('Ctrl Pts',(-0.961037376160039,1.04187402870532,0.));
#7473=CARTESIAN_POINT('Ctrl Pts',(-0.961037376160039,1.04187402870532,0.2));
#7474=CARTESIAN_POINT('Ctrl Pts',(-0.956209949834467,1.03058592641485,0.));
#7475=CARTESIAN_POINT('Ctrl Pts',(-0.956209949834467,1.03058592641485,0.2));
#7476=CARTESIAN_POINT('Ctrl Pts',(-0.953910988291342,1.02521020210328,0.));
#7477=CARTESIAN_POINT('Ctrl Pts',(-0.953910988291342,1.02521020210328,0.2));
#7478=CARTESIAN_POINT('Ctrl Pts',(-0.953910988291342,1.02521020210328,0.));
#7479=CARTESIAN_POINT('Ctrl Pts',(-0.956209949834467,1.03058592641485,0.));
#7480=CARTESIAN_POINT('Ctrl Pts',(-0.961037376160039,1.04187402870532,0.));
#7481=CARTESIAN_POINT('Ctrl Pts',(-0.96271013491904,1.05404354792117,0.));
#7482=CARTESIAN_POINT('Ctrl Pts',(-0.963586277054914,1.06041758631791,0.));
#7483=CARTESIAN_POINT('Ctrl Pts',(-0.963586277054914,1.06041758631791,0.2));
#7484=CARTESIAN_POINT('Ctrl Pts',(-0.96271013491904,1.05404354792117,0.2));
#7485=CARTESIAN_POINT('Ctrl Pts',(-0.961037376160039,1.04187402870532,0.2));
#7486=CARTESIAN_POINT('Ctrl Pts',(-0.956209949834467,1.03058592641485,0.2));
#7487=CARTESIAN_POINT('Ctrl Pts',(-0.953910988291342,1.02521020210328,0.2));
#7488=CARTESIAN_POINT('Origin',(-0.151397996323239,1.21898508999924,0.2));
#7489=CARTESIAN_POINT('Origin',(-0.151397996323239,1.21898508999924,0.));
#7490=CARTESIAN_POINT('Origin',(-1.47906514993232,1.23188550630586,0.));
#7491=CARTESIAN_POINT('',(-1.58092462444298,1.23188550630586,0.));
#7492=CARTESIAN_POINT('',(-1.47906514993232,1.23188550630586,0.));
#7493=CARTESIAN_POINT('',(-1.58092462444298,1.23188550630586,0.));
#7494=CARTESIAN_POINT('',(-1.58092462444298,1.23188550630586,0.2));
#7495=CARTESIAN_POINT('',(-1.58092462444298,1.23188550630586,0.));
#7496=CARTESIAN_POINT('',(-1.47906514993232,1.23188550630586,0.2));
#7497=CARTESIAN_POINT('',(-1.58092462444298,1.23188550630586,0.2));
#7498=CARTESIAN_POINT('',(-1.47906514993232,1.23188550630586,0.));
#7499=CARTESIAN_POINT('Ctrl Pts',(-1.40730660182652,1.25069860950862,0.));
#7500=CARTESIAN_POINT('Ctrl Pts',(-1.40730660182652,1.25069860950862,0.2));
#7501=CARTESIAN_POINT('Ctrl Pts',(-1.41660600438648,1.24524372115253,0.));
#7502=CARTESIAN_POINT('Ctrl Pts',(-1.41660600438648,1.24524372115253,0.2));
#7503=CARTESIAN_POINT('Ctrl Pts',(-1.43859357052122,1.23234614867795,0.));
#7504=CARTESIAN_POINT('Ctrl Pts',(-1.43859357052122,1.23234614867795,0.2));
#7505=CARTESIAN_POINT('Ctrl Pts',(-1.46425623245605,1.23205405952206,0.));
#7506=CARTESIAN_POINT('Ctrl Pts',(-1.46425623245605,1.23205405952206,0.2));
#7507=CARTESIAN_POINT('Ctrl Pts',(-1.47906514993232,1.23188550630586,0.));
#7508=CARTESIAN_POINT('Ctrl Pts',(-1.47906514993232,1.23188550630586,0.2));
#7509=CARTESIAN_POINT('',(-1.40730660182652,1.25069860950862,0.));
#7510=CARTESIAN_POINT('Ctrl Pts',(-1.47906514993232,1.23188550630586,0.));
#7511=CARTESIAN_POINT('Ctrl Pts',(-1.46425623245605,1.23205405952206,0.));
#7512=CARTESIAN_POINT('Ctrl Pts',(-1.43859357052122,1.23234614867795,0.));
#7513=CARTESIAN_POINT('Ctrl Pts',(-1.41660600438648,1.24524372115253,0.));
#7514=CARTESIAN_POINT('Ctrl Pts',(-1.40730660182652,1.25069860950862,0.));
#7515=CARTESIAN_POINT('',(-1.40730660182652,1.25069860950862,0.2));
#7516=CARTESIAN_POINT('Ctrl Pts',(-1.40730660182652,1.25069860950862,0.2));
#7517=CARTESIAN_POINT('Ctrl Pts',(-1.41660600438648,1.24524372115253,0.2));
#7518=CARTESIAN_POINT('Ctrl Pts',(-1.43859357052122,1.23234614867795,0.2));
#7519=CARTESIAN_POINT('Ctrl Pts',(-1.46425623245605,1.23205405952206,0.2));
#7520=CARTESIAN_POINT('Ctrl Pts',(-1.47906514993232,1.23188550630586,0.2));
#7521=CARTESIAN_POINT('',(-1.40730660182652,1.25069860950862,0.));
#7522=CARTESIAN_POINT('Ctrl Pts',(-1.38607469989927,1.30364403094526,0.));
#7523=CARTESIAN_POINT('Ctrl Pts',(-1.38607469989927,1.30364403094526,0.2));
#7524=CARTESIAN_POINT('Ctrl Pts',(-1.3867571594471,1.29309240464482,0.));
#7525=CARTESIAN_POINT('Ctrl Pts',(-1.3867571594471,1.29309240464482,0.2));
#7526=CARTESIAN_POINT('Ctrl Pts',(-1.3880537015791,1.27304634022512,0.));
#7527=CARTESIAN_POINT('Ctrl Pts',(-1.3880537015791,1.27304634022512,0.2));
#7528=CARTESIAN_POINT('Ctrl Pts',(-1.40111864108434,1.25788126139865,0.));
#7529=CARTESIAN_POINT('Ctrl Pts',(-1.40111864108434,1.25788126139865,0.2));
#7530=CARTESIAN_POINT('Ctrl Pts',(-1.40730660182652,1.25069860950862,0.));
#7531=CARTESIAN_POINT('Ctrl Pts',(-1.40730660182652,1.25069860950862,0.2));
#7532=CARTESIAN_POINT('',(-1.38607469989927,1.30364403094526,0.));
#7533=CARTESIAN_POINT('Ctrl Pts',(-1.40730660182652,1.25069860950862,0.));
#7534=CARTESIAN_POINT('Ctrl Pts',(-1.40111864108434,1.25788126139865,0.));
#7535=CARTESIAN_POINT('Ctrl Pts',(-1.3880537015791,1.27304634022512,0.));
#7536=CARTESIAN_POINT('Ctrl Pts',(-1.3867571594471,1.29309240464482,0.));
#7537=CARTESIAN_POINT('Ctrl Pts',(-1.38607469989927,1.30364403094526,0.));
#7538=CARTESIAN_POINT('',(-1.38607469989927,1.30364403094526,0.2));
#7539=CARTESIAN_POINT('Ctrl Pts',(-1.38607469989927,1.30364403094526,0.2));
#7540=CARTESIAN_POINT('Ctrl Pts',(-1.3867571594471,1.29309240464482,0.2));
#7541=CARTESIAN_POINT('Ctrl Pts',(-1.3880537015791,1.27304634022512,0.2));
#7542=CARTESIAN_POINT('Ctrl Pts',(-1.40111864108434,1.25788126139865,0.2));
#7543=CARTESIAN_POINT('Ctrl Pts',(-1.40730660182652,1.25069860950862,0.2));
#7544=CARTESIAN_POINT('',(-1.38607469989927,1.30364403094526,0.));
#7545=CARTESIAN_POINT('Ctrl Pts',(-1.39857196352981,1.34597348968508,0.));
#7546=CARTESIAN_POINT('Ctrl Pts',(-1.39857196352981,1.34597348968508,0.2));
#7547=CARTESIAN_POINT('Ctrl Pts',(-1.39492825804766,1.33966869994565,0.));
#7548=CARTESIAN_POINT('Ctrl Pts',(-1.39492825804766,1.33966869994565,0.2));
#7549=CARTESIAN_POINT('Ctrl Pts',(-1.38736574617793,1.32658310686625,0.));
#7550=CARTESIAN_POINT('Ctrl Pts',(-1.38736574617793,1.32658310686625,0.2));
#7551=CARTESIAN_POINT('Ctrl Pts',(-1.38651536013445,1.31147360201278,0.));
#7552=CARTESIAN_POINT('Ctrl Pts',(-1.38651536013445,1.31147360201278,0.2));
#7553=CARTESIAN_POINT('Ctrl Pts',(-1.38607469989927,1.30364403094526,0.));
#7554=CARTESIAN_POINT('Ctrl Pts',(-1.38607469989927,1.30364403094526,0.2));
#7555=CARTESIAN_POINT('',(-1.39857196352981,1.34597348968508,0.));
#7556=CARTESIAN_POINT('Ctrl Pts',(-1.38607469989927,1.30364403094526,0.));
#7557=CARTESIAN_POINT('Ctrl Pts',(-1.38651536013445,1.31147360201278,0.));
#7558=CARTESIAN_POINT('Ctrl Pts',(-1.38736574617793,1.32658310686625,0.));
#7559=CARTESIAN_POINT('Ctrl Pts',(-1.39492825804766,1.33966869994565,0.));
#7560=CARTESIAN_POINT('Ctrl Pts',(-1.39857196352981,1.34597348968508,0.));
#7561=CARTESIAN_POINT('',(-1.39857196352981,1.34597348968508,0.2));
#7562=CARTESIAN_POINT('Ctrl Pts',(-1.39857196352981,1.34597348968508,0.2));
#7563=CARTESIAN_POINT('Ctrl Pts',(-1.39492825804766,1.33966869994565,0.2));
#7564=CARTESIAN_POINT('Ctrl Pts',(-1.38736574617793,1.32658310686625,0.2));
#7565=CARTESIAN_POINT('Ctrl Pts',(-1.38651536013445,1.31147360201278,0.2));
#7566=CARTESIAN_POINT('Ctrl Pts',(-1.38607469989927,1.30364403094526,0.2));
#7567=CARTESIAN_POINT('',(-1.39857196352981,1.34597348968508,0.));
#7568=CARTESIAN_POINT('Ctrl Pts',(-1.43149487066825,1.36922110805994,0.));
#7569=CARTESIAN_POINT('Ctrl Pts',(-1.43149487066825,1.36922110805994,0.2));
#7570=CARTESIAN_POINT('Ctrl Pts',(-1.42500622210773,1.36682670778465,0.));
#7571=CARTESIAN_POINT('Ctrl Pts',(-1.42500622210773,1.36682670778465,0.2));
#7572=CARTESIAN_POINT('Ctrl Pts',(-1.41196272899522,1.36201348000569,0.));
#7573=CARTESIAN_POINT('Ctrl Pts',(-1.41196272899522,1.36201348000569,0.2));
#7574=CARTESIAN_POINT('Ctrl Pts',(-1.40305062838193,1.351338212192,0.));
#7575=CARTESIAN_POINT('Ctrl Pts',(-1.40305062838193,1.351338212192,0.2));
#7576=CARTESIAN_POINT('Ctrl Pts',(-1.39857196352981,1.34597348968508,0.));
#7577=CARTESIAN_POINT('Ctrl Pts',(-1.39857196352981,1.34597348968508,0.2));
#7578=CARTESIAN_POINT('',(-1.43149487066825,1.36922110805994,0.));
#7579=CARTESIAN_POINT('Ctrl Pts',(-1.39857196352981,1.34597348968508,0.));
#7580=CARTESIAN_POINT('Ctrl Pts',(-1.40305062838193,1.351338212192,0.));
#7581=CARTESIAN_POINT('Ctrl Pts',(-1.41196272899522,1.36201348000569,0.));
#7582=CARTESIAN_POINT('Ctrl Pts',(-1.42500622210773,1.36682670778465,0.));
#7583=CARTESIAN_POINT('Ctrl Pts',(-1.43149487066825,1.36922110805994,0.));
#7584=CARTESIAN_POINT('',(-1.43149487066825,1.36922110805994,0.2));
#7585=CARTESIAN_POINT('Ctrl Pts',(-1.43149487066825,1.36922110805994,0.2));
#7586=CARTESIAN_POINT('Ctrl Pts',(-1.42500622210773,1.36682670778465,0.2));
#7587=CARTESIAN_POINT('Ctrl Pts',(-1.41196272899522,1.36201348000569,0.2));
#7588=CARTESIAN_POINT('Ctrl Pts',(-1.40305062838193,1.351338212192,0.2));
#7589=CARTESIAN_POINT('Ctrl Pts',(-1.39857196352981,1.34597348968508,0.2));
#7590=CARTESIAN_POINT('',(-1.43149487066825,1.36922110805994,0.));
#7591=CARTESIAN_POINT('Ctrl Pts',(-1.48014016898027,1.37271497276518,0.));
#7592=CARTESIAN_POINT('Ctrl Pts',(-1.48014016898027,1.37271497276518,0.2));
#7593=CARTESIAN_POINT('Ctrl Pts',(-1.47014561116898,1.37275735027855,0.));
#7594=CARTESIAN_POINT('Ctrl Pts',(-1.47014561116898,1.37275735027855,0.2));
#7595=CARTESIAN_POINT('Ctrl Pts',(-1.45382657069724,1.37282654397064,0.));
#7596=CARTESIAN_POINT('Ctrl Pts',(-1.45382657069724,1.37282654397064,0.2));
#7597=CARTESIAN_POINT('Ctrl Pts',(-1.43773225911646,1.37022812966022,0.));
#7598=CARTESIAN_POINT('Ctrl Pts',(-1.43773225911646,1.37022812966022,0.2));
#7599=CARTESIAN_POINT('Ctrl Pts',(-1.43149487066825,1.36922110805994,0.));
#7600=CARTESIAN_POINT('Ctrl Pts',(-1.43149487066825,1.36922110805994,0.2));
#7601=CARTESIAN_POINT('',(-1.48014016898027,1.37271497276518,0.));
#7602=CARTESIAN_POINT('Ctrl Pts',(-1.43149487066825,1.36922110805994,0.));
#7603=CARTESIAN_POINT('Ctrl Pts',(-1.43773225911646,1.37022812966022,0.));
#7604=CARTESIAN_POINT('Ctrl Pts',(-1.45382657069724,1.37282654397064,0.));
#7605=CARTESIAN_POINT('Ctrl Pts',(-1.47014561116898,1.37275735027855,0.));
#7606=CARTESIAN_POINT('Ctrl Pts',(-1.48014016898027,1.37271497276518,0.));
#7607=CARTESIAN_POINT('',(-1.48014016898027,1.37271497276518,0.2));
#7608=CARTESIAN_POINT('Ctrl Pts',(-1.48014016898027,1.37271497276518,0.2));
#7609=CARTESIAN_POINT('Ctrl Pts',(-1.47014561116898,1.37275735027855,0.2));
#7610=CARTESIAN_POINT('Ctrl Pts',(-1.45382657069724,1.37282654397064,0.2));
#7611=CARTESIAN_POINT('Ctrl Pts',(-1.43773225911646,1.37022812966022,0.2));
#7612=CARTESIAN_POINT('Ctrl Pts',(-1.43149487066825,1.36922110805994,0.2));
#7613=CARTESIAN_POINT('',(-1.48014016898027,1.37271497276518,0.));
#7614=CARTESIAN_POINT('Origin',(-1.58092462444298,1.37271497276518,0.));
#7615=CARTESIAN_POINT('',(-1.58092462444298,1.37271497276518,0.));
#7616=CARTESIAN_POINT('',(-1.48014016898027,1.37271497276518,0.));
#7617=CARTESIAN_POINT('',(-1.58092462444298,1.37271497276518,0.2));
#7618=CARTESIAN_POINT('',(-1.48014016898027,1.37271497276518,0.2));
#7619=CARTESIAN_POINT('',(-1.58092462444298,1.37271497276518,0.));
#7620=CARTESIAN_POINT('Origin',(-1.58092462444298,1.23188550630586,0.));
#7621=CARTESIAN_POINT('',(-1.58092462444298,1.37271497276518,0.));
#7622=CARTESIAN_POINT('',(-1.58092462444298,1.37271497276518,0.2));
#7623=CARTESIAN_POINT('Origin',(-1.63306377572705,1.41921018604851,0.));
#7624=CARTESIAN_POINT('',(-1.63306377572705,1.02521020210328,0.));
#7625=CARTESIAN_POINT('',(-1.63306377572705,1.41921018604851,0.));
#7626=CARTESIAN_POINT('',(-1.63306377572705,1.02521020210328,0.));
#7627=CARTESIAN_POINT('',(-1.63306377572705,1.02521020210328,0.2));
#7628=CARTESIAN_POINT('',(-1.63306377572705,1.02521020210328,0.));
#7629=CARTESIAN_POINT('',(-1.63306377572705,1.41921018604851,0.2));
#7630=CARTESIAN_POINT('',(-1.63306377572705,1.02521020210328,0.2));
#7631=CARTESIAN_POINT('',(-1.63306377572705,1.41921018604851,0.));
#7632=CARTESIAN_POINT('Origin',(-1.48444031557128,1.41921018604851,0.));
#7633=CARTESIAN_POINT('',(-1.48444031557128,1.41921018604851,0.));
#7634=CARTESIAN_POINT('',(-1.63306377572705,1.41921018604851,0.));
#7635=CARTESIAN_POINT('',(-1.48444031557128,1.41921018604851,0.2));
#7636=CARTESIAN_POINT('',(-1.63306377572705,1.41921018604851,0.2));
#7637=CARTESIAN_POINT('',(-1.48444031557128,1.41921018604851,0.));
#7638=CARTESIAN_POINT('Ctrl Pts',(-1.42450716472415,1.41544758418108,0.));
#7639=CARTESIAN_POINT('Ctrl Pts',(-1.42450716472415,1.41544758418108,0.2));
#7640=CARTESIAN_POINT('Ctrl Pts',(-1.43294024521935,1.41653873070905,0.));
#7641=CARTESIAN_POINT('Ctrl Pts',(-1.43294024521935,1.41653873070905,0.2));
#7642=CARTESIAN_POINT('Ctrl Pts',(-1.45282673096105,1.41911182008997,0.));
#7643=CARTESIAN_POINT('Ctrl Pts',(-1.45282673096105,1.41911182008997,0.2));
#7644=CARTESIAN_POINT('Ctrl Pts',(-1.47288688687646,1.41917423744913,0.));
#7645=CARTESIAN_POINT('Ctrl Pts',(-1.47288688687646,1.41917423744913,0.2));
#7646=CARTESIAN_POINT('Ctrl Pts',(-1.48444031557128,1.41921018604851,0.));
#7647=CARTESIAN_POINT('Ctrl Pts',(-1.48444031557128,1.41921018604851,0.2));
#7648=CARTESIAN_POINT('',(-1.42450716472415,1.41544758418108,0.));
#7649=CARTESIAN_POINT('Ctrl Pts',(-1.48444031557128,1.41921018604851,0.));
#7650=CARTESIAN_POINT('Ctrl Pts',(-1.47288688687646,1.41917423744913,0.));
#7651=CARTESIAN_POINT('Ctrl Pts',(-1.45282673096105,1.41911182008997,0.));
#7652=CARTESIAN_POINT('Ctrl Pts',(-1.43294024521935,1.41653873070905,0.));
#7653=CARTESIAN_POINT('Ctrl Pts',(-1.42450716472415,1.41544758418108,0.));
#7654=CARTESIAN_POINT('',(-1.42450716472415,1.41544758418108,0.2));
#7655=CARTESIAN_POINT('Ctrl Pts',(-1.42450716472415,1.41544758418108,0.2));
#7656=CARTESIAN_POINT('Ctrl Pts',(-1.43294024521935,1.41653873070905,0.2));
#7657=CARTESIAN_POINT('Ctrl Pts',(-1.45282673096105,1.41911182008997,0.2));
#7658=CARTESIAN_POINT('Ctrl Pts',(-1.47288688687646,1.41917423744913,0.2));
#7659=CARTESIAN_POINT('Ctrl Pts',(-1.48444031557128,1.41921018604851,0.2));
#7660=CARTESIAN_POINT('',(-1.42450716472415,1.41544758418108,0.));
#7661=CARTESIAN_POINT('Ctrl Pts',(-1.37586186641212,1.397037610188,0.));
#7662=CARTESIAN_POINT('Ctrl Pts',(-1.37586186641212,1.397037610188,0.2));
#7663=CARTESIAN_POINT('Ctrl Pts',(-1.38303096880925,1.40123493775758,0.));
#7664=CARTESIAN_POINT('Ctrl Pts',(-1.38303096880925,1.40123493775758,0.2));
#7665=CARTESIAN_POINT('Ctrl Pts',(-1.3981906490912,1.41011054595352,0.));
#7666=CARTESIAN_POINT('Ctrl Pts',(-1.3981906490912,1.41011054595352,0.2));
#7667=CARTESIAN_POINT('Ctrl Pts',(-1.415423716656,1.41360544404923,0.));
#7668=CARTESIAN_POINT('Ctrl Pts',(-1.415423716656,1.41360544404923,0.2));
#7669=CARTESIAN_POINT('Ctrl Pts',(-1.42450716472415,1.41544758418108,0.));
#7670=CARTESIAN_POINT('Ctrl Pts',(-1.42450716472415,1.41544758418108,0.2));
#7671=CARTESIAN_POINT('',(-1.37586186641212,1.397037610188,0.));
#7672=CARTESIAN_POINT('Ctrl Pts',(-1.42450716472415,1.41544758418108,0.));
#7673=CARTESIAN_POINT('Ctrl Pts',(-1.415423716656,1.41360544404923,0.));
#7674=CARTESIAN_POINT('Ctrl Pts',(-1.3981906490912,1.41011054595352,0.));
#7675=CARTESIAN_POINT('Ctrl Pts',(-1.38303096880925,1.40123493775758,0.));
#7676=CARTESIAN_POINT('Ctrl Pts',(-1.37586186641212,1.397037610188,0.));
#7677=CARTESIAN_POINT('',(-1.37586186641212,1.397037610188,0.2));
#7678=CARTESIAN_POINT('Ctrl Pts',(-1.37586186641212,1.397037610188,0.2));
#7679=CARTESIAN_POINT('Ctrl Pts',(-1.38303096880925,1.40123493775758,0.2));
#7680=CARTESIAN_POINT('Ctrl Pts',(-1.3981906490912,1.41011054595352,0.2));
#7681=CARTESIAN_POINT('Ctrl Pts',(-1.415423716656,1.41360544404923,0.2));
#7682=CARTESIAN_POINT('Ctrl Pts',(-1.42450716472415,1.41544758418108,0.2));
#7683=CARTESIAN_POINT('',(-1.37586186641212,1.397037610188,0.));
#7684=CARTESIAN_POINT('Ctrl Pts',(-1.34428273895023,1.3590082745728,0.));
#7685=CARTESIAN_POINT('Ctrl Pts',(-1.34428273895023,1.3590082745728,0.2));
#7686=CARTESIAN_POINT('Ctrl Pts',(-1.34846794169114,1.36662202961589,0.));
#7687=CARTESIAN_POINT('Ctrl Pts',(-1.34846794169114,1.36662202961589,0.2));
#7688=CARTESIAN_POINT('Ctrl Pts',(-1.35655824315645,1.3813399721852,0.));
#7689=CARTESIAN_POINT('Ctrl Pts',(-1.35655824315645,1.3813399721852,0.2));
#7690=CARTESIAN_POINT('Ctrl Pts',(-1.36957757798824,1.39192724911864,0.));
#7691=CARTESIAN_POINT('Ctrl Pts',(-1.36957757798824,1.39192724911864,0.2));
#7692=CARTESIAN_POINT('Ctrl Pts',(-1.37586186641212,1.397037610188,0.));
#7693=CARTESIAN_POINT('Ctrl Pts',(-1.37586186641212,1.397037610188,0.2));
#7694=CARTESIAN_POINT('',(-1.34428273895023,1.3590082745728,0.));
#7695=CARTESIAN_POINT('Ctrl Pts',(-1.37586186641212,1.397037610188,0.));
#7696=CARTESIAN_POINT('Ctrl Pts',(-1.36957757798824,1.39192724911864,0.));
#7697=CARTESIAN_POINT('Ctrl Pts',(-1.35655824315645,1.3813399721852,0.));
#7698=CARTESIAN_POINT('Ctrl Pts',(-1.34846794169114,1.36662202961589,0.));
#7699=CARTESIAN_POINT('Ctrl Pts',(-1.34428273895023,1.3590082745728,0.));
#7700=CARTESIAN_POINT('',(-1.34428273895023,1.3590082745728,0.2));
#7701=CARTESIAN_POINT('Ctrl Pts',(-1.34428273895023,1.3590082745728,0.2));
#7702=CARTESIAN_POINT('Ctrl Pts',(-1.34846794169114,1.36662202961589,0.2));
#7703=CARTESIAN_POINT('Ctrl Pts',(-1.35655824315645,1.3813399721852,0.2));
#7704=CARTESIAN_POINT('Ctrl Pts',(-1.36957757798824,1.39192724911864,0.2));
#7705=CARTESIAN_POINT('Ctrl Pts',(-1.37586186641212,1.397037610188,0.2));
#7706=CARTESIAN_POINT('',(-1.34428273895023,1.3590082745728,0.));
#7707=CARTESIAN_POINT('Ctrl Pts',(-1.33232299657686,1.30525657125039,0.));
#7708=CARTESIAN_POINT('Ctrl Pts',(-1.33232299657686,1.30525657125039,0.2));
#7709=CARTESIAN_POINT('Ctrl Pts',(-1.33278227205808,1.31473913656928,0.));
#7710=CARTESIAN_POINT('Ctrl Pts',(-1.33278227205808,1.31473913656928,0.2));
#7711=CARTESIAN_POINT('Ctrl Pts',(-1.33368366231962,1.33334995378604,0.));
#7712=CARTESIAN_POINT('Ctrl Pts',(-1.33368366231962,1.33334995378604,0.2));
#7713=CARTESIAN_POINT('Ctrl Pts',(-1.34079484103379,1.3505647462608,0.));
#7714=CARTESIAN_POINT('Ctrl Pts',(-1.34079484103379,1.3505647462608,0.2));
#7715=CARTESIAN_POINT('Ctrl Pts',(-1.34428273895023,1.3590082745728,0.));
#7716=CARTESIAN_POINT('Ctrl Pts',(-1.34428273895023,1.3590082745728,0.2));
#7717=CARTESIAN_POINT('',(-1.33232299657686,1.30525657125039,0.));
#7718=CARTESIAN_POINT('Ctrl Pts',(-1.34428273895023,1.3590082745728,0.));
#7719=CARTESIAN_POINT('Ctrl Pts',(-1.34079484103379,1.3505647462608,0.));
#7720=CARTESIAN_POINT('Ctrl Pts',(-1.33368366231962,1.33334995378604,0.));
#7721=CARTESIAN_POINT('Ctrl Pts',(-1.33278227205808,1.31473913656928,0.));
#7722=CARTESIAN_POINT('Ctrl Pts',(-1.33232299657686,1.30525657125039,0.));
#7723=CARTESIAN_POINT('',(-1.33232299657686,1.30525657125039,0.2));
#7724=CARTESIAN_POINT('Ctrl Pts',(-1.33232299657686,1.30525657125039,0.2));
#7725=CARTESIAN_POINT('Ctrl Pts',(-1.33278227205808,1.31473913656928,0.2));
#7726=CARTESIAN_POINT('Ctrl Pts',(-1.33368366231962,1.33334995378604,0.2));
#7727=CARTESIAN_POINT('Ctrl Pts',(-1.34079484103379,1.3505647462608,0.2));
#7728=CARTESIAN_POINT('Ctrl Pts',(-1.34428273895023,1.3590082745728,0.2));
#7729=CARTESIAN_POINT('',(-1.33232299657686,1.30525657125039,0.));
#7730=CARTESIAN_POINT('Ctrl Pts',(-1.36430525324844,1.22019450109469,0.));
#7731=CARTESIAN_POINT('Ctrl Pts',(-1.36430525324844,1.22019450109469,0.2));
#7732=CARTESIAN_POINT('Ctrl Pts',(-1.35497785355555,1.23257792160514,0.));
#7733=CARTESIAN_POINT('Ctrl Pts',(-1.35497785355555,1.23257792160514,0.2));
#7734=CARTESIAN_POINT('Ctrl Pts',(-1.33600018936576,1.25777341056309,0.));
#7735=CARTESIAN_POINT('Ctrl Pts',(-1.33600018936576,1.25777341056309,0.2));
#7736=CARTESIAN_POINT('Ctrl Pts',(-1.33356255125814,1.28925034653199,0.));
#7737=CARTESIAN_POINT('Ctrl Pts',(-1.33356255125814,1.28925034653199,0.2));
#7738=CARTESIAN_POINT('Ctrl Pts',(-1.33232299657686,1.30525657125039,0.));
#7739=CARTESIAN_POINT('Ctrl Pts',(-1.33232299657686,1.30525657125039,0.2));
#7740=CARTESIAN_POINT('',(-1.36430525324844,1.22019450109469,0.));
#7741=CARTESIAN_POINT('Ctrl Pts',(-1.33232299657686,1.30525657125039,0.));
#7742=CARTESIAN_POINT('Ctrl Pts',(-1.33356255125814,1.28925034653199,0.));
#7743=CARTESIAN_POINT('Ctrl Pts',(-1.33600018936576,1.25777341056309,0.));
#7744=CARTESIAN_POINT('Ctrl Pts',(-1.35497785355555,1.23257792160514,0.));
#7745=CARTESIAN_POINT('Ctrl Pts',(-1.36430525324844,1.22019450109469,0.));
#7746=CARTESIAN_POINT('',(-1.36430525324844,1.22019450109469,0.2));
#7747=CARTESIAN_POINT('Ctrl Pts',(-1.36430525324844,1.22019450109469,0.2));
#7748=CARTESIAN_POINT('Ctrl Pts',(-1.35497785355555,1.23257792160514,0.2));
#7749=CARTESIAN_POINT('Ctrl Pts',(-1.33600018936576,1.25777341056309,0.2));
#7750=CARTESIAN_POINT('Ctrl Pts',(-1.33356255125814,1.28925034653199,0.2));
#7751=CARTESIAN_POINT('Ctrl Pts',(-1.33232299657686,1.30525657125039,0.2));
#7752=CARTESIAN_POINT('',(-1.36430525324844,1.22019450109469,0.));
#7753=CARTESIAN_POINT('Ctrl Pts',(-1.47987140835169,1.18539026955614,0.));
#7754=CARTESIAN_POINT('Ctrl Pts',(-1.47987140835169,1.18539026955614,0.2));
#7755=CARTESIAN_POINT('Ctrl Pts',(-1.4554310615698,1.18567813306977,0.));
#7756=CARTESIAN_POINT('Ctrl Pts',(-1.4554310615698,1.18567813306977,0.2));
#7757=CARTESIAN_POINT('Ctrl Pts',(-1.41317226751884,1.18617586598027,0.));
#7758=CARTESIAN_POINT('Ctrl Pts',(-1.41317226751884,1.18617586598027,0.2));
#7759=CARTESIAN_POINT('Ctrl Pts',(-1.37879883347686,1.21010483581324,0.));
#7760=CARTESIAN_POINT('Ctrl Pts',(-1.37879883347686,1.21010483581324,0.2));
#7761=CARTESIAN_POINT('Ctrl Pts',(-1.36430525324844,1.22019450109469,0.));
#7762=CARTESIAN_POINT('Ctrl Pts',(-1.36430525324844,1.22019450109469,0.2));
#7763=CARTESIAN_POINT('',(-1.47987140835169,1.18539026955614,0.));
#7764=CARTESIAN_POINT('Ctrl Pts',(-1.36430525324844,1.22019450109469,0.));
#7765=CARTESIAN_POINT('Ctrl Pts',(-1.37879883347686,1.21010483581324,0.));
#7766=CARTESIAN_POINT('Ctrl Pts',(-1.41317226751884,1.18617586598027,0.));
#7767=CARTESIAN_POINT('Ctrl Pts',(-1.4554310615698,1.18567813306977,0.));
#7768=CARTESIAN_POINT('Ctrl Pts',(-1.47987140835169,1.18539026955614,0.));
#7769=CARTESIAN_POINT('',(-1.47987140835169,1.18539026955614,0.2));
#7770=CARTESIAN_POINT('Ctrl Pts',(-1.47987140835169,1.18539026955614,0.2));
#7771=CARTESIAN_POINT('Ctrl Pts',(-1.4554310615698,1.18567813306977,0.2));
#7772=CARTESIAN_POINT('Ctrl Pts',(-1.41317226751884,1.18617586598027,0.2));
#7773=CARTESIAN_POINT('Ctrl Pts',(-1.37879883347686,1.21010483581324,0.2));
#7774=CARTESIAN_POINT('Ctrl Pts',(-1.36430525324844,1.22019450109469,0.2));
#7775=CARTESIAN_POINT('',(-1.47987140835169,1.18539026955614,0.));
#7776=CARTESIAN_POINT('Origin',(-1.58092462444298,1.18539026955614,0.));
#7777=CARTESIAN_POINT('',(-1.58092462444298,1.18539026955614,0.));
#7778=CARTESIAN_POINT('',(-1.47987140835169,1.18539026955614,0.));
#7779=CARTESIAN_POINT('',(-1.58092462444298,1.18539026955614,0.2));
#7780=CARTESIAN_POINT('',(-1.47987140835169,1.18539026955614,0.2));
#7781=CARTESIAN_POINT('',(-1.58092462444298,1.18539026955614,0.));
#7782=CARTESIAN_POINT('Origin',(-1.58092462444298,1.02521020210328,0.));
#7783=CARTESIAN_POINT('',(-1.58092462444298,1.02521020210328,0.));
#7784=CARTESIAN_POINT('',(-1.58092462444298,1.18539026955614,0.));
#7785=CARTESIAN_POINT('',(-1.58092462444298,1.02521020210328,0.2));
#7786=CARTESIAN_POINT('',(-1.58092462444298,1.18539026955614,0.2));
#7787=CARTESIAN_POINT('',(-1.58092462444298,1.02521020210328,0.));
#7788=CARTESIAN_POINT('Origin',(-1.63306377572705,1.02521020210328,0.));
#7789=CARTESIAN_POINT('',(-1.58092462444298,1.02521020210328,0.));
#7790=CARTESIAN_POINT('',(-1.58092462444298,1.02521020210328,0.2));
#7791=CARTESIAN_POINT('Origin',(-0.151397996323239,1.21898508999924,0.2));
#7792=CARTESIAN_POINT('Origin',(-0.151397996323239,1.21898508999924,0.));
#7793=UNCERTAINTY_MEASURE_WITH_UNIT(LENGTH_MEASURE(0.000393700787401575),
#7798,'DISTANCE_ACCURACY_VALUE',
'Maximum model space distance between geometric entities at asserted c
onnectivities');
#7794=UNCERTAINTY_MEASURE_WITH_UNIT(LENGTH_MEASURE(0.000393700787401575),
#7798,'DISTANCE_ACCURACY_VALUE',
'Maximum model space distance between geometric entities at asserted c
onnectivities');
#7795=(
GEOMETRIC_REPRESENTATION_CONTEXT(3)
GLOBAL_UNCERTAINTY_ASSIGNED_CONTEXT((#7793))
GLOBAL_UNIT_ASSIGNED_CONTEXT((#7798,#7802,#7803))
REPRESENTATION_CONTEXT('','3D')
);
#7796=(
GEOMETRIC_REPRESENTATION_CONTEXT(3)
GLOBAL_UNCERTAINTY_ASSIGNED_CONTEXT((#7794))
GLOBAL_UNIT_ASSIGNED_CONTEXT((#7798,#7802,#7803))
REPRESENTATION_CONTEXT('','3D')
);
#7797=DIMENSIONAL_EXPONENTS(1.,0.,0.,0.,0.,0.,0.);
#7798=(
CONVERSION_BASED_UNIT('inch',#7801)
LENGTH_UNIT()
NAMED_UNIT(#7797)
);
#7799=(
LENGTH_UNIT()
NAMED_UNIT(*)
SI_UNIT(.MILLI.,.METRE.)
);
#7800=(
LENGTH_UNIT()
NAMED_UNIT(*)
SI_UNIT($,.METRE.)
);
#7801=LENGTH_MEASURE_WITH_UNIT(LENGTH_MEASURE(25.4),#7799);
#7802=(
NAMED_UNIT(*)
PLANE_ANGLE_UNIT()
SI_UNIT($,.RADIAN.)
);
#7803=(
NAMED_UNIT(*)
SI_UNIT($,.STERADIAN.)
SOLID_ANGLE_UNIT()
);
#7804=SHAPE_DEFINITION_REPRESENTATION(#7805,#7806);
#7805=PRODUCT_DEFINITION_SHAPE('',$,#7808);
#7806=SHAPE_REPRESENTATION('',(#3825),#7795);
#7807=PRODUCT_DEFINITION_CONTEXT('part definition',#7812,'design');
#7808=PRODUCT_DEFINITION('(Unsaved)','(Unsaved)',#7809,#7807);
#7809=PRODUCT_DEFINITION_FORMATION('',$,#7814);
#7810=PRODUCT_RELATED_PRODUCT_CATEGORY('(Unsaved)','(Unsaved)',(#7814));
#7811=APPLICATION_PROTOCOL_DEFINITION('international standard',
'automotive_design',2009,#7812);
#7812=APPLICATION_CONTEXT(
'Core Data for Automotive Mechanical Design Process');
#7813=PRODUCT_CONTEXT('part definition',#7812,'mechanical');
#7814=PRODUCT('(Unsaved)','(Unsaved)',$,(#7813));
#7815=PRESENTATION_STYLE_ASSIGNMENT((#7816));
#7816=SURFACE_STYLE_USAGE(.BOTH.,#7817);
#7817=SURFACE_SIDE_STYLE('',(#7818));
#7818=SURFACE_STYLE_FILL_AREA(#7819);
#7819=FILL_AREA_STYLE('Steel - Satin',(#7820));
#7820=FILL_AREA_STYLE_COLOUR('Steel - Satin',#7821);
#7821=COLOUR_RGB('Steel - Satin',0.627450980392157,0.627450980392157,0.627450980392157);
ENDSEC;
END-ISO-10303-21;
